
applesoft.s65


   29 T:0000                                    ; --------------------------------
   30 T:0000                                    ;
   31 T:0000                                    ; Applesoft BASIC, V2
   32 T:0000                                    ;
   33 T:0000                                    ; Written by Marc McDonald and Randy Wigginton.
   34 T:0000                                    ;
   35 T:0000                                    ; Original copyright 1976 by Microsoft,
   36 T:0000                                    ; 1977 by Apple Computer.
   37 T:0000                                    ;
   38 T:0000                                    ; Disassembled by (unknown).
   39 T:0000                                    ; Fixed by Chris Mosher.
   40 T:0000                                    ; 
   41 T:0000                                    ; For the cc65.org Assembler (ca65)
   42 T:0000                                    ;
   43 T:0000                                    ; Applesoft BASIC was first written by
   44 T:0000                                    ; Marc McDonald, the first employee of Microsoft,
   45 T:0000                                    ; in mid-1976. That version was bought by Apple
   46 T:0000                                    ; and released (on casette) in Nov. 1977.
   47 T:0000                                    ;
   48 T:0000                                    ; Version 2 was written by Randy Wigginton and
   49 T:0000                                    ; others at Apple in spring 1978. This version
   50 T:0000                                    ; was released in several different forms. The
   51 T:0000                                    ; one reproduced by this source assembly file is
   52 T:0000                                    ; the main-board ROM form, which appeared in the
   53 T:0000                                    ; Apple ][ plus ROM at $D000-$F7FF.
   54 T:0000                                    ;
   55 T:0000                                    ; --------------------------------

   59 T:0000                                    ; --------------------------------
   60 T:0000                                    ; ZERO PAGE LOCATIONS:
   61 T:0000                                    ; --------------------------------
   62 T:0000                                    GOWARM=$00           ; GETS "JMP RESTART"
   63 T:0000                                    GOSTROUT=$03           ; GETS "JMP STROUT"
   64 T:0000                                    USR=$0a           ; GETS "JMP <USER ADDR>"
   65 T:0000                                    ; (INITIALLY $E199)
   66 T:0000                                    CHARAC=$0d           ; ALTERNATE STRING TERMINATOR
   67 T:0000                                    ENDCHR=$0e           ; STRING TERMINATOR
   68 T:0000                                    TKN_CNTR=$0f           ; USED IN PARSE
   69 T:0000                                    EOL_PNTR=$0f           ; USED IN NXLIN
   70 T:0000                                    NUMDIM=$0f           ; USED IN ARRAY ROUTINES
   71 T:0000                                    DIMFLG=$10           ; 
   72 T:0000                                    VALTYP=$11           ; $:VALTYP=$FF; %:VALTYP+1=$80
   73 T:0000                                    DATAFLG=$13           ; USED IN PARSE
   74 T:0000                                    GARFLG=$13           ; USED IN GARBAG
   75 T:0000                                    SUBFLG=$14           ; 
   76 T:0000                                    INPUTFLG=$15           ; = $40 FOR GET, $98 FOR READ
   77 T:0000                                    CPRMASK=$16           ; RECEIVES CPRTYP IN FRMEVL
   78 T:0000                                    SIGNFLG=$16           ; FLAGS SIGN IN TAN
   79 T:0000                                    HGR_SHAPE=$1a           ; 
   80 T:0000                                    HGR_BITS=$1c           ; 
   81 T:0000                                    HGR_COUNT=$1d           ; 
   82 T:0000                                    MON_CH=$24           ; 
   83 T:0000                                    MON_GBASL=$26           ; 
   84 T:0000                                    MON_GBASH=$27           ; 
   85 T:0000                                    MON_H2=$2c           ; 
   86 T:0000                                    MON_V2=$2d           ; 
   87 T:0000                                    MON_HMASK=$30           ; 
   88 T:0000                                    MON_INVFLG=$32           ; 
   89 T:0000                                    MON_PROMPT=$33           ; 
   90 T:0000                                    MON_A1L=$3c           ; USED BY TAPE I/O ROUTINES
   91 T:0000                                    MON_A1H=$3d           ; "
   92 T:0000                                    MON_A2L=$3e           ; "
   93 T:0000                                    MON_A2H=$3f           ; "
   94 T:0000                                    LINNUM=$50           ; CONVERTED LINE #
   95 T:0000                                    TEMPPT=$52           ; LAST USED TEMP STRING DESC
   96 T:0000                                    LASTPT=$53           ; LAST USED TEMP STRING PNTR
   97 T:0000                                    TEMPST=$55           ; HOLDS UP TO 3 DESCRIPTORS
   98 T:0000                                    INDEX=$5e           ; 
   99 T:0000                                    DEST=$60           ; 
  100 T:0000                                    RESULT=$62           ; RESULT OF LAST * OR /
  101 T:0000                                    TXTTAB=$67           ; START OF PROGRAM TEXT
  102 T:0000                                    VARTAB=$69           ; START OF VARIABLE STORAGE
  103 T:0000                                    ARYTAB=$6b           ; START OF ARRAY STORAGE
  104 T:0000                                    STREND=$6d           ; END OF ARRAY STORAGE
  105 T:0000                                    FRETOP=$6f           ; START OF STRING STORAGE
  106 T:0000                                    FRESPC=$71           ; TEMP PNTR, STRING ROUTINES
  107 T:0000                                    MEMSIZ=$73           ; END OF STRING SPACE (HIMEM)
  108 T:0000                                    CURLIN=$75           ; CURRENT LINE NUMBER
  109 T:0000                                    ; ( = $FFXX IF IN DIRECT MODE)
  110 T:0000                                    OLDLIN=$77           ; ADDR. OF LAST LINE EXECUTED
  111 T:0000                                    OLDTEXT=$79           ; 
  112 T:0000                                    DATLIN=$7b           ; LINE # OF CURRENT DATA STT.
  113 T:0000                                    DATPTR=$7d           ; ADDR OF CURRENT DATA STT.
  114 T:0000                                    INPTR=$7f           ; 
  115 T:0000                                    VARNAM=$81           ; NAME OF VARIABLE
  116 T:0000                                    VARPNT=$83           ; ADDR OF VARIABLE
  117 T:0000                                    FORPNT=$85           ; 
  118 T:0000                                    TXPSV=$87           ; USED IN INPUT
  119 T:0000                                    LASTOP=$87           ; SCRATCH FLAG USED IN FRMEVL
  120 T:0000                                    CPRTYP=$89           ; >,=,< FLAG IN FRMEVL
  121 T:0000                                    TEMP3=$8a           ; 
  122 T:0000                                    FNCNAM=$8a           ; 
  123 T:0000                                    DSCPTR=$8c           ; 
  124 T:0000                                    DSCLEN=$8f           ; USED IN GARBAG
  125 T:0000                                    JMPADRS=$90           ; GETS "JMP ...."
  126 T:0000                                    LENGTH=$91           ; USED IN GARBAG
  127 T:0000                                    ARG_EXTENSION=$92           ; FP EXTRA PRECISION
  128 T:0000                                    TEMP1=$93           ; SAVE AREAS FOR FAC
  129 T:0000                                    ARYPNT=$94           ; USED IN GARBAG
  130 T:0000                                    HIGHDS=$94           ; PNTR FOR BLTU
  131 T:0000                                    HIGHTR=$96           ; PNTR FOR BLTU
  132 T:0000                                    TEMP2=$98           ; 
  133 T:0000                                    TMPEXP=$99           ; USED IN FIN (EVAL)
  134 T:0000                                    INDX=$99           ; USED BY ARRAY RTNS
  135 T:0000                                    EXPON=$9a           ; "
  136 T:0000                                    DPFLG=$9b           ; FLAGS DEC PNT IN FIN
  137 T:0000                                    LOWTR=$9b           ; 
  138 T:0000                                    EXPSGN=$9c           ; 
  139 T:0000                                    FAC=$9d           ; MAIN FLT PT ACCUMULATOR
  140 T:0000                                    DSCTMP=$9d           ; 
  141 T:0000                                    VPNT=$a0           ; TEMP VAR PTR
  142 T:0000                                    FAC_SIGN=$a2           ; HOLDS UNPACKED SIGN
  143 T:0000                                    SERLEN=$a3           ; HOLDS LENGTH OF SERIES-1
  144 T:0000                                    SHIFT_SIGN_EXT=$a4           ; SIGN EXTENSION, RIGHT SHIFTS
  145 T:0000                                    ARG=$a5           ; SECONDARY FP ACC
  146 T:0000                                    ARG_SIGN=$aa           ; 
  147 T:0000                                    SGNCPR=$ab           ; FLAGS OPP SIGN IN FP ROUT.
  148 T:0000                                    FAC_EXTENSION=$ac           ; FAC EXTENSION BYTE
  149 T:0000                                    SERPNT=$ad           ; PNTR TO SERIES DATA IN FP
  150 T:0000                                    STRNG1=$ab           ; 
  151 T:0000                                    STRNG2=$ad           ; 
  152 T:0000                                    PRGEND=$af           ; 
  153 T:0000                                    CHRGET=$b1           ; 
  154 T:0000                                    CHRGOT=$b7           ; 
  155 T:0000                                    TXTPTR=$b8           ; 
  156 T:0000                                    RNDSEED=$c9           ; 
  157 T:0000                                    HGR_DX=$d0           ; 
  158 T:0000                                    HGR_DY=$d2           ; 
  159 T:0000                                    HGR_QUADRANT=$d3           ; 
  160 T:0000                                    HGR_E=$d4           ; 
  161 T:0000                                    LOCK=$d6           ; NO USER ACCESS IF > 127
  162 T:0000                                    ERRFLG=$d8           ; $80 IF ON ERR ACTIVE
  163 T:0000                                    ERRLIN=$da           ; LINE # WHERE ERROR OCCURRED
  164 T:0000                                    ERRPOS=$dc           ; TXTPTR SAVE FOR HANDLERR
  165 T:0000                                    ERRNUM=$de           ; WHICH ERROR OCCURRED
  166 T:0000                                    ERRSTK=$df           ; STACK PNTR BEFORE ERROR
  167 T:0000                                    HGR_X=$e0           ; 
  168 T:0000                                    HGR_Y=$e2           ; 
  169 T:0000                                    HGR_COLOR=$e4           ; 
  170 T:0000                                    HGR_HORIZ=$e5           ; BYTE INDEX FROM GBASH,L
  171 T:0000                                    HGR_PAGE=$e6           ; HGR=$20, HGR2=$40
  172 T:0000                                    HGR_SCALE=$e7           ; 
  173 T:0000                                    HGR_SHAPE_PNTR=$e8           ; 
  174 T:0000                                    HGR_COLLISIONS=$ea           ; 
  175 T:0000                                    FIRST=$f0           ; 
  176 T:0000                                    SPEEDZ=$f1           ; OUTPUT SPEED
  177 T:0000                                    TRCFLG=$f2           ; 
  178 T:0000                                    FLASH_BIT=$f3           ; = $40 FOR FLASH, ELSE =$00
  179 T:0000                                    TXTPSV=$f4           ; 
  180 T:0000                                    CURLSV=$f6           ; 
  181 T:0000                                    REMSTK=$f8           ; STACK PNTR BEFORE EACH STT.
  182 T:0000                                    HGR_ROTATION=$f9           ; 
  183 T:0000                                    ; $FF IS ALSO USED BY THE STRING OUT ROUTINES
  184 T:0000                                    ; --------------------------------
  185 T:0000                                    STACK=$0100
  186 T:0000                                    INPUT_BUFFER=$0200
  187 T:0000                                    AMPERSAND_VECTOR=$03f5           ; - 3F7   GETS "JMP ...."
  188 T:0000                                    ; --------------------------------
  189 T:0000                                    ; I/O & SOFT SWITCHES
  190 T:0000                                    ; --------------------------------
  191 T:0000                                    KEYBOARD=$c000
  192 T:0000                                    SW_TXTCLR=$c050
  193 T:0000                                    SW_MIXCLR=$c052
  194 T:0000                                    SW_MIXSET=$c053
  195 T:0000                                    SW_LOWSCR=$c054
  196 T:0000                                    SW_HISCR=$c055
  197 T:0000                                    SW_LORES=$c056
  198 T:0000                                    SW_HIRES=$c057
  199 T:0000                                    ; --------------------------------
  200 T:0000                                    ; MONITOR SUBROUTINES
  201 T:0000                                    ; --------------------------------
  202 T:0000                                    MON_PLOT=$f800
  203 T:0000                                    MON_HLINE=$f819
  204 T:0000                                    MON_VLINE=$f828
  205 T:0000                                    MON_SETCOL=$f864
  206 T:0000                                    MON_SCRN=$f871
  207 T:0000                                    MON_PREAD=$fb1e
  208 T:0000                                    MON_SETTXT=$fb39
  209 T:0000                                    MON_SETGR=$fb40
  210 T:0000                                    MON_TABV=$fb5b
  211 T:0000                                    MON_HOME=$fc58
  212 T:0000                                    MON_WAIT=$fca8
  213 T:0000                                    MON_RD2BIT=$fcfa
  214 T:0000                                    MON_RDKEY=$fd0c
  215 T:0000                                    MON_GETLN=$fd6a
  216 T:0000                                    MON_COUT=$fded
  217 T:0000                                    MON_INPORT=$fe8b
  218 T:0000                                    MON_OUTPORT=$fe95
  219 T:0000                                    MON_WRITE=$fecd
  220 T:0000                                    MON_READ=$fefd
  221 T:0000                                    MON_READ2=$ff02
  222 T:0000                                    ; --------------------------------
  223 T:0000                                    ; --------------------------------
  224 T:0000                                    ; APPLESOFT TOKENS
  225 T:0000                                    ; --------------------------------
  226 T:0000                                    TOKEN_FOR=$81
  227 T:0000                                    TOKENDWTA=$83
  228 T:0000                                    TOKEN_POP=$a1
  229 T:0000                                    TOKEN_GOTO=$ab
  230 T:0000                                    TOKEN_GOSUB=$b0
  231 T:0000                                    TOKEN_REM=$b2
  232 T:0000                                    TOKEN_PRINT=$ba
  233 T:0000                                    TOKEN_TAB=$c0
  234 T:0000                                    TOKEN_TO=$c1
  235 T:0000                                    TOKEN_FN=$c2
  236 T:0000                                    TOKEN_SPC=$c3
  237 T:0000                                    TOKEN_THEN=$c4
  238 T:0000                                    TOKENDB=$c5
  239 T:0000                                    TOKEN_NOT=$c6
  240 T:0000                                    TOKEN_STEP=$c7
  241 T:0000                                    TOKEN_PLUS=$c8
  242 T:0000                                    TOKEN_MINUS=$c9
  243 T:0000                                    TOKEN_GREATER=$cf
  244 T:0000                                    TOKENEQUUAL=$d0
  245 T:0000                                    TOKEN_SGN=$d2
  246 T:0000                                    TOKEN_SCRN=$d7
  247 T:0000                                    TOKEN_LEFTSTR=$e8
  248 T:0000                                    ; --------------------------------
  249 T:0000                                    ; BRANCH TABLE FOR TOKENS
  250 T:0000                                    ; --------------------------------
  251 T:0000  6f 08                    TOKEN_ADDRESS_TABLE .word ENDX-1       ; $80...128...END
  252 T:0002  65 07                              .word FOR-1          ; $81...129...FOR
  253 T:0004  f8 0c                              .word NEXT-1          ; $82...130...NEXT
  254 T:0006  94 09                              .word DATA-1          ; $83...131..DWTA
  255 T:0008  b1 0b                              .word INPUT-1          ; $84...132...INPUT
  256 T:000a  30 23                              .word DEL-1          ; $85...133...DEL
  257 T:000c  d8 0f                              .word DIM-1          ; $86...134...DIM
  258 T:000e  e1 0b                              .word READ-1          ; $87...135...READ
  259 T:0010  8f 23                              .word GR-1          ; $88...136...GR
  260 T:0012  98 23                              .word TEXT-1          ; $89...137...TEXT
  261 T:0014  e4 21                              .word PR_NUMBER-1          ; $8A...138...PR#
  262 T:0016  dd 21                              .word IN_NUMBER-1          ; $8B...139...IN#
  263 T:0018  d4 21                              .word CALL-1          ; $8C...140...CALL
  264 T:001a  24 22                              .word PLOT-1          ; $8D...141...PLOT
  265 T:001c  31 22                              .word HLIN-1          ; $8E...142...HLIN
  266 T:001e  40 22                              .word VLIN-1          ; $8F...143...VLIN
  267 T:0020  d7 23                              .word HGR2-1          ; $90...144...HGR2
  268 T:0022  e1 23                              .word HGR-1          ; $91...145...HGR
  269 T:0024  e8 26                              .word HCOLOR-1          ; $92...146...HCOLOR=
  270 T:0026  fd 26                              .word HPLOT-1          ; $93...147...HPLOT
  271 T:0028  68 27                              .word DRAW-1          ; $94...148...DRAW
  272 T:002a  6e 27                              .word XDRAW-1          ; $95...149...XDRAW
  273 T:002c  e6 27                              .word HTAB-1          ; $96...150...HTAB
  274 T:002e  57 fc                              .word MON_HOME-1          ; $97...151...HOME
  275 T:0030  20 27                              .word ROT-1          ; $98...152...ROT=
  276 T:0032  26 27                              .word SCALE-1          ; $99...153...SCALE=
  277 T:0034  74 27                              .word SHLOAD-1          ; $9A...154...SHLOAD
  278 T:0036  6c 22                              .word TRACE-1          ; $9B...155...TRACE
  279 T:0038  6e 22                              .word NOTRACE-1          ; $9C...156...NOTRACE
  280 T:003a  72 22                              .word NORMAL-1          ; $9D...157...NORMAL
  281 T:003c  76 22                              .word INVERSE-1          ; $9E...158...INVERSE
  282 T:003e  7f 22                              .word FLASH-1          ; $9F...159...FLASH
  283 T:0040  4e 22                              .word COLOR-1          ; $A0...160...COLOR=
  284 T:0042  6a 09                              .word POP-1          ; $A1...161...POP
  285 T:0044  55 22                              .word VTAB-1          ; $A2...162...VTAB
  286 T:0046  85 22                              .word HIMEM-1          ; $A3...163...HIMEM:
  287 T:0048  a5 22                              .word LOMEM-1          ; $A4...164...LOMEM:
  288 T:004a  ca 22                              .word ONERR-1          ; $A5...165...ONERR
  289 T:004c  17 23                              .word RESUME-1          ; $A6...166...RESUME
  290 T:004e  bb 23                              .word RECALL-1          ; $A7...167...RECALL
  291 T:0050  9e 23                              .word STORE-1          ; $A8...168...STORE
  292 T:0052  61 22                              .word SPEED-1          ; $A9...169...SPEED=
  293 T:0054  45 0a                              .word LET-1          ; $AA...170...LET
  294 T:0056  3d 09                              .word GOTO-1          ; $AB...171...GOTO
  295 T:0058  11 09                              .word RUN-1          ; $AC...172...RUN
  296 T:005a  c8 09                              .word IF-1          ; $AD...173...IF
  297 T:005c  48 08                              .word RESTORE-1          ; $AE...174...RESTORE
  298 T:005e  f4 03                              .word AMPERSAND_VECTOR-1          ; $AF...175...&
  299 T:0060  20 09                              .word GOSUB-1          ; $B0...176...GOSUB
  300 T:0062  6a 09                              .word POP-1          ; $B1...177...RETURN
  301 T:0064  db 09                              .word REM-1          ; $B2...178...REM
  302 T:0066  6d 08                              .word STOP-1          ; $B3...179...STOP
  303 T:0068  eb 09                              .word ONGOTO-1          ; $B4...180...ON
  304 T:006a  83 17                              .word WAIT-1          ; $B5...181...WAIT
  305 T:006c  c8 08                              .word LOAD-1          ; $B6...182...LOAD
  306 T:006e  af 08                              .word SAVE-1          ; $B7...183...SAVE
  307 T:0070  12 13                              .word DEF-1          ; $B8...184...DEF
  308 T:0072  7a 17                              .word POKE-1          ; $B9...185...POKE
  309 T:0074  d4 0a                              .word PRINT-1          ; $BA...186...PRINT
  310 T:0076  95 08                              .word CONT-1          ; $BB...187...CONT
  311 T:0078  a4 06                              .word LIST-1          ; $BC...188...LIST
  312 T:007a  69 06                              .word CLEAR-1          ; $BD...189...CLEAR
  313 T:007c  9f 0b                              .word GET-1          ; $BE...190...GET
  314 T:007e  48 06                              .word NEW-1          ; $BF...191...NEW
  315 T:0080                                    ; --------------------------------
  316 T:0080  90 1b                    UNFNC     .word SGN             ; $D2...210...SGN
  317 T:0082  23 1c                              .word INT                ; $D3...211...INT
  318 T:0084  af 1b                              .word ABS                ; $D4...212...ABS
  319 T:0086  0a 00                              .word USR                ; $D5...213...USR
  320 T:0088  de 12                              .word FRE                ; $D6...214...FRE
  321 T:008a  12 04                              .word ERROR                ; $D7...215...SCRN(
  322 T:008c  cd 0f                              .word PDL                ; $D8...216...PDL
  323 T:008e  ff 12                              .word POS                ; $D9...217...POS
  324 T:0090  8d 1e                              .word SQR                ; $DA...218...SQR
  325 T:0092  ae 1f                              .word RND                ; $DB...219...RND
  326 T:0094  41 19                              .word LOG                ; $DC...220...LOG
  327 T:0096  09 1f                              .word EXP                ; $DD...221...EXP
  328 T:0098  ea 1f                              .word COS                ; $DE...222...COS
  329 T:009a  f1 1f                              .word SIN                ; $DF...223...SIN
  330 T:009c  3a 20                              .word TAN                ; $E0...224...TAN
  331 T:009e  9e 20                              .word ATN                ; $E1...225...ATN
  332 T:00a0  64 17                              .word PEEK                ; $E2...226...PEEK
  333 T:00a2  d6 16                              .word LEN                ; $E3...227...LEN
  334 T:00a4  c5 13                              .word STR                ; $E4...228...STR$
  335 T:00a6  07 17                              .word VAL                ; $E5...229...VAL
  336 T:00a8  e5 16                              .word ASC                ; $E6...230...ASC
  337 T:00aa  46 16                              .word CHRSTR                ; $E7...231...CHR$
  338 T:00ac  5a 16                              .word LEFTSTR                ; $E8...232...LEFT$
  339 T:00ae  86 16                              .word RIGHTSTR                ; $E9...233...RIGHT$
  340 T:00b0  91 16                              .word MIDSTR                ; $EA...234...MID$
  341 T:00b2                                    ; --------------------------------
  342 T:00b2                                    ; MATH OPERATOR BRANCH TABLE
  343 T:00b2                                    ; 
  344 T:00b2                                    ; ONE-BYTE PRECEDENCE CODE
  345 T:00b2                                    ; TWO-BYTE ADDRESS
  346 T:00b2                                    ; --------------------------------
  347 T:00b2                                    P_OR=$46           ; "OR" IS LOWEST PRECEDENCE
  348 T:00b2                                    P_AND=$50           ; 
  349 T:00b2                                    P_REL=$64           ; RELATIONAL OPERATORS
  350 T:00b2                                    P_ADD=$79           ; BINARY + AND -
  351 T:00b2                                    P_MUL=$7b           ; * AND /
  352 T:00b2                                    P_PWR=$7d           ; EXPONENTIATION
  353 T:00b2                                    P_NEQ=$7f           ; UNARY - AND COMPARISON =
  354 T:00b2                                    ; --------------------------------
  355 T:00b2  79                       MATHTBL   .byt P_ADD
  356 T:00b3  c0 17                              .word FADDT-1          ; $C8...200...+
  357 T:00b5  79                                 .byt P_ADD
  358 T:00b6  a9 17                              .word FSUBT-1          ; $C9...201...-
  359 T:00b8  7b                                 .byt P_MUL
  360 T:00b9  81 19                              .word FMULTT-1          ; $CA...202...*
  361 T:00bb  7b                                 .byt P_MUL
  362 T:00bc  68 1a                              .word FDIVT-1          ; $CB...203.../
  363 T:00be  7d                                 .byt P_PWR
  364 T:00bf  96 1e                              .word FPWRT-1          ; $CC...204...^
  365 T:00c1  50                                 .byt P_AND
  366 T:00c2  54 0f                              .word ANDOP-1          ; $CD...205...AND
  367 T:00c4  46                                 .byt P_OR
  368 T:00c5  4e 0f                              .word OR-1          ; $CE...206...OR
  369 T:00c7  7f                       M_NEG     .byt P_NEQ
  370 T:00c8  cf 1e                              .word NEGOP-1          ; $CF...207...>
  371 T:00ca  7f                       MEQUU     .byt P_NEQ
  372 T:00cb  97 0e                              .word EQUOP-1          ; $D0...208...=
  373 T:00cd  64                       M_REL     .byt P_REL
  374 T:00ce  64 0f                              .word RELOPS-1          ; $D1...209...<

  376 T:00d0                                    ; --------------------------------
  377 T:00d0                                    ; TOKEN NAME TABLE
  378 T:00d0                                    ; --------------------------------
  379 T:00d0                                    ;

  381 T:00d0  45                       TOKEN_NAME_TABLE .byt ("E"&%01111111)
  382 T:00d1  4e                                 .byt ("N"&%01111111)
  383 T:00d2  c4                                 .byt ("D"|%10000000)
  384 T:00d3                                    ; $80...128
  385 T:00d3  46                                 .byt ("F"&%01111111)
  386 T:00d4  4f                                 .byt ("O"&%01111111)
  387 T:00d5  d2                                 .byt ("R"|%10000000)
  388 T:00d6                                    ; $81...129
  389 T:00d6  4e                                 .byt ("N"&%01111111)
  390 T:00d7  45                                 .byt ("E"&%01111111)
  391 T:00d8  58                                 .byt ("X"&%01111111)
  392 T:00d9  d4                                 .byt ("T"|%10000000)
  393 T:00da                                    ; $82...130
  394 T:00da  44                                 .byt ("D"&%01111111)
  395 T:00db  41                                 .byt ("A"&%01111111)
  396 T:00dc  54                                 .byt ("T"&%01111111)
  397 T:00dd  c1                                 .byt ("A"|%10000000)
  398 T:00de                                    ; $83...131
  399 T:00de  49                                 .byt ("I"&%01111111)
  400 T:00df  4e                                 .byt ("N"&%01111111)
  401 T:00e0  50                                 .byt ("P"&%01111111)
  402 T:00e1  55                                 .byt ("U"&%01111111)
  403 T:00e2  d4                                 .byt ("T"|%10000000)
  404 T:00e3                                    ; $84...132
  405 T:00e3  44                                 .byt ("D"&%01111111)
  406 T:00e4  45                                 .byt ("E"&%01111111)
  407 T:00e5  cc                                 .byt ("L"|%10000000)
  408 T:00e6                                    ; $85...133
  409 T:00e6  44                                 .byt ("D"&%01111111)
  410 T:00e7  49                                 .byt ("I"&%01111111)
  411 T:00e8  cd                                 .byt ("M"|%10000000)
  412 T:00e9                                    ; $86...134
  413 T:00e9  52                                 .byt ("R"&%01111111)
  414 T:00ea  45                                 .byt ("E"&%01111111)
  415 T:00eb  41                                 .byt ("A"&%01111111)
  416 T:00ec  c4                                 .byt ("D"|%10000000)
  417 T:00ed                                    ; $87...135
  418 T:00ed  47                                 .byt ("G"&%01111111)
  419 T:00ee  d2                                 .byt ("R"|%10000000)
  420 T:00ef                                    ; $88...136
  421 T:00ef  54                                 .byt ("T"&%01111111)
  422 T:00f0  45                                 .byt ("E"&%01111111)
  423 T:00f1  58                                 .byt ("X"&%01111111)
  424 T:00f2  d4                                 .byt ("T"|%10000000)
  425 T:00f3                                    ; $89...137
  426 T:00f3  50                                 .byt ("P"&%01111111)
  427 T:00f4  52                                 .byt ("R"&%01111111)
  428 T:00f5  a3                                 .byt ("#"|%10000000)
  429 T:00f6                                    ; $8A...138
  430 T:00f6  49                                 .byt ("I"&%01111111)
  431 T:00f7  4e                                 .byt ("N"&%01111111)
  432 T:00f8  a3                                 .byt ("#"|%10000000)
  433 T:00f9                                    ; $8B...139
  434 T:00f9  43                                 .byt ("C"&%01111111)
  435 T:00fa  41                                 .byt ("A"&%01111111)
  436 T:00fb  4c                                 .byt ("L"&%01111111)
  437 T:00fc  cc                                 .byt ("L"|%10000000)
  438 T:00fd                                    ; $8C...140
  439 T:00fd  50                                 .byt ("P"&%01111111)
  440 T:00fe  4c                                 .byt ("L"&%01111111)
  441 T:00ff  4f                                 .byt ("O"&%01111111)
  442 T:0100  d4                                 .byt ("T"|%10000000)
  443 T:0101                                    ; $8D...141
  444 T:0101  48                                 .byt ("H"&%01111111)
  445 T:0102  4c                                 .byt ("L"&%01111111)
  446 T:0103  49                                 .byt ("I"&%01111111)
  447 T:0104  ce                                 .byt ("N"|%10000000)
  448 T:0105                                    ; $8E...142
  449 T:0105  56                                 .byt ("V"&%01111111)
  450 T:0106  4c                                 .byt ("L"&%01111111)
  451 T:0107  49                                 .byt ("I"&%01111111)
  452 T:0108  ce                                 .byt ("N"|%10000000)
  453 T:0109                                    ; $8F...143
  454 T:0109  48                                 .byt ("H"&%01111111)
  455 T:010a  47                                 .byt ("G"&%01111111)
  456 T:010b  52                                 .byt ("R"&%01111111)
  457 T:010c  b2                                 .byt ("2"|%10000000)
  458 T:010d                                    ; $90...144
  459 T:010d  48                                 .byt ("H"&%01111111)
  460 T:010e  47                                 .byt ("G"&%01111111)
  461 T:010f  d2                                 .byt ("R"|%10000000)
  462 T:0110                                    ; $91...145
  463 T:0110  48                                 .byt ("H"&%01111111)
  464 T:0111  43                                 .byt ("C"&%01111111)
  465 T:0112  4f                                 .byt ("O"&%01111111)
  466 T:0113  4c                                 .byt ("L"&%01111111)
  467 T:0114  4f                                 .byt ("O"&%01111111)
  468 T:0115  52                                 .byt ("R"&%01111111)
  469 T:0116  bd                                 .byt ("="|%10000000)
  470 T:0117                                    ; $92...146
  471 T:0117  48                                 .byt ("H"&%01111111)
  472 T:0118  50                                 .byt ("P"&%01111111)
  473 T:0119  4c                                 .byt ("L"&%01111111)
  474 T:011a  4f                                 .byt ("O"&%01111111)
  475 T:011b  d4                                 .byt ("T"|%10000000)
  476 T:011c                                    ; $93...147
  477 T:011c  44                                 .byt ("D"&%01111111)
  478 T:011d  52                                 .byt ("R"&%01111111)
  479 T:011e  41                                 .byt ("A"&%01111111)
  480 T:011f  d7                                 .byt ("W"|%10000000)
  481 T:0120                                    ; $94...148
  482 T:0120  58                                 .byt ("X"&%01111111)
  483 T:0121  44                                 .byt ("D"&%01111111)
  484 T:0122  52                                 .byt ("R"&%01111111)
  485 T:0123  41                                 .byt ("A"&%01111111)
  486 T:0124  d7                                 .byt ("W"|%10000000)
  487 T:0125                                    ; $95...149
  488 T:0125  48                                 .byt ("H"&%01111111)
  489 T:0126  54                                 .byt ("T"&%01111111)
  490 T:0127  41                                 .byt ("A"&%01111111)
  491 T:0128  c2                                 .byt ("B"|%10000000)
  492 T:0129                                    ; $96...150
  493 T:0129  48                                 .byt ("H"&%01111111)
  494 T:012a  4f                                 .byt ("O"&%01111111)
  495 T:012b  4d                                 .byt ("M"&%01111111)
  496 T:012c  c5                                 .byt ("E"|%10000000)
  497 T:012d                                    ; $97...151
  498 T:012d  52                                 .byt ("R"&%01111111)
  499 T:012e  4f                                 .byt ("O"&%01111111)
  500 T:012f  54                                 .byt ("T"&%01111111)
  501 T:0130  bd                                 .byt ("="|%10000000)
  502 T:0131                                    ; $98...152
  503 T:0131  53                                 .byt ("S"&%01111111)
  504 T:0132  43                                 .byt ("C"&%01111111)
  505 T:0133  41                                 .byt ("A"&%01111111)
  506 T:0134  4c                                 .byt ("L"&%01111111)
  507 T:0135  45                                 .byt ("E"&%01111111)
  508 T:0136  bd                                 .byt ("="|%10000000)
  509 T:0137                                    ; $99...153
  510 T:0137  53                                 .byt ("S"&%01111111)
  511 T:0138  48                                 .byt ("H"&%01111111)
  512 T:0139  4c                                 .byt ("L"&%01111111)
  513 T:013a  4f                                 .byt ("O"&%01111111)
  514 T:013b  41                                 .byt ("A"&%01111111)
  515 T:013c  c4                                 .byt ("D"|%10000000)
  516 T:013d                                    ; $9A...154
  517 T:013d  54                                 .byt ("T"&%01111111)
  518 T:013e  52                                 .byt ("R"&%01111111)
  519 T:013f  41                                 .byt ("A"&%01111111)
  520 T:0140  43                                 .byt ("C"&%01111111)
  521 T:0141  c5                                 .byt ("E"|%10000000)
  522 T:0142                                    ; $9B...155
  523 T:0142  4e                                 .byt ("N"&%01111111)
  524 T:0143  4f                                 .byt ("O"&%01111111)
  525 T:0144  54                                 .byt ("T"&%01111111)
  526 T:0145  52                                 .byt ("R"&%01111111)
  527 T:0146  41                                 .byt ("A"&%01111111)
  528 T:0147  43                                 .byt ("C"&%01111111)
  529 T:0148  c5                                 .byt ("E"|%10000000)
  530 T:0149                                    ; $9C...156
  531 T:0149  4e                                 .byt ("N"&%01111111)
  532 T:014a  4f                                 .byt ("O"&%01111111)
  533 T:014b  52                                 .byt ("R"&%01111111)
  534 T:014c  4d                                 .byt ("M"&%01111111)
  535 T:014d  41                                 .byt ("A"&%01111111)
  536 T:014e  cc                                 .byt ("L"|%10000000)
  537 T:014f                                    ; $9D...157
  538 T:014f  49                                 .byt ("I"&%01111111)
  539 T:0150  4e                                 .byt ("N"&%01111111)
  540 T:0151  56                                 .byt ("V"&%01111111)
  541 T:0152  45                                 .byt ("E"&%01111111)
  542 T:0153  52                                 .byt ("R"&%01111111)
  543 T:0154  53                                 .byt ("S"&%01111111)
  544 T:0155  c5                                 .byt ("E"|%10000000)
  545 T:0156                                    ; $9E...158
  546 T:0156  46                                 .byt ("F"&%01111111)
  547 T:0157  4c                                 .byt ("L"&%01111111)
  548 T:0158  41                                 .byt ("A"&%01111111)
  549 T:0159  53                                 .byt ("S"&%01111111)
  550 T:015a  c8                                 .byt ("H"|%10000000)
  551 T:015b                                    ; $9F...159
  552 T:015b  43                                 .byt ("C"&%01111111)
  553 T:015c  4f                                 .byt ("O"&%01111111)
  554 T:015d  4c                                 .byt ("L"&%01111111)
  555 T:015e  4f                                 .byt ("O"&%01111111)
  556 T:015f  52                                 .byt ("R"&%01111111)
  557 T:0160  bd                                 .byt ("="|%10000000)
  558 T:0161                                    ; $A0...160
  559 T:0161  50                                 .byt ("P"&%01111111)
  560 T:0162  4f                                 .byt ("O"&%01111111)
  561 T:0163  d0                                 .byt ("P"|%10000000)
  562 T:0164                                    ; $A1...161
  563 T:0164  56                                 .byt ("V"&%01111111)
  564 T:0165  54                                 .byt ("T"&%01111111)
  565 T:0166  41                                 .byt ("A"&%01111111)
  566 T:0167  c2                                 .byt ("B"|%10000000)
  567 T:0168                                    ; $A2...162
  568 T:0168  48                                 .byt ("H"&%01111111)
  569 T:0169  49                                 .byt ("I"&%01111111)
  570 T:016a  4d                                 .byt ("M"&%01111111)
  571 T:016b  45                                 .byt ("E"&%01111111)
  572 T:016c  4d                                 .byt ("M"&%01111111)
  573 T:016d  ba                                 .byt (":"|%10000000)
  574 T:016e                                    ; $A3...163
  575 T:016e  4c                                 .byt ("L"&%01111111)
  576 T:016f  4f                                 .byt ("O"&%01111111)
  577 T:0170  4d                                 .byt ("M"&%01111111)
  578 T:0171  45                                 .byt ("E"&%01111111)
  579 T:0172  4d                                 .byt ("M"&%01111111)
  580 T:0173  ba                                 .byt (":"|%10000000)
  581 T:0174                                    ; $A4...164
  582 T:0174  4f                                 .byt ("O"&%01111111)
  583 T:0175  4e                                 .byt ("N"&%01111111)
  584 T:0176  45                                 .byt ("E"&%01111111)
  585 T:0177  52                                 .byt ("R"&%01111111)
  586 T:0178  d2                                 .byt ("R"|%10000000)
  587 T:0179                                    ; $A5...165
  588 T:0179  52                                 .byt ("R"&%01111111)
  589 T:017a  45                                 .byt ("E"&%01111111)
  590 T:017b  53                                 .byt ("S"&%01111111)
  591 T:017c  55                                 .byt ("U"&%01111111)
  592 T:017d  4d                                 .byt ("M"&%01111111)
  593 T:017e  c5                                 .byt ("E"|%10000000)
  594 T:017f                                    ; $A6...166
  595 T:017f  52                                 .byt ("R"&%01111111)
  596 T:0180  45                                 .byt ("E"&%01111111)
  597 T:0181  43                                 .byt ("C"&%01111111)
  598 T:0182  41                                 .byt ("A"&%01111111)
  599 T:0183  4c                                 .byt ("L"&%01111111)
  600 T:0184  cc                                 .byt ("L"|%10000000)
  601 T:0185                                    ; $A7...167
  602 T:0185  53                                 .byt ("S"&%01111111)
  603 T:0186  54                                 .byt ("T"&%01111111)
  604 T:0187  4f                                 .byt ("O"&%01111111)
  605 T:0188  52                                 .byt ("R"&%01111111)
  606 T:0189  c5                                 .byt ("E"|%10000000)
  607 T:018a                                    ; $A8...168
  608 T:018a  53                                 .byt ("S"&%01111111)
  609 T:018b  50                                 .byt ("P"&%01111111)
  610 T:018c  45                                 .byt ("E"&%01111111)
  611 T:018d  45                                 .byt ("E"&%01111111)
  612 T:018e  44                                 .byt ("D"&%01111111)
  613 T:018f  bd                                 .byt ("="|%10000000)
  614 T:0190                                    ; $A9...169
  615 T:0190  4c                                 .byt ("L"&%01111111)
  616 T:0191  45                                 .byt ("E"&%01111111)
  617 T:0192  d4                                 .byt ("T"|%10000000)
  618 T:0193                                    ; $AA...170
  619 T:0193  47                                 .byt ("G"&%01111111)
  620 T:0194  4f                                 .byt ("O"&%01111111)
  621 T:0195  54                                 .byt ("T"&%01111111)
  622 T:0196  cf                                 .byt ("O"|%10000000)
  623 T:0197                                    ; $AB...171
  624 T:0197  52                                 .byt ("R"&%01111111)
  625 T:0198  55                                 .byt ("U"&%01111111)
  626 T:0199  ce                                 .byt ("N"|%10000000)
  627 T:019a                                    ; $AC...172
  628 T:019a  49                                 .byt ("I"&%01111111)
  629 T:019b  c6                                 .byt ("F"|%10000000)
  630 T:019c                                    ; $AD...173
  631 T:019c  52                                 .byt ("R"&%01111111)
  632 T:019d  45                                 .byt ("E"&%01111111)
  633 T:019e  53                                 .byt ("S"&%01111111)
  634 T:019f  54                                 .byt ("T"&%01111111)
  635 T:01a0  4f                                 .byt ("O"&%01111111)
  636 T:01a1  52                                 .byt ("R"&%01111111)
  637 T:01a2  c5                                 .byt ("E"|%10000000)
  638 T:01a3                                    ; $AE...174
  639 T:01a3  a6                                 .byt ("&"|%10000000)
  640 T:01a4                                    ; $AF...175
  641 T:01a4  47                                 .byt ("G"&%01111111)
  642 T:01a5  4f                                 .byt ("O"&%01111111)
  643 T:01a6  53                                 .byt ("S"&%01111111)
  644 T:01a7  55                                 .byt ("U"&%01111111)
  645 T:01a8  c2                                 .byt ("B"|%10000000)
  646 T:01a9                                    ; $B0...176
  647 T:01a9  52                                 .byt ("R"&%01111111)
  648 T:01aa  45                                 .byt ("E"&%01111111)
  649 T:01ab  54                                 .byt ("T"&%01111111)
  650 T:01ac  55                                 .byt ("U"&%01111111)
  651 T:01ad  52                                 .byt ("R"&%01111111)
  652 T:01ae  ce                                 .byt ("N"|%10000000)
  653 T:01af                                    ; $B1...177
  654 T:01af  52                                 .byt ("R"&%01111111)
  655 T:01b0  45                                 .byt ("E"&%01111111)
  656 T:01b1  cd                                 .byt ("M"|%10000000)
  657 T:01b2                                    ; $B2...178
  658 T:01b2  53                                 .byt ("S"&%01111111)
  659 T:01b3  54                                 .byt ("T"&%01111111)
  660 T:01b4  4f                                 .byt ("O"&%01111111)
  661 T:01b5  d0                                 .byt ("P"|%10000000)
  662 T:01b6                                    ; $B3...179
  663 T:01b6  4f                                 .byt ("O"&%01111111)
  664 T:01b7  ce                                 .byt ("N"|%10000000)
  665 T:01b8                                    ; $B4...180
  666 T:01b8  57                                 .byt ("W"&%01111111)
  667 T:01b9  41                                 .byt ("A"&%01111111)
  668 T:01ba  49                                 .byt ("I"&%01111111)
  669 T:01bb  d4                                 .byt ("T"|%10000000)
  670 T:01bc                                    ; $B5...181
  671 T:01bc  4c                                 .byt ("L"&%01111111)
  672 T:01bd  4f                                 .byt ("O"&%01111111)
  673 T:01be  41                                 .byt ("A"&%01111111)
  674 T:01bf  c4                                 .byt ("D"|%10000000)
  675 T:01c0                                    ; $B6...182
  676 T:01c0  53                                 .byt ("S"&%01111111)
  677 T:01c1  41                                 .byt ("A"&%01111111)
  678 T:01c2  56                                 .byt ("V"&%01111111)
  679 T:01c3  c5                                 .byt ("E"|%10000000)
  680 T:01c4                                    ; $B7...183
  681 T:01c4  44                                 .byt ("D"&%01111111)
  682 T:01c5  45                                 .byt ("E"&%01111111)
  683 T:01c6  c6                                 .byt ("F"|%10000000)
  684 T:01c7                                    ; $B8...184
  685 T:01c7  50                                 .byt ("P"&%01111111)
  686 T:01c8  4f                                 .byt ("O"&%01111111)
  687 T:01c9  4b                                 .byt ("K"&%01111111)
  688 T:01ca  c5                                 .byt ("E"|%10000000)
  689 T:01cb                                    ; $B9...185
  690 T:01cb  50                                 .byt ("P"&%01111111)
  691 T:01cc  52                                 .byt ("R"&%01111111)
  692 T:01cd  49                                 .byt ("I"&%01111111)
  693 T:01ce  4e                                 .byt ("N"&%01111111)
  694 T:01cf  d4                                 .byt ("T"|%10000000)
  695 T:01d0                                    ; $BA...186
  696 T:01d0  43                                 .byt ("C"&%01111111)
  697 T:01d1  4f                                 .byt ("O"&%01111111)
  698 T:01d2  4e                                 .byt ("N"&%01111111)
  699 T:01d3  d4                                 .byt ("T"|%10000000)
  700 T:01d4                                    ; $BB...187
  701 T:01d4  4c                                 .byt ("L"&%01111111)
  702 T:01d5  49                                 .byt ("I"&%01111111)
  703 T:01d6  53                                 .byt ("S"&%01111111)
  704 T:01d7  d4                                 .byt ("T"|%10000000)
  705 T:01d8                                    ; $BC...188
  706 T:01d8  43                                 .byt ("C"&%01111111)
  707 T:01d9  4c                                 .byt ("L"&%01111111)
  708 T:01da  45                                 .byt ("E"&%01111111)
  709 T:01db  41                                 .byt ("A"&%01111111)
  710 T:01dc  d2                                 .byt ("R"|%10000000)
  711 T:01dd                                    ; $BD...189
  712 T:01dd  47                                 .byt ("G"&%01111111)
  713 T:01de  45                                 .byt ("E"&%01111111)
  714 T:01df  d4                                 .byt ("T"|%10000000)
  715 T:01e0                                    ; $BE...190
  716 T:01e0  4e                                 .byt ("N"&%01111111)
  717 T:01e1  45                                 .byt ("E"&%01111111)
  718 T:01e2  d7                                 .byt ("W"|%10000000)
  719 T:01e3                                    ; $BF...191
  720 T:01e3  54                                 .byt ("T"&%01111111)
  721 T:01e4  41                                 .byt ("A"&%01111111)
  722 T:01e5  42                                 .byt ("B"&%01111111)
  723 T:01e6                                    ; $C0...192
  724 T:01e6  a8                                 .byt $a8
  725 T:01e7  54                                 .byt ("T"&%01111111)
  726 T:01e8  cf                                 .byt ("O"|%10000000)
  727 T:01e9                                    ; $C1...193
  728 T:01e9  46                                 .byt ("F"&%01111111)
  729 T:01ea  ce                                 .byt ("N"|%10000000)
  730 T:01eb                                    ; $C2...194
  731 T:01eb  53                                 .byt ("S"&%01111111)
  732 T:01ec  50                                 .byt ("P"&%01111111)
  733 T:01ed  43                                 .byt ("C"&%01111111)
  734 T:01ee                                    ; $C3...195
  735 T:01ee  a8                                 .byt $a8
  736 T:01ef  54                                 .byt ("T"&%01111111)
  737 T:01f0  48                                 .byt ("H"&%01111111)
  738 T:01f1  45                                 .byt ("E"&%01111111)
  739 T:01f2  ce                                 .byt ("N"|%10000000)
  740 T:01f3                                    ; $C4...196
  741 T:01f3  41                                 .byt ("A"&%01111111)
  742 T:01f4  d4                                 .byt ("T"|%10000000)
  743 T:01f5                                    ; $C5...197
  744 T:01f5  4e                                 .byt ("N"&%01111111)
  745 T:01f6  4f                                 .byt ("O"&%01111111)
  746 T:01f7  d4                                 .byt ("T"|%10000000)
  747 T:01f8                                    ; $C6...198
  748 T:01f8  53                                 .byt ("S"&%01111111)
  749 T:01f9  54                                 .byt ("T"&%01111111)
  750 T:01fa  45                                 .byt ("E"&%01111111)
  751 T:01fb  d0                                 .byt ("P"|%10000000)
  752 T:01fc                                    ; $C7...199
  753 T:01fc  ab                                 .byt ("+"|%10000000)
  754 T:01fd                                    ; $C8...200
  755 T:01fd  ad                                 .byt ("-"|%10000000)
  756 T:01fe                                    ; $C9...201
  757 T:01fe  aa                                 .byt ("*"|%10000000)
  758 T:01ff                                    ; $CA...202
  759 T:01ff  af                                 .byt ("/"|%10000000)
  760 T:0200                                    ; $CB...203
  761 T:0200  de                                 .byt $de
  762 T:0201                                    ;                    LHASCII(`^')                     ; $CC...204
  763 T:0201  41                                 .byt ("A"&%01111111)
  764 T:0202  4e                                 .byt ("N"&%01111111)
  765 T:0203  c4                                 .byt ("D"|%10000000)
  766 T:0204                                    ; $CD...205
  767 T:0204  4f                                 .byt ("O"&%01111111)
  768 T:0205  d2                                 .byt ("R"|%10000000)
  769 T:0206                                    ; $CE...206
  770 T:0206  be                                 .byt (">"|%10000000)
  771 T:0207                                    ; $CF...207
  772 T:0207  bd                                 .byt ("="|%10000000)
  773 T:0208                                    ; $D0...208
  774 T:0208  bc                                 .byt ("<"|%10000000)
  775 T:0209                                    ; $D1...209
  776 T:0209  53                                 .byt ("S"&%01111111)
  777 T:020a  47                                 .byt ("G"&%01111111)
  778 T:020b  ce                                 .byt ("N"|%10000000)
  779 T:020c                                    ; $D2...210
  780 T:020c  49                                 .byt ("I"&%01111111)
  781 T:020d  4e                                 .byt ("N"&%01111111)
  782 T:020e  d4                                 .byt ("T"|%10000000)
  783 T:020f                                    ; $D3...211
  784 T:020f  41                                 .byt ("A"&%01111111)
  785 T:0210  42                                 .byt ("B"&%01111111)
  786 T:0211  d3                                 .byt ("S"|%10000000)
  787 T:0212                                    ; $D4...212
  788 T:0212  55                                 .byt ("U"&%01111111)
  789 T:0213  53                                 .byt ("S"&%01111111)
  790 T:0214  d2                                 .byt ("R"|%10000000)
  791 T:0215                                    ; $D5...213
  792 T:0215  46                                 .byt ("F"&%01111111)
  793 T:0216  52                                 .byt ("R"&%01111111)
  794 T:0217  c5                                 .byt ("E"|%10000000)
  795 T:0218                                    ; $D6...214
  796 T:0218  53                                 .byt ("S"&%01111111)
  797 T:0219  43                                 .byt ("C"&%01111111)
  798 T:021a  52                                 .byt ("R"&%01111111)
  799 T:021b  4e                                 .byt ("N"&%01111111)
  800 T:021c                                    ; $D7...215
  801 T:021c  a8                                 .byt $a8
  802 T:021d  50                                 .byt ("P"&%01111111)
  803 T:021e  44                                 .byt ("D"&%01111111)
  804 T:021f  cc                                 .byt ("L"|%10000000)
  805 T:0220                                    ; $D8...216
  806 T:0220  50                                 .byt ("P"&%01111111)
  807 T:0221  4f                                 .byt ("O"&%01111111)
  808 T:0222  d3                                 .byt ("S"|%10000000)
  809 T:0223                                    ; $D9...217
  810 T:0223  53                                 .byt ("S"&%01111111)
  811 T:0224  51                                 .byt ("Q"&%01111111)
  812 T:0225  d2                                 .byt ("R"|%10000000)
  813 T:0226                                    ; $DA...218
  814 T:0226  52                                 .byt ("R"&%01111111)
  815 T:0227  4e                                 .byt ("N"&%01111111)
  816 T:0228  c4                                 .byt ("D"|%10000000)
  817 T:0229                                    ; $DB...219
  818 T:0229  4c                                 .byt ("L"&%01111111)
  819 T:022a  4f                                 .byt ("O"&%01111111)
  820 T:022b  c7                                 .byt ("G"|%10000000)
  821 T:022c                                    ; $DC...220
  822 T:022c  45                                 .byt ("E"&%01111111)
  823 T:022d  58                                 .byt ("X"&%01111111)
  824 T:022e  d0                                 .byt ("P"|%10000000)
  825 T:022f                                    ; $DD...221
  826 T:022f  43                                 .byt ("C"&%01111111)
  827 T:0230  4f                                 .byt ("O"&%01111111)
  828 T:0231  d3                                 .byt ("S"|%10000000)
  829 T:0232                                    ; $DE...222
  830 T:0232  53                                 .byt ("S"&%01111111)
  831 T:0233  49                                 .byt ("I"&%01111111)
  832 T:0234  ce                                 .byt ("N"|%10000000)
  833 T:0235                                    ; $DF...223
  834 T:0235  54                                 .byt ("T"&%01111111)
  835 T:0236  41                                 .byt ("A"&%01111111)
  836 T:0237  ce                                 .byt ("N"|%10000000)
  837 T:0238                                    ; $E0...224
  838 T:0238  41                                 .byt ("A"&%01111111)
  839 T:0239  54                                 .byt ("T"&%01111111)
  840 T:023a  ce                                 .byt ("N"|%10000000)
  841 T:023b                                    ; $E1...225
  842 T:023b  50                                 .byt ("P"&%01111111)
  843 T:023c  45                                 .byt ("E"&%01111111)
  844 T:023d  45                                 .byt ("E"&%01111111)
  845 T:023e  cb                                 .byt ("K"|%10000000)
  846 T:023f                                    ; $E2...226
  847 T:023f  4c                                 .byt ("L"&%01111111)
  848 T:0240  45                                 .byt ("E"&%01111111)
  849 T:0241  ce                                 .byt ("N"|%10000000)
  850 T:0242                                    ; $E3...227
  851 T:0242  53                                 .byt ("S"&%01111111)
  852 T:0243  54                                 .byt ("T"&%01111111)
  853 T:0244  52                                 .byt ("R"&%01111111)
  854 T:0245  a4                                 .byt ("$"|%10000000)
  855 T:0246                                    ; $E4...228
  856 T:0246  56                                 .byt ("V"&%01111111)
  857 T:0247  41                                 .byt ("A"&%01111111)
  858 T:0248  cc                                 .byt ("L"|%10000000)
  859 T:0249                                    ; $E5...229
  860 T:0249  41                                 .byt ("A"&%01111111)
  861 T:024a  53                                 .byt ("S"&%01111111)
  862 T:024b  c3                                 .byt ("C"|%10000000)
  863 T:024c                                    ; $E6...230
  864 T:024c  43                                 .byt ("C"&%01111111)
  865 T:024d  48                                 .byt ("H"&%01111111)
  866 T:024e  52                                 .byt ("R"&%01111111)
  867 T:024f  a4                                 .byt ("$"|%10000000)
  868 T:0250                                    ; $E7...231
  869 T:0250  4c                                 .byt ("L"&%01111111)
  870 T:0251  45                                 .byt ("E"&%01111111)
  871 T:0252  46                                 .byt ("F"&%01111111)
  872 T:0253  54                                 .byt ("T"&%01111111)
  873 T:0254  a4                                 .byt ("$"|%10000000)
  874 T:0255                                    ; $E8...232
  875 T:0255  52                                 .byt ("R"&%01111111)
  876 T:0256  49                                 .byt ("I"&%01111111)
  877 T:0257  47                                 .byt ("G"&%01111111)
  878 T:0258  48                                 .byt ("H"&%01111111)
  879 T:0259  54                                 .byt ("T"&%01111111)
  880 T:025a  a4                                 .byt ("$"|%10000000)
  881 T:025b                                    ; $E9...233
  882 T:025b  4d                                 .byt ("M"&%01111111)
  883 T:025c  49                                 .byt ("I"&%01111111)
  884 T:025d  44                                 .byt ("D"&%01111111)
  885 T:025e  a4                                 .byt ("$"|%10000000)
  886 T:025f                                    ; $EA...234

  888 T:025f  00                                 .byt 0              ; END OF TOKEN NAME TABLE
  889 T:0260                                    ; --------------------------------
  890 T:0260                                    ; --------------------------------
  891 T:0260                                    ; ERROR MESSAGES
  892 T:0260                                    ; --------------------------------
  893 T:0260                           ERROR_MESSAGES 
  894 T:0260                                    ERR_NOFOR=*-ERROR_MESSAGES
  895 T:0260  4e                                 .byt ("N"&%01111111)
  896 T:0261  45                                 .byt ("E"&%01111111)
  897 T:0262  58                                 .byt ("X"&%01111111)
  898 T:0263  54                                 .byt ("T"&%01111111)
  899 T:0264  20                                 .byt (" "&%01111111)
  900 T:0265  57                                 .byt ("W"&%01111111)
  901 T:0266  49                                 .byt ("I"&%01111111)
  902 T:0267  54                                 .byt ("T"&%01111111)
  903 T:0268  48                                 .byt ("H"&%01111111)
  904 T:0269  4f                                 .byt ("O"&%01111111)
  905 T:026a  55                                 .byt ("U"&%01111111)
  906 T:026b  54                                 .byt ("T"&%01111111)
  907 T:026c  20                                 .byt (" "&%01111111)
  908 T:026d  46                                 .byt ("F"&%01111111)
  909 T:026e  4f                                 .byt ("O"&%01111111)
  910 T:026f  d2                                 .byt ("R"|%10000000)

  912 T:0270                                    ERR_SYNTAX=*-ERROR_MESSAGES
  913 T:0270  53                                 .byt ("S"&%01111111)
  914 T:0271  59                                 .byt ("Y"&%01111111)
  915 T:0272  4e                                 .byt ("N"&%01111111)
  916 T:0273  54                                 .byt ("T"&%01111111)
  917 T:0274  41                                 .byt ("A"&%01111111)
  918 T:0275  d8                                 .byt ("X"|%10000000)

  920 T:0276                                    ERR_NOGOSUB=*-ERROR_MESSAGES
  921 T:0276  52                                 .byt ("R"&%01111111)
  922 T:0277  45                                 .byt ("E"&%01111111)
  923 T:0278  54                                 .byt ("T"&%01111111)
  924 T:0279  55                                 .byt ("U"&%01111111)
  925 T:027a  52                                 .byt ("R"&%01111111)
  926 T:027b  4e                                 .byt ("N"&%01111111)
  927 T:027c  20                                 .byt (" "&%01111111)
  928 T:027d  57                                 .byt ("W"&%01111111)
  929 T:027e  49                                 .byt ("I"&%01111111)
  930 T:027f  54                                 .byt ("T"&%01111111)
  931 T:0280  48                                 .byt ("H"&%01111111)
  932 T:0281  4f                                 .byt ("O"&%01111111)
  933 T:0282  55                                 .byt ("U"&%01111111)
  934 T:0283  54                                 .byt ("T"&%01111111)
  935 T:0284  20                                 .byt (" "&%01111111)
  936 T:0285  47                                 .byt ("G"&%01111111)
  937 T:0286  4f                                 .byt ("O"&%01111111)
  938 T:0287  53                                 .byt ("S"&%01111111)
  939 T:0288  55                                 .byt ("U"&%01111111)
  940 T:0289  c2                                 .byt ("B"|%10000000)

  942 T:028a                                    ERR_NODATA=*-ERROR_MESSAGES
  943 T:028a  4f                                 .byt ("O"&%01111111)
  944 T:028b  55                                 .byt ("U"&%01111111)
  945 T:028c  54                                 .byt ("T"&%01111111)
  946 T:028d  20                                 .byt (" "&%01111111)
  947 T:028e  4f                                 .byt ("O"&%01111111)
  948 T:028f  46                                 .byt ("F"&%01111111)
  949 T:0290  20                                 .byt (" "&%01111111)
  950 T:0291  44                                 .byt ("D"&%01111111)
  951 T:0292  41                                 .byt ("A"&%01111111)
  952 T:0293  54                                 .byt ("T"&%01111111)
  953 T:0294  c1                                 .byt ("A"|%10000000)

  955 T:0295                                    ERR_ILLQTY=*-ERROR_MESSAGES
  956 T:0295  49                                 .byt ("I"&%01111111)
  957 T:0296  4c                                 .byt ("L"&%01111111)
  958 T:0297  4c                                 .byt ("L"&%01111111)
  959 T:0298  45                                 .byt ("E"&%01111111)
  960 T:0299  47                                 .byt ("G"&%01111111)
  961 T:029a  41                                 .byt ("A"&%01111111)
  962 T:029b  4c                                 .byt ("L"&%01111111)
  963 T:029c  20                                 .byt (" "&%01111111)
  964 T:029d  51                                 .byt ("Q"&%01111111)
  965 T:029e  55                                 .byt ("U"&%01111111)
  966 T:029f  41                                 .byt ("A"&%01111111)
  967 T:02a0  4e                                 .byt ("N"&%01111111)
  968 T:02a1  54                                 .byt ("T"&%01111111)
  969 T:02a2  49                                 .byt ("I"&%01111111)
  970 T:02a3  54                                 .byt ("T"&%01111111)
  971 T:02a4  d9                                 .byt ("Y"|%10000000)

  973 T:02a5                                    ERR_OVERFLOW=*-ERROR_MESSAGES
  974 T:02a5  4f                                 .byt ("O"&%01111111)
  975 T:02a6  56                                 .byt ("V"&%01111111)
  976 T:02a7  45                                 .byt ("E"&%01111111)
  977 T:02a8  52                                 .byt ("R"&%01111111)
  978 T:02a9  46                                 .byt ("F"&%01111111)
  979 T:02aa  4c                                 .byt ("L"&%01111111)
  980 T:02ab  4f                                 .byt ("O"&%01111111)
  981 T:02ac  d7                                 .byt ("W"|%10000000)

  983 T:02ad                                    ERR_MEMFULL=*-ERROR_MESSAGES
  984 T:02ad  4f                                 .byt ("O"&%01111111)
  985 T:02ae  55                                 .byt ("U"&%01111111)
  986 T:02af  54                                 .byt ("T"&%01111111)
  987 T:02b0  20                                 .byt (" "&%01111111)
  988 T:02b1  4f                                 .byt ("O"&%01111111)
  989 T:02b2  46                                 .byt ("F"&%01111111)
  990 T:02b3  20                                 .byt (" "&%01111111)
  991 T:02b4  4d                                 .byt ("M"&%01111111)
  992 T:02b5  45                                 .byt ("E"&%01111111)
  993 T:02b6  4d                                 .byt ("M"&%01111111)
  994 T:02b7  4f                                 .byt ("O"&%01111111)
  995 T:02b8  52                                 .byt ("R"&%01111111)
  996 T:02b9  d9                                 .byt ("Y"|%10000000)

  998 T:02ba                                    ERR_UNDEFSTAT=*-ERROR_MESSAGES
  999 T:02ba  55                                 .byt ("U"&%01111111)
 1000 T:02bb  4e                                 .byt ("N"&%01111111)
 1001 T:02bc  44                                 .byt ("D"&%01111111)
 1002 T:02bd  45                                 .byt ("E"&%01111111)
 1003 T:02be  46                                 .byt ("F"&%01111111)

 1005 T:02bf  27                                 .byt $27
 1006 T:02c0  44                                 .byt ("D"&%01111111)
 1007 T:02c1  20                                 .byt (" "&%01111111)
 1008 T:02c2  53                                 .byt ("S"&%01111111)
 1009 T:02c3  54                                 .byt ("T"&%01111111)
 1010 T:02c4  41                                 .byt ("A"&%01111111)
 1011 T:02c5  54                                 .byt ("T"&%01111111)
 1012 T:02c6  45                                 .byt ("E"&%01111111)
 1013 T:02c7  4d                                 .byt ("M"&%01111111)
 1014 T:02c8  45                                 .byt ("E"&%01111111)
 1015 T:02c9  4e                                 .byt ("N"&%01111111)
 1016 T:02ca  d4                                 .byt ("T"|%10000000)

 1018 T:02cb                                    ERR_BADSUBS=*-ERROR_MESSAGES
 1019 T:02cb  42                                 .byt ("B"&%01111111)
 1020 T:02cc  41                                 .byt ("A"&%01111111)
 1021 T:02cd  44                                 .byt ("D"&%01111111)
 1022 T:02ce  20                                 .byt (" "&%01111111)
 1023 T:02cf  53                                 .byt ("S"&%01111111)
 1024 T:02d0  55                                 .byt ("U"&%01111111)
 1025 T:02d1  42                                 .byt ("B"&%01111111)
 1026 T:02d2  53                                 .byt ("S"&%01111111)
 1027 T:02d3  43                                 .byt ("C"&%01111111)
 1028 T:02d4  52                                 .byt ("R"&%01111111)
 1029 T:02d5  49                                 .byt ("I"&%01111111)
 1030 T:02d6  50                                 .byt ("P"&%01111111)
 1031 T:02d7  d4                                 .byt ("T"|%10000000)

 1033 T:02d8                                    ERR_REDIMD=*-ERROR_MESSAGES
 1034 T:02d8  52                                 .byt ("R"&%01111111)
 1035 T:02d9  45                                 .byt ("E"&%01111111)
 1036 T:02da  44                                 .byt ("D"&%01111111)
 1037 T:02db  49                                 .byt ("I"&%01111111)
 1038 T:02dc  4d                                 .byt ("M"&%01111111)

 1040 T:02dd  27                                 .byt $27
 1041 T:02de  44                                 .byt ("D"&%01111111)
 1042 T:02df  20                                 .byt (" "&%01111111)
 1043 T:02e0  41                                 .byt ("A"&%01111111)
 1044 T:02e1  52                                 .byt ("R"&%01111111)
 1045 T:02e2  52                                 .byt ("R"&%01111111)
 1046 T:02e3  41                                 .byt ("A"&%01111111)
 1047 T:02e4  d9                                 .byt ("Y"|%10000000)

 1049 T:02e5                                    ERR_ZERODIV=*-ERROR_MESSAGES
 1050 T:02e5  44                                 .byt ("D"&%01111111)
 1051 T:02e6  49                                 .byt ("I"&%01111111)
 1052 T:02e7  56                                 .byt ("V"&%01111111)
 1053 T:02e8  49                                 .byt ("I"&%01111111)
 1054 T:02e9  53                                 .byt ("S"&%01111111)
 1055 T:02ea  49                                 .byt ("I"&%01111111)
 1056 T:02eb  4f                                 .byt ("O"&%01111111)
 1057 T:02ec  4e                                 .byt ("N"&%01111111)
 1058 T:02ed  20                                 .byt (" "&%01111111)
 1059 T:02ee  42                                 .byt ("B"&%01111111)
 1060 T:02ef  59                                 .byt ("Y"&%01111111)
 1061 T:02f0  20                                 .byt (" "&%01111111)
 1062 T:02f1  5a                                 .byt ("Z"&%01111111)
 1063 T:02f2  45                                 .byt ("E"&%01111111)
 1064 T:02f3  52                                 .byt ("R"&%01111111)
 1065 T:02f4  cf                                 .byt ("O"|%10000000)

 1067 T:02f5                                    ERR_ILLDIR=*-ERROR_MESSAGES
 1068 T:02f5  49                                 .byt ("I"&%01111111)
 1069 T:02f6  4c                                 .byt ("L"&%01111111)
 1070 T:02f7  4c                                 .byt ("L"&%01111111)
 1071 T:02f8  45                                 .byt ("E"&%01111111)
 1072 T:02f9  47                                 .byt ("G"&%01111111)
 1073 T:02fa  41                                 .byt ("A"&%01111111)
 1074 T:02fb  4c                                 .byt ("L"&%01111111)
 1075 T:02fc  20                                 .byt (" "&%01111111)
 1076 T:02fd  44                                 .byt ("D"&%01111111)
 1077 T:02fe  49                                 .byt ("I"&%01111111)
 1078 T:02ff  52                                 .byt ("R"&%01111111)
 1079 T:0300  45                                 .byt ("E"&%01111111)
 1080 T:0301  43                                 .byt ("C"&%01111111)
 1081 T:0302  d4                                 .byt ("T"|%10000000)

 1083 T:0303                                    ERR_BADTYPE=*-ERROR_MESSAGES
 1084 T:0303  54                                 .byt ("T"&%01111111)
 1085 T:0304  59                                 .byt ("Y"&%01111111)
 1086 T:0305  50                                 .byt ("P"&%01111111)
 1087 T:0306  45                                 .byt ("E"&%01111111)
 1088 T:0307  20                                 .byt (" "&%01111111)
 1089 T:0308  4d                                 .byt ("M"&%01111111)
 1090 T:0309  49                                 .byt ("I"&%01111111)
 1091 T:030a  53                                 .byt ("S"&%01111111)
 1092 T:030b  4d                                 .byt ("M"&%01111111)
 1093 T:030c  41                                 .byt ("A"&%01111111)
 1094 T:030d  54                                 .byt ("T"&%01111111)
 1095 T:030e  43                                 .byt ("C"&%01111111)
 1096 T:030f  c8                                 .byt ("H"|%10000000)

 1098 T:0310                                    ERR_STRLONG=*-ERROR_MESSAGES
 1099 T:0310  53                                 .byt ("S"&%01111111)
 1100 T:0311  54                                 .byt ("T"&%01111111)
 1101 T:0312  52                                 .byt ("R"&%01111111)
 1102 T:0313  49                                 .byt ("I"&%01111111)
 1103 T:0314  4e                                 .byt ("N"&%01111111)
 1104 T:0315  47                                 .byt ("G"&%01111111)
 1105 T:0316  20                                 .byt (" "&%01111111)
 1106 T:0317  54                                 .byt ("T"&%01111111)
 1107 T:0318  4f                                 .byt ("O"&%01111111)
 1108 T:0319  4f                                 .byt ("O"&%01111111)
 1109 T:031a  20                                 .byt (" "&%01111111)
 1110 T:031b  4c                                 .byt ("L"&%01111111)
 1111 T:031c  4f                                 .byt ("O"&%01111111)
 1112 T:031d  4e                                 .byt ("N"&%01111111)
 1113 T:031e  c7                                 .byt ("G"|%10000000)

 1115 T:031f                                    ERR_FRMCPX=*-ERROR_MESSAGES
 1116 T:031f  46                                 .byt ("F"&%01111111)
 1117 T:0320  4f                                 .byt ("O"&%01111111)
 1118 T:0321  52                                 .byt ("R"&%01111111)
 1119 T:0322  4d                                 .byt ("M"&%01111111)
 1120 T:0323  55                                 .byt ("U"&%01111111)
 1121 T:0324  4c                                 .byt ("L"&%01111111)
 1122 T:0325  41                                 .byt ("A"&%01111111)
 1123 T:0326  20                                 .byt (" "&%01111111)
 1124 T:0327  54                                 .byt ("T"&%01111111)
 1125 T:0328  4f                                 .byt ("O"&%01111111)
 1126 T:0329  4f                                 .byt ("O"&%01111111)
 1127 T:032a  20                                 .byt (" "&%01111111)
 1128 T:032b  43                                 .byt ("C"&%01111111)
 1129 T:032c  4f                                 .byt ("O"&%01111111)
 1130 T:032d  4d                                 .byt ("M"&%01111111)
 1131 T:032e  50                                 .byt ("P"&%01111111)
 1132 T:032f  4c                                 .byt ("L"&%01111111)
 1133 T:0330  45                                 .byt ("E"&%01111111)
 1134 T:0331  d8                                 .byt ("X"|%10000000)

 1136 T:0332                                    ERR_CANTCONT=*-ERROR_MESSAGES
 1137 T:0332  43                                 .byt ("C"&%01111111)
 1138 T:0333  41                                 .byt ("A"&%01111111)
 1139 T:0334  4e                                 .byt ("N"&%01111111)

 1141 T:0335  27                                 .byt $27
 1142 T:0336  54                                 .byt ("T"&%01111111)
 1143 T:0337  20                                 .byt (" "&%01111111)
 1144 T:0338  43                                 .byt ("C"&%01111111)
 1145 T:0339  4f                                 .byt ("O"&%01111111)
 1146 T:033a  4e                                 .byt ("N"&%01111111)
 1147 T:033b  54                                 .byt ("T"&%01111111)
 1148 T:033c  49                                 .byt ("I"&%01111111)
 1149 T:033d  4e                                 .byt ("N"&%01111111)
 1150 T:033e  55                                 .byt ("U"&%01111111)
 1151 T:033f  c5                                 .byt ("E"|%10000000)

 1153 T:0340                                    ERR_UNDEFFUNC=*-ERROR_MESSAGES
 1154 T:0340  55                                 .byt ("U"&%01111111)
 1155 T:0341  4e                                 .byt ("N"&%01111111)
 1156 T:0342  44                                 .byt ("D"&%01111111)
 1157 T:0343  45                                 .byt ("E"&%01111111)
 1158 T:0344  46                                 .byt ("F"&%01111111)

 1160 T:0345  27                                 .byt $27
 1161 T:0346  44                                 .byt ("D"&%01111111)
 1162 T:0347  20                                 .byt (" "&%01111111)
 1163 T:0348  46                                 .byt ("F"&%01111111)
 1164 T:0349  55                                 .byt ("U"&%01111111)
 1165 T:034a  4e                                 .byt ("N"&%01111111)
 1166 T:034b  43                                 .byt ("C"&%01111111)
 1167 T:034c  54                                 .byt ("T"&%01111111)
 1168 T:034d  49                                 .byt ("I"&%01111111)
 1169 T:034e  4f                                 .byt ("O"&%01111111)
 1170 T:034f  ce                                 .byt ("N"|%10000000)

 1172 T:0350                                    ; --------------------------------

 1174 T:0350  20                       QT_ERROR  .byt (" "&%01111111)
 1175 T:0351  45                                 .byt ("E"&%01111111)
 1176 T:0352  52                                 .byt ("R"&%01111111)
 1177 T:0353  52                                 .byt ("R"&%01111111)
 1178 T:0354  4f                                 .byt ("O"&%01111111)
 1179 T:0355  52                                 .byt ("R"&%01111111)

 1181 T:0356  07 00                              .byt $07,0

 1183 T:0358  20                       QT_IN     .byt (" "&%01111111)
 1184 T:0359  49                                 .byt ("I"&%01111111)
 1185 T:035a  4e                                 .byt ("N"&%01111111)
 1186 T:035b  20                                 .byt (" "&%01111111)

 1188 T:035c  00                                 .byt 0

 1190 T:035d  0d                       QT_BREAK  .byt $0d
 1191 T:035e  42                                 .byt ("B"&%01111111)
 1192 T:035f  52                                 .byt ("R"&%01111111)
 1193 T:0360  45                                 .byt ("E"&%01111111)
 1194 T:0361  41                                 .byt ("A"&%01111111)
 1195 T:0362  4b                                 .byt ("K"&%01111111)

 1197 T:0363  07 00                              .byt $07,0
 1198 T:0365                                    ; --------------------------------
 1199 T:0365                                    ; CALLED BY "NEXT" AND "FOR" TO SCAN THROUGH
 1200 T:0365                                    ; THE STACK FOR A FRAME WITH THE SAME VARIABLE.
 1201 T:0365                                    ; 
 1202 T:0365                                    ; (FORPNT) = ADDRESS OF VARIABLE IF "FOR" OR "NEXT"
 1203 T:0365                                    ; = $XXFF IF CALLED FROM "RETURN"
 1204 T:0365                                    ; <<< BUG: SHOULD BE $FFXX >>>
 1205 T:0365                                    ; 
 1206 T:0365                                    ; RETURNS .NE. IF VARIABLE NOT FOUND,
 1207 T:0365                                    ; (X) = STACK PNTR AFTER SKIPPING ALL FRAMES
 1208 T:0365                                    ; 
 1209 T:0365                                    ; EQU. IF FOUND
 1210 T:0365                                    ; (X) = STACK PNTR OF FRAME FOUND
 1211 T:0365                                    ; --------------------------------
 1212 T:0365                           GTFORPNT  
 1213 T:0365  ba                                 tsx 
 1214 T:0366  e8                                 inx 
 1215 T:0367  e8                                 inx 
 1216 T:0368  e8                                 inx 
 1217 T:0369  e8                                 inx 
 1218 T:036a  bd 01 01                 L_GTFORPNT_1 lda STACK+1,X                   ; "FOR" FRAME HERE?
 1219 T:036d  c9 81                              cmp #TOKEN_FOR               ; 
 1220 T:036f  d0 21                              bne L_GTFORPNT_4                ; NO
 1221 T:0371  a5 86                              lda FORPNT+1          ; YES -- "NEXT" WITH NO VARIABLE?
 1222 T:0373  d0 0a                              bne L_GTFORPNT_2                ; NO, VARIABLE SPECIFIED
 1223 T:0375  bd 02 01                           lda STACK+2,X                   ; YES, SO USE THIS FRAME
 1224 T:0378  85 85                              sta FORPNT                ; 
 1225 T:037a  bd 03 01                           lda STACK+3,X                   ; 
 1226 T:037d  85 86                              sta FORPNT+1          ; 
 1227 T:037f  dd 03 01                 L_GTFORPNT_2 cmp STACK+3,X                   ; IS VARIABLE IN THIS FRAME?
 1228 T:0382  d0 07                              bne L_GTFORPNT_3                ; NO
 1229 T:0384  a5 85                              lda FORPNT                ; LOOK AT 2ND BYTE TOO
 1230 T:0386  dd 02 01                           cmp STACK+2,X                   ; SAME VARIABLE?
 1231 T:0389  f0 07                              beq L_GTFORPNT_4                ; YES
 1232 T:038b  8a                       L_GTFORPNT_3 txa                 ; NO, SO TRY NEXT FRAME (IF ANY)
 1233 T:038c  18                                 clc                    ; 18 BYTES PER FRAME
 1234 T:038d  69 12                              adc #18             ; 
 1235 T:038f  aa                                 tax 
 1236 T:0390  d0 d8                              bne L_GTFORPNT_1             ; ...ALWAYS?
 1237 T:0392  60                       L_GTFORPNT_4 rts 
 1238 T:0393                                    ; --------------------------------
 1239 T:0393                                    ; MOVE BLOCK OF MEMORY UP
 1240 T:0393                                    ; 
 1241 T:0393                                    ; ON ENTRY:
 1242 T:0393                                    ; (Y,A) = (HIGHDS) = DESTINATION END+1
 1243 T:0393                                    ; (LOWTR) = LOWEST ADDRESS OF SOURCE
 1244 T:0393                                    ; (HIGHTR) = HIGHEST SOURCE ADDRESS+1
 1245 T:0393                                    ; --------------------------------
 1246 T:0393  20 e3 03                 BLTU      jsr REASON             ; BE SURE (Y,A) < FRETOP
 1247 T:0396  85 6d                              sta STREND                ; NEW TOP OF ARRAY STORAGE
 1248 T:0398  84 6e                              sty STREND+1          ; 
 1249 T:039a  38                       BLTU2     sec                 ; 
 1250 T:039b  a5 96                              lda HIGHTR                ; COMPUTE # OF BYTES TO BE MOVED
 1251 T:039d  e5 9b                              sbc LOWTR                ; (FROM LOWTR THRU HIGHTR-1)
 1252 T:039f  85 5e                              sta INDEX                ; PARTIAL PAGE AMOUNT
 1253 T:03a1  a8                                 tay                    ; 
 1254 T:03a2  a5 97                              lda HIGHTR+1          ; 
 1255 T:03a4  e5 9c                              sbc LOWTR+1          ; 
 1256 T:03a6  aa                                 tax                    ; # OF WHOLE PAGES IN X-REG
 1257 T:03a7  e8                                 inx                    ; 
 1258 T:03a8  98                                 tya                    ; # BYTES IN PARTIAL PAGE
 1259 T:03a9  f0 23                              beq L_BLTU2_4                ; NO PARTIAL PAGE
 1260 T:03ab  a5 96                              lda HIGHTR                ; BACK UP HIGHTR # BYTES IN PARTIAL PAGE
 1261 T:03ad  38                                 sec                    ; 
 1262 T:03ae  e5 5e                              sbc INDEX                ; 
 1263 T:03b0  85 96                              sta HIGHTR                ; 
 1264 T:03b2  b0 03                              bcs L_BLTU2_1                ; 
 1265 T:03b4  c6 97                              dec HIGHTR+1          ; 
 1266 T:03b6  38                                 sec                    ; 
 1267 T:03b7  a5 94                    L_BLTU2_1 lda HIGHDS             ; BACK UP HIGHDS # BYTES IN PARTIAL PAGE
 1268 T:03b9  e5 5e                              sbc INDEX                ; 
 1269 T:03bb  85 94                              sta HIGHDS                ; 
 1270 T:03bd  b0 08                              bcs L_BLTU2_3                ; 
 1271 T:03bf  c6 95                              dec HIGHDS+1          ; 
 1272 T:03c1  90 04                              bcc L_BLTU2_3                ; ...ALWAYS
 1273 T:03c3  b1 96                    L_BLTU2_2 lda (HIGHTR),Y                  ; MOVE THE BYTES
 1274 T:03c5  91 94                              sta (HIGHDS),Y
 1275 T:03c7  88                       L_BLTU2_3 dey 
 1276 T:03c8  d0 f9                              bne L_BLTU2_2             ; LOOP TO END OF THIS 256 BYTES
 1277 T:03ca  b1 96                              lda (HIGHTR),Y                  ; MOVE ONE MORE BYTE
 1278 T:03cc  91 94                              sta (HIGHDS),Y
 1279 T:03ce  c6 97                    L_BLTU2_4 dec HIGHTR+1       ; DOWN TO NEXT BLOCK OF 256
 1280 T:03d0  c6 95                              dec HIGHDS+1
 1281 T:03d2  ca                                 dex                    ; ANOTHER BLOCK OF 256 TO MOVE?
 1282 T:03d3  d0 f2                              bne L_BLTU2_3             ; YES
 1283 T:03d5  60                                 rts                    ; NO, FINISHED
 1284 T:03d6                                    ; --------------------------------
 1285 T:03d6                                    ; CHECK IF ENOUGH ROOM LEFT ON STACK
 1286 T:03d6                                    ; FOR "FOR", "GOSUB", OR EXPRESSION EVALUATION
 1287 T:03d6                                    ; --------------------------------
 1288 T:03d6  0a                       CHKMEM    asl 
 1289 T:03d7  69 36                              adc #54
 1290 T:03d9  b0 35                              bcs MEMERR                ; ...MEM FULL ERR
 1291 T:03db  85 5e                              sta INDEX
 1292 T:03dd  ba                                 tsx 
 1293 T:03de  e4 5e                              cpx INDEX
 1294 T:03e0  90 2e                              bcc MEMERR                ; ...MEM FULL ERR
 1295 T:03e2  60                                 rts 
 1296 T:03e3                                    ; --------------------------------
 1297 T:03e3                                    ; CHECK IF ENOUGH ROOM BETWEEN ARRAYS AND STRINGS
 1298 T:03e3                                    ; (Y,A) = ADDR ARRAYS NEED TO GROW TO
 1299 T:03e3                                    ; --------------------------------
 1300 T:03e3  c4 70                    REASON    cpy FRETOP+1       ; HIGH BYTE
 1301 T:03e5  90 28                              bcc L_REASON_4                ; PLENTY OF ROOM
 1302 T:03e7  d0 04                              bne L_REASON_1                ; NOT ENOUGH, TRY GARBAGE COLLECTION
 1303 T:03e9  c5 6f                              cmp FRETOP                ; LOW BYTE
 1304 T:03eb  90 22                              bcc L_REASON_4                ; ENOUGH ROOM
 1305 T:03ed                                    ; --------------------------------
 1306 T:03ed  48                       L_REASON_1 pha                 ; SAVE (Y,A), TEMP1, AND TEMP2
 1307 T:03ee  a2 09                              ldx #FAC-TEMP1-1
 1308 T:03f0  98                                 tya 
 1309 T:03f1  48                       L_REASON_2 pha 
 1310 T:03f2  b5 93                              lda TEMP1,X
 1311 T:03f4  ca                                 dex 
 1312 T:03f5  10 fa                              bpl L_REASON_2
 1313 T:03f7  20 84 14                           jsr GARBAG                ; MAKE AS MUCH ROOM AS POSSIBLE
 1314 T:03fa  a2 f7                              ldx #TEMP1+256-FAC+1; RESTORE TEMP1 AND TEMP2
 1315 T:03fc  68                       L_REASON_3 pla                 ; AND (Y,A)
 1316 T:03fd  95 9d                              sta FAC,X
 1317 T:03ff  e8                                 inx 
 1318 T:0400  30 fa                              bmi L_REASON_3
 1319 T:0402  68                                 pla 
 1320 T:0403  a8                                 tay 
 1321 T:0404  68                                 pla                    ; DID WE FIND ENOUGH ROOM?
 1322 T:0405  c4 70                              cpy FRETOP+1          ; HIGH BYTE
 1323 T:0407  90 06                              bcc L_REASON_4                ; YES, AT LEAST A PAGE
 1324 T:0409  d0 05                              bne MEMERR                ; NO, MEM FULL ERR
 1325 T:040b  c5 6f                              cmp FRETOP                ; LOW BYTE
 1326 T:040d  b0 01                              bcs MEMERR                ; NO, MEM FULL ERR
 1327 T:040f  60                       L_REASON_4 rts                 ; YES, RETURN
 1328 T:0410                                    ; --------------------------------
 1329 T:0410  a2 4d                    MEMERR    ldx #ERR_MEMFULL
 1330 T:0412                                    ; --------------------------------
 1331 T:0412                                    ; HANDLE AN ERROR
 1332 T:0412                                    ; 
 1333 T:0412                                    ; (X)=OFFSET IN ERROR MESSAGE TABLE
 1334 T:0412                                    ; (ERRFLG) > 128 IF "ON ERR" TURNED ON
 1335 T:0412                                    ; (CURLIN+1) = $FF IF IN DIRECT MODE
 1336 T:0412                                    ; --------------------------------
 1337 T:0412  24 d8                    ERROR     bit ERRFLG             ; "ON ERR" TURNED ON?
 1338 T:0414  10 03                              bpl L_ERROR_1                ; NO
 1339 T:0416  4c e9 22                           jmp HANDLERR                ; YES
 1340 T:0419  20 fb 0a                 L_ERROR_1 jsr CRDO             ; PRINT <RETURN>
 1341 T:041c  20 5a 0b                           jsr OUTQUES                ; PRINT "?"
 1342 T:041f  bd 60 02                 L_ERROR_2 lda ERROR_MESSAGES,X
 1343 T:0422  48                                 pha                    ; PRINT MESSAGE
 1344 T:0423  20 5c 0b                           jsr OUTDO
 1345 T:0426  e8                                 inx 
 1346 T:0427  68                                 pla 
 1347 T:0428  10 f5                              bpl L_ERROR_2
 1348 T:042a  20 83 06                           jsr STKINI                ; FIX STACK, ET AL
 1349 T:042d  a9 50                              lda #<QT_ERROR           ; PRINT " ERROR" AND BELL
 1350 T:042f  a0 03                              ldy #>QT_ERROR
 1351 T:0431                                    ; --------------------------------
 1352 T:0431                                    ; PRINT STRING AT (Y,A)
 1353 T:0431                                    ; PRINT CURRENT LINE # UNLESS IN DIRECT MODE
 1354 T:0431                                    ; FALL INTO WARM RESTART
 1355 T:0431                                    ; --------------------------------
 1356 T:0431                           PRINT_ERROR_LINNUM 
 1357 T:0431  20 3a 0b                           jsr STROUT                ; PRINT STRING AT (Y,A)
 1358 T:0434  a4 76                              ldy CURLIN+1          ; RUNNING, OR DIRECT?
 1359 T:0436  c8                                 iny 
 1360 T:0437  f0 03                              beq RESTART                ; WAS $FF, SO DIRECT MODE
 1361 T:0439  20 19 1d                           jsr INPRT                ; RUNNING, SO PRINT LINE NUMBER
 1362 T:043c                                    ; --------------------------------
 1363 T:043c                                    ; WARM RESTART ENTRY
 1364 T:043c                                    ; 
 1365 T:043c                                    ; COME HERE FROM MONITOR BY CTL-C, 0G, 3D0G, OR E003G
 1366 T:043c                                    ; --------------------------------
 1367 T:043c                           RESTART   
 1368 T:043c  20 fb 0a                           jsr CRDO                ; PRINT <RETURN>
 1369 T:043f  a2 dd                              ldx #("]"|%10000000)     ; PROMPT CHARACTER
 1370 T:0441  20 2e 05                           jsr INLIN2                ; READ A LINE
 1371 T:0444  86 b8                              stx TXTPTR                ; SET UP CHRGET TO SCAN THE LINE
 1372 T:0446  84 b9                              sty TXTPTR+1          ; 
 1373 T:0448  46 d8                              lsr ERRFLG                ; CLEAR FLAG
 1374 T:044a  20 b1 00                           jsr CHRGET                ; 
 1375 T:044d  aa                                 tax                    ; 
 1376 T:044e  f0 ec                              beq RESTART             ; EMPTY LINE
 1377 T:0450  a2 ff                              ldx #$ff             ; $FF IN HI-BYTE OF CURLIN MEANS
 1378 T:0452  86 76                              stx CURLIN+1          ; WE ARE IN DIRECT MODE
 1379 T:0454  90 06                              bcc NUMBERED_LINE                ; CHRGET SAW DIGIT, NUMBERED LINE
 1380 T:0456  20 59 05                           jsr PARSE_INPUT_LINE                ; NO NUMBER, SO PARSE IT
 1381 T:0459  4c 05 08                           jmp TRACE_                ; AND TRY EXECUTING IT
 1382 T:045c                                    ; --------------------------------
 1383 T:045c                                    ; HANDLE NUMBERED LINE
 1384 T:045c                                    ; --------------------------------
 1385 T:045c                           NUMBERED_LINE 
 1386 T:045c  a6 af                              ldx PRGEND                ; SQUASH VARIABLE TABLE
 1387 T:045e  86 69                              stx VARTAB
 1388 T:0460  a6 b0                              ldx PRGEND+1
 1389 T:0462  86 6a                              stx VARTAB+1
 1390 T:0464  20 0c 0a                           jsr LINGET                ; GET LINE #
 1391 T:0467  20 59 05                           jsr PARSE_INPUT_LINE                ; AND PARSE THE INPUT LINE
 1392 T:046a  84 0f                              sty EOL_PNTR                ; SAVE INDEX TO INPUT BUFFER
 1393 T:046c  20 1a 06                           jsr FNDLIN                ; IS THIS LINE # ALREADY IN PROGRAM?
 1394 T:046f  90 44                              bcc PUT_NEW_LINE                ; NO
 1395 T:0471  a0 01                              ldy #1             ; YES, SO DELETE IT
 1396 T:0473  b1 9b                              lda (LOWTR),Y                   ; LOWTR POINTS AT LINE
 1397 T:0475  85 5f                              sta INDEX+1          ; GET HIGH BYTE OF FORWARD PNTR
 1398 T:0477  a5 69                              lda VARTAB
 1399 T:0479  85 5e                              sta INDEX
 1400 T:047b  a5 9c                              lda LOWTR+1
 1401 T:047d  85 61                              sta DEST+1
 1402 T:047f  a5 9b                              lda LOWTR
 1403 T:0481  88                                 dey 
 1404 T:0482  f1 9b                              sbc (LOWTR),Y
 1405 T:0484  18                                 clc 
 1406 T:0485  65 69                              adc VARTAB
 1407 T:0487  85 69                              sta VARTAB
 1408 T:0489  85 60                              sta DEST
 1409 T:048b  a5 6a                              lda VARTAB+1
 1410 T:048d  69 ff                              adc #$ff
 1411 T:048f  85 6a                              sta VARTAB+1
 1412 T:0491  e5 9c                              sbc LOWTR+1
 1413 T:0493  aa                                 tax 
 1414 T:0494  38                                 sec 
 1415 T:0495  a5 9b                              lda LOWTR
 1416 T:0497  e5 69                              sbc VARTAB
 1417 T:0499  a8                                 tay 
 1418 T:049a  b0 03                              bcs L_NUMBERED_LINE_1
 1419 T:049c  e8                                 inx 
 1420 T:049d  c6 61                              dec DEST+1
 1421 T:049f  18                       L_NUMBERED_LINE_1 clc 
 1422 T:04a0  65 5e                              adc INDEX
 1423 T:04a2  90 03                              bcc L_NUMBERED_LINE_2
 1424 T:04a4  c6 5f                              dec INDEX+1
 1425 T:04a6  18                                 clc 
 1426 T:04a7                                    ; --------------------------------
 1427 T:04a7  b1 5e                    L_NUMBERED_LINE_2 lda (INDEX),Y                   ; MOVE HIGHER LINES OF PROGRAM
 1428 T:04a9  91 60                              sta (DEST),Y                    ; DOWN OVER THE DELETED LINE.
 1429 T:04ab  c8                                 iny 
 1430 T:04ac  d0 f9                              bne L_NUMBERED_LINE_2
 1431 T:04ae  e6 5f                              inc INDEX+1
 1432 T:04b0  e6 61                              inc DEST+1
 1433 T:04b2  ca                                 dex 
 1434 T:04b3  d0 f2                              bne L_NUMBERED_LINE_2
 1435 T:04b5                                    ; --------------------------------
 1436 T:04b5                           PUT_NEW_LINE 
 1437 T:04b5  ad 00 02                           lda INPUT_BUFFER                ; ANY CHARACTERS AFTER LINE #?
 1438 T:04b8  f0 38                              beq FIX_LINKS                ; NO, SO NOTHING TO INSERT.
 1439 T:04ba  a5 73                              lda MEMSIZ                ; YES, SO MAKE ROOM AND INSERT LINE
 1440 T:04bc  a4 74                              ldy MEMSIZ+1          ; WIPE STRING AREA CLEAN
 1441 T:04be  85 6f                              sta FRETOP                ; 
 1442 T:04c0  84 70                              sty FRETOP+1          ; 
 1443 T:04c2  a5 69                              lda VARTAB                ; SET UP BLTU SUBROUTINE
 1444 T:04c4  85 96                              sta HIGHTR                ; INSERT NEW LINE.
 1445 T:04c6  65 0f                              adc EOL_PNTR
 1446 T:04c8  85 94                              sta HIGHDS
 1447 T:04ca  a4 6a                              ldy VARTAB+1
 1448 T:04cc  84 97                              sty HIGHTR+1
 1449 T:04ce  90 01                              bcc L_PUT_NEW_LINE_1
 1450 T:04d0  c8                                 iny 
 1451 T:04d1  84 95                    L_PUT_NEW_LINE_1 sty HIGHDS+1
 1452 T:04d3  20 93 03                           jsr BLTU             ; MAKE ROOM FOR THE LINE
 1453 T:04d6  a5 50                              lda LINNUM                ; PUT LINE NUMBER IN LINE IMAGE
 1454 T:04d8  a4 51                              ldy LINNUM+1
 1455 T:04da  8d fe 01                           sta INPUT_BUFFER-2
 1456 T:04dd  8c ff 01                           sty INPUT_BUFFER-1
 1457 T:04e0  a5 6d                              lda STREND
 1458 T:04e2  a4 6e                              ldy STREND+1
 1459 T:04e4  85 69                              sta VARTAB
 1460 T:04e6  84 6a                              sty VARTAB+1
 1461 T:04e8  a4 0f                              ldy EOL_PNTR
 1462 T:04ea                                    ; ---COPY LINE INTO PROGRAM-------
 1463 T:04ea  b9 fb 01                 L_PUT_NEW_LINE_2 lda INPUT_BUFFER-5,Y
 1464 T:04ed  88                                 dey 
 1465 T:04ee  91 9b                              sta (LOWTR),Y
 1466 T:04f0  d0 f8                              bne L_PUT_NEW_LINE_2
 1467 T:04f2                                    ; --------------------------------
 1468 T:04f2                                    ; CLEAR ALL VARIABLES
 1469 T:04f2                                    ; RE-ESTABLISH ALL FORWARD LINKS
 1470 T:04f2                                    ; --------------------------------
 1471 T:04f2                           FIX_LINKS 
 1472 T:04f2  20 65 06                           jsr SETPTRS                ; CLEAR ALL VARIABLES
 1473 T:04f5  a5 67                              lda TXTTAB                ; POINT INDEX AT START OF PROGRAM
 1474 T:04f7  a4 68                              ldy TXTTAB+1
 1475 T:04f9  85 5e                              sta INDEX
 1476 T:04fb  84 5f                              sty INDEX+1
 1477 T:04fd  18                                 clc 
 1478 T:04fe  a0 01                    L_FIX_LINKS_1 ldy #1          ; HI-BYTE OF NEXT FORWARD PNTR
 1479 T:0500  b1 5e                              lda (INDEX),Y                   ; END OF PROGRAM YET?
 1480 T:0502  d0 0b                              bne L_FIX_LINKS_2                ; NO, KEEP GOING
 1481 T:0504  a5 69                              lda VARTAB                ; YES
 1482 T:0506  85 af                              sta PRGEND
 1483 T:0508  a5 6a                              lda VARTAB+1
 1484 T:050a  85 b0                              sta PRGEND+1
 1485 T:050c  4c 3c 04                           jmp RESTART
 1486 T:050f  a0 04                    L_FIX_LINKS_2 ldy #4          ; FIND END OF THIS LINE
 1487 T:0511  c8                       L_FIX_LINKS_3 iny                 ; (NOTE MAXIMUM LENGTH < 256)
 1488 T:0512  b1 5e                              lda (INDEX),Y                   ; 
 1489 T:0514  d0 fb                              bne L_FIX_LINKS_3             ; 
 1490 T:0516  c8                                 iny                    ; COMPUTE ADDRESS OF NEXT LINE
 1491 T:0517  98                                 tya                    ; 
 1492 T:0518  65 5e                              adc INDEX                ; 
 1493 T:051a  aa                                 tax                    ; 
 1494 T:051b  a0 00                              ldy #0             ; STORE FORWARD PNTR IN THIS LINE
 1495 T:051d  91 5e                              sta (INDEX),Y                   ; 
 1496 T:051f  a5 5f                              lda INDEX+1          ; 
 1497 T:0521  69 00                              adc #0             ; (NOTE: THIS CLEARS CARRY)
 1498 T:0523  c8                                 iny                    ; 
 1499 T:0524  91 5e                              sta (INDEX),Y                   ; 
 1500 T:0526  86 5e                              stx INDEX                ; 
 1501 T:0528  85 5f                              sta INDEX+1          ; 
 1502 T:052a  90 d2                              bcc L_FIX_LINKS_1             ; ...ALWAYS
 1503 T:052c                                    ; --------------------------------
 1504 T:052c                                    ; --------------------------------
 1505 T:052c                                    ; READ A LINE, AND STRIP OFF SIGN BITS
 1506 T:052c                                    ; --------------------------------
 1507 T:052c  a2 80                    INLIN     ldx #$80          ; NULL PROMPT
 1508 T:052e  86 33                    INLIN2    stx MON_PROMPT
 1509 T:0530  20 6a fd                           jsr MON_GETLN
 1510 T:0533  e0 ef                              cpx #239             ; MAXIMUM LINE LENGTH
 1511 T:0535  90 02                              bcc L_INLIN2_1
 1512 T:0537  a2 ef                              ldx #239             ; TRUNCATE AT 239 CHARS
 1513 T:0539  a9 00                    L_INLIN2_1 lda #0          ; MARK END OF LINE WITH $00 BYTE
 1514 T:053b  9d 00 02                           sta INPUT_BUFFER,X
 1515 T:053e  8a                                 txa 
 1516 T:053f  f0 0b                              beq L_INLIN2_3                ; NULL INPUT LINE
 1517 T:0541  bd ff 01                 L_INLIN2_2 lda INPUT_BUFFER-1,X            ; DROP SIGN BITS
 1518 T:0544  29 7f                              and #$7f
 1519 T:0546  9d ff 01                           sta INPUT_BUFFER-1,X
 1520 T:0549  ca                                 dex 
 1521 T:054a  d0 f5                              bne L_INLIN2_2
 1522 T:054c  a9 00                    L_INLIN2_3 lda #0          ; (Y,X) POINTS AT BUFFER-1
 1523 T:054e  a2 ff                              ldx #<(INPUT_BUFFER-1)
 1524 T:0550  a0 01                              ldy #>(INPUT_BUFFER-1)
 1525 T:0552  60                                 rts 
 1526 T:0553                                    ; --------------------------------
 1527 T:0553  20 0c fd                 INCHR     jsr MON_RDKEY             ; *** OUGHT TO BE "BIT $C010" ***
 1528 T:0556  29 7f                              and #$7f
 1529 T:0558  60                                 rts 
 1530 T:0559                                    ; --------------------------------
 1531 T:0559                                    ; TOKENIZE THE INPUT LINE
 1532 T:0559                                    ; --------------------------------
 1533 T:0559                           PARSE_INPUT_LINE 
 1534 T:0559  a6 b8                              ldx TXTPTR                ; INDEX INTO UNPARSED LINE
 1535 T:055b  ca                                 dex                    ; PREPARE FOR INX AT "PARSE"
 1536 T:055c  a0 04                              ldy #4             ; INDEX TO PARSED OUTPUT LINE
 1537 T:055e  84 13                              sty DATAFLG                ; CLEAR SIGN-BIT OF DATAFLG
 1538 T:0560  24 d6                              bit LOCK                ; IS THIS PROGRAM LOCKED?
 1539 T:0562  10 08                              bpl PARSE                ; NO, GO AHEAD AND PARSE THE LINE
 1540 T:0564  68                                 pla                    ; YES, IGNORE INPUT AND "RUN"
 1541 T:0565  68                                 pla                    ; THE PROGRAM
 1542 T:0566  20 65 06                           jsr SETPTRS                ; CLEAR ALL VARIABLES
 1543 T:0569  4c d2 07                           jmp NEWSTT                ; START RUNNING
 1544 T:056c                                    ; --------------------------------
 1545 T:056c  e8                       PARSE     inx                 ; NEXT INPUT CHARACTER
 1546 T:056d  bd 00 02                 L_PARSE_1 lda INPUT_BUFFER,X
 1547 T:0570  24 13                              bit DATAFLG                ; IN A "DATA" STATEMENT?
 1548 T:0572  70 04                              bvs L_PARSE_2                ; YES (DATAFLG = $49)
 1549 T:0574  c9 20                              cmp #(" "&%01111111)     ; IGNORE BLANKS
 1550 T:0576  f0 f4                              beq PARSE             ; 
 1551 T:0578  85 0e                    L_PARSE_2 sta ENDCHR             ; 
 1552 T:057a  c9 22                              cmp #$22             ; START OF QUOTATION?
 1553 T:057c  f0 74                              beq L_PARSE_13                ; 
 1554 T:057e  70 4d                              bvs L_PARSE_9                ; BRANCH IF IN "DATA" STATEMENT
 1555 T:0580  c9 3f                              cmp #("?"&%01111111)     ; SHORTHAND FOR "PRINT"?
 1556 T:0582  d0 04                              bne L_PARSE_3                ; NO
 1557 T:0584  a9 ba                              lda #TOKEN_PRINT               ; YES, REPLACE WITH "PRINT" TOKEN
 1558 T:0586  d0 45                              bne L_PARSE_9                ; ...ALWAYS
 1559 T:0588  c9 30                    L_PARSE_3 cmp #("0"&%01111111)  ; IS IT A DIGIT, COLON, OR SEMI-COLON?
 1560 T:058a  90 04                              bcc L_PARSE_4                ; NO, PUNCTUATION !"#$%&'()*+,-./
 1561 T:058c  c9 3c                              cmp #(";"&%01111111)+1
 1562 T:058e  90 3d                              bcc L_PARSE_9                ; YES, NOT A TOKEN
 1563 T:0590                                    ; --------------------------------
 1564 T:0590                                    ; SEARCH TOKEN NAME TABLE FOR MATCH STARTING
 1565 T:0590                                    ; WITH CURRENT CHAR FROM INPUT LINE
 1566 T:0590                                    ; --------------------------------
 1567 T:0590  84 ad                    L_PARSE_4 sty STRNG2             ; SAVE INDEX TO OUTPUT LINE
 1568 T:0592  a9 d0                              lda #<(TOKEN_NAME_TABLE-$0100)
 1569 T:0594  85 9d                              sta FAC                ; MAKE PNTR FOR SEARCH
 1570 T:0596  a9 ff                              lda #>(TOKEN_NAME_TABLE-$0100)
 1571 T:0598  85 9e                              sta FAC+1
 1572 T:059a  a0 00                              ldy #0             ; USE Y-REG WITH (FAC) TO ADDRESS TABLE
 1573 T:059c  84 0f                              sty TKN_CNTR                ; HOLDS CURRENT TOKEN-$80
 1574 T:059e  88                                 dey                    ; PREPARE FOR "INY" A FEW LINES DOWN
 1575 T:059f  86 b8                              stx TXTPTR                ; SAVE POSITION IN INPUT LINE
 1576 T:05a1  ca                                 dex                    ; PREPARE FOR "INX" A FEW LINES DOWN
 1577 T:05a2  c8                       L_PARSE_5 iny                 ; ADVANCE POINTER TO TOKEN TABLE
 1578 T:05a3  d0 02                              bne L_PARSE_6                ; Y=Y+1 IS ENOUGH
 1579 T:05a5  e6 9e                              inc FAC+1          ; ALSO NEED TO BUMP THE PAGE
 1580 T:05a7  e8                       L_PARSE_6 inx                 ; ADVANCE POINTER TO INPUT LINE
 1581 T:05a8  bd 00 02                 L_PARSE_7 lda INPUT_BUFFER,X              ; NEXT CHAR FROM INPUT LINE
 1582 T:05ab  c9 20                              cmp #(" "&%01111111)     ; THIS CHAR A BLANK?
 1583 T:05ad  f0 f8                              beq L_PARSE_6             ; YES, IGNORE ALL BLANKS
 1584 T:05af  38                                 sec                    ; NO, COMPARE TO CHAR IN TABLE
 1585 T:05b0  f1 9d                              sbc (FAC),Y                     ; SAME AS NEXT CHAR OF TOKEN NAME?
 1586 T:05b2  f0 ee                              beq L_PARSE_5             ; YES, CONTINUE MATCHING
 1587 T:05b4  c9 80                              cmp #$80             ; MAYBE; WAS IT SAME EXCEPT FOR BIT 7?
 1588 T:05b6  d0 41                              bne L_PARSE_14                ; NO, SKIP TO NEXT TOKEN
 1589 T:05b8  05 0f                              ora TKN_CNTR                ; YES, END OF TOKEN; GET TOKEN #
 1590 T:05ba  c9 c5                              cmp #TOKENDB               ; DID WE MATCH "AT"?
 1591 T:05bc  d0 0d                              bne L_PARSE_8                ; NO, SO NO AMBIGUITY
 1592 T:05be  bd 01 02                           lda INPUT_BUFFER+1,X            ; "AT" COULD BE "ATN" OR "A TO"
 1593 T:05c1  c9 4e                              cmp #("N"&%01111111)     ; "ATN" HAS PRECEDENCE OVER "AT"
 1594 T:05c3  f0 34                              beq L_PARSE_14                ; IT IS "ATN", FIND IT THE HARD WAY
 1595 T:05c5  c9 4f                              cmp #("O"&%01111111)     ; "TO" HAS PRECEDENCE OVER "AT"
 1596 T:05c7  f0 30                              beq L_PARSE_14                ; IT IS "A TO", FIN IT THE HARD WAY
 1597 T:05c9  a9 c5                              lda #TOKENDB               ; NOT "ATN" OR "A TO", SO USE "AT"
 1598 T:05cb                                    ; --------------------------------
 1599 T:05cb                                    ; STORE CHARACTER OR TOKEN IN OUTPUT LINE
 1600 T:05cb                                    ; --------------------------------
 1601 T:05cb  a4 ad                    L_PARSE_8 ldy STRNG2             ; GET INDEX TO OUTPUT LINE IN Y-REG
 1602 T:05cd  e8                       L_PARSE_9 inx                 ; ADVANCE INPUT INDEX
 1603 T:05ce  c8                                 iny                    ; ADVANCE OUTPUT INDEX
 1604 T:05cf  99 fb 01                           sta INPUT_BUFFER-5,Y            ; STORE CHAR OR TOKEN
 1605 T:05d2  b9 fb 01                           lda INPUT_BUFFER-5,Y            ; TEST FOR EOL OR EOS
 1606 T:05d5  f0 39                              beq L_PARSE_17                ; END OF LINE
 1607 T:05d7  38                                 sec                    ; 
 1608 T:05d8  e9 3a                              sbc #(":"&%01111111)     ; END OF STATEMENT?
 1609 T:05da  f0 04                              beq L_PARSE_10                ; YES, CLEAR DATAFLG
 1610 T:05dc  c9 49                              cmp #TOKENDWTA+128-$ba   ; "DATA" TOKEN?
 1611 T:05de  d0 02                              bne L_PARSE_11                ; NO, LEAVE DATAFLG ALONE
 1612 T:05e0  85 13                    L_PARSE_10 sta DATAFLG             ; DATAFLG = 0 OR $83-$3A = $49
 1613 T:05e2  38                       L_PARSE_11 sec                 ; IS IT A "REM" TOKEN?
 1614 T:05e3  e9 78                              sbc #TOKEN_REM+128-$ba
 1615 T:05e5  d0 86                              bne L_PARSE_1             ; NO, CONTINUE PARSING LINE
 1616 T:05e7  85 0e                              sta ENDCHR                ; YES, CLEAR LITERAL FLAG
 1617 T:05e9                                    ; --------------------------------
 1618 T:05e9                                    ; HANDLE LITERAL (BETWEEN QUOTES) OR REMARK,
 1619 T:05e9                                    ; BY COPYING CHARS UP TO ENDCHR.
 1620 T:05e9                                    ; --------------------------------
 1621 T:05e9  bd 00 02                 L_PARSE_12 lda INPUT_BUFFER,X
 1622 T:05ec  f0 df                              beq L_PARSE_9             ; END OF LINE
 1623 T:05ee  c5 0e                              cmp ENDCHR
 1624 T:05f0  f0 db                              beq L_PARSE_9             ; FOUND ENDCHR
 1625 T:05f2  c8                       L_PARSE_13 iny                 ; NEXT OUTPUT CHAR
 1626 T:05f3  99 fb 01                           sta INPUT_BUFFER-5,Y
 1627 T:05f6  e8                                 inx                    ; NEXT INPUT CHAR
 1628 T:05f7  d0 f0                              bne L_PARSE_12             ; ...ALWAYS
 1629 T:05f9                                    ; --------------------------------
 1630 T:05f9                                    ; ADVANCE POINTER TO NEXT TOKEN NAME
 1631 T:05f9                                    ; --------------------------------
 1632 T:05f9  a6 b8                    L_PARSE_14 ldx TXTPTR             ; GET POINTER TO INPUT LINE IN X-REG
 1633 T:05fb  e6 0f                              inc TKN_CNTR                ; BUMP (TOKEN # - $80)
 1634 T:05fd  b1 9d                    L_PARSE_15 lda (FAC),Y                     ; SCAN THROUGH TABLE FOR BIT7 = 1
 1635 T:05ff  c8                                 iny                    ; NEXT TOKEN ONE BEYOND THAT
 1636 T:0600  d0 02                              bne L_PARSE_16                ; ...USUALLY ENOUGH TO BUMP Y-REG
 1637 T:0602  e6 9e                              inc FAC+1          ; NEXT SET OF 256 TOKEN CHARS
 1638 T:0604  0a                       L_PARSE_16 asl                 ; SEE IF SIGN BIT SET ON CHAR
 1639 T:0605  90 f6                              bcc L_PARSE_15             ; NO, MORE IN THIS NAME
 1640 T:0607  b1 9d                              lda (FAC),Y                     ; YES, AT NEXT NAME.  END OF TABLE?
 1641 T:0609  d0 9d                              bne L_PARSE_7             ; NO, NOT END OF TABLE
 1642 T:060b  bd 00 02                           lda INPUT_BUFFER,X              ; YES, SO NOT A KEYWORD
 1643 T:060e  10 bb                              bpl L_PARSE_8             ; ...ALWAYS, COPY CHAR AS IS
 1644 T:0610                                    ; ---END OF LINE------------------
 1645 T:0610  99 fd 01                 L_PARSE_17 sta INPUT_BUFFER-3,Y            ; STORE ANOTHER 00 ON END
 1646 T:0613  c6 b9                              dec TXTPTR+1          ; SET TXTPTR = INPUT.BUFFER-1
 1647 T:0615  a9 ff                              lda #<(INPUT_BUFFER-1)
 1648 T:0617  85 b8                              sta TXTPTR
 1649 T:0619  60                                 rts 
 1650 T:061a                                    ; --------------------------------
 1651 T:061a                                    ; SEARCH FOR LINE
 1652 T:061a                                    ; 
 1653 T:061a                                    ; (LINNUM) = LINE # TO FIND
 1654 T:061a                                    ; IF NOT FOUND:  CARRY = 0
 1655 T:061a                                    ; LOWTR POINTS AT NEXT LINE
 1656 T:061a                                    ; IF FOUND:      CARRY = 1
 1657 T:061a                                    ; LOWTR POINTS AT LINE
 1658 T:061a                                    ; --------------------------------
 1659 T:061a  a5 67                    FNDLIN    lda TXTTAB             ; SEARCH FROM BEGINNING OF PROGRAM
 1660 T:061c  a6 68                              ldx TXTTAB+1          ; 
 1661 T:061e  a0 01                    FL1       ldy #1          ; SEARCH FROM (X,A)
 1662 T:0620  85 9b                              sta LOWTR                ; 
 1663 T:0622  86 9c                              stx LOWTR+1          ; 
 1664 T:0624  b1 9b                              lda (LOWTR),Y                   ; 
 1665 T:0626  f0 1f                              beq L_FL1_3                ; END OF PROGRAM, AND NOT FOUND
 1666 T:0628  c8                                 iny                    ; 
 1667 T:0629  c8                                 iny                    ; 
 1668 T:062a  a5 51                              lda LINNUM+1          ; 
 1669 T:062c  d1 9b                              cmp (LOWTR),Y                   ; 
 1670 T:062e  90 18                              bcc RTS_1                ; IF NOT FOUND
 1671 T:0630  f0 03                              beq L_FL1_1                ; 
 1672 T:0632  88                                 dey                    ; 
 1673 T:0633  d0 09                              bne L_FL1_2                ; 
 1674 T:0635  a5 50                    L_FL1_1   lda LINNUM             ; 
 1675 T:0637  88                                 dey                    ; 
 1676 T:0638  d1 9b                              cmp (LOWTR),Y                   ; 
 1677 T:063a  90 0c                              bcc RTS_1                ; PAST LINE, NOT FOUND
 1678 T:063c  f0 0a                              beq RTS_1                ; IF FOUND
 1679 T:063e  88                       L_FL1_2   dey                 ; 
 1680 T:063f  b1 9b                              lda (LOWTR),Y                   ; 
 1681 T:0641  aa                                 tax                    ; 
 1682 T:0642  88                                 dey                    ; 
 1683 T:0643  b1 9b                              lda (LOWTR),Y                   ; 
 1684 T:0645  b0 d7                              bcs FL1             ; ALWAYS
 1685 T:0647  18                       L_FL1_3   clc                 ; RETURN CARRY = 0
 1686 T:0648  60                       RTS_1     rts 
 1687 T:0649                                    ; --------------------------------
 1688 T:0649                                    ; "NEW" STATEMENT
 1689 T:0649                                    ; --------------------------------
 1690 T:0649  d0 fd                    NEW       bne RTS_1          ; IGNORE IF MORE TO THE STATEMENT
 1691 T:064b  a9 00                    SCRTCH    lda #0
 1692 T:064d  85 d6                              sta LOCK
 1693 T:064f  a8                                 tay 
 1694 T:0650  91 67                              sta (TXTTAB),Y
 1695 T:0652  c8                                 iny 
 1696 T:0653  91 67                              sta (TXTTAB),Y
 1697 T:0655  a5 67                              lda TXTTAB
 1698 T:0657  69 02                              adc #2             ; (CARRY WASN'T CLEARED, SO "NEW" USUALLY
 1699 T:0659  85 69                              sta VARTAB                ; ADDS 3, WHEREAS "FP" ADDS 2.)
 1700 T:065b  85 af                              sta PRGEND
 1701 T:065d  a5 68                              lda TXTTAB+1
 1702 T:065f  69 00                              adc #0
 1703 T:0661  85 6a                              sta VARTAB+1
 1704 T:0663  85 b0                              sta PRGEND+1
 1705 T:0665                                    ; --------------------------------
 1706 T:0665                           SETPTRS   
 1707 T:0665  20 97 06                           jsr STXTPT                ; SET TXTPTR TO TXTTAB - 1
 1708 T:0668  a9 00                              lda #0             ; (THIS COULD HAVE BEEN ".HS 2C")
 1709 T:066a                                    ; --------------------------------
 1710 T:066a                                    ; "CLEAR" STATEMENT
 1711 T:066a                                    ; --------------------------------
 1712 T:066a  d0 2a                    CLEAR     bne RTS_2             ; IGNORE IF NOT AT END OF STATEMENT
 1713 T:066c  a5 73                    CLEARC    lda MEMSIZ             ; CLEAR STRING AREA
 1714 T:066e  a4 74                              ldy MEMSIZ+1          ; 
 1715 T:0670  85 6f                              sta FRETOP                ; 
 1716 T:0672  84 70                              sty FRETOP+1          ; 
 1717 T:0674  a5 69                              lda VARTAB                ; CLEAR ARRAY AREA
 1718 T:0676  a4 6a                              ldy VARTAB+1          ; 
 1719 T:0678  85 6b                              sta ARYTAB                ; 
 1720 T:067a  84 6c                              sty ARYTAB+1          ; 
 1721 T:067c  85 6d                              sta STREND                ; LOW END OF FREE SPACE
 1722 T:067e  84 6e                              sty STREND+1          ; 
 1723 T:0680  20 49 08                           jsr RESTORE                ; SET "DATA" POINTER TO BEGINNING
 1724 T:0683                                    ; --------------------------------
 1725 T:0683  a2 55                    STKINI    ldx #TEMPST
 1726 T:0685  86 52                              stx TEMPPT
 1727 T:0687  68                                 pla                    ; SAVE RETURN ADDRESS
 1728 T:0688  a8                                 tay                    ; 
 1729 T:0689  68                                 pla                    ; 
 1730 T:068a  a2 f8                              ldx #$f8             ; START STACK AT $F8,
 1731 T:068c  9a                                 txs                    ; LEAVING ROOM FOR PARSING LINES
 1732 T:068d  48                                 pha                    ; RESTORE RETURN ADDRESS
 1733 T:068e  98                                 tya 
 1734 T:068f  48                                 pha 
 1735 T:0690  a9 00                              lda #0
 1736 T:0692  85 7a                              sta OLDTEXT+1
 1737 T:0694  85 14                              sta SUBFLG
 1738 T:0696  60                       RTS_2     rts 
 1739 T:0697                                    ; --------------------------------
 1740 T:0697                                    ; SET TXTPTR TO BEGINNING OF PROGRAM
 1741 T:0697                                    ; --------------------------------
 1742 T:0697  18                       STXTPT    clc                 ; TXTPTR = TXTTAB - 1
 1743 T:0698  a5 67                              lda TXTTAB
 1744 T:069a  69 ff                              adc #$ff
 1745 T:069c  85 b8                              sta TXTPTR
 1746 T:069e  a5 68                              lda TXTTAB+1
 1747 T:06a0  69 ff                              adc #$ff
 1748 T:06a2  85 b9                              sta TXTPTR+1
 1749 T:06a4  60                                 rts 
 1750 T:06a5                                    ; --------------------------------
 1751 T:06a5                                    ; "LIST" STATEMENT
 1752 T:06a5                                    ; --------------------------------
 1753 T:06a5  90 0a                    LIST      bcc L_LIST_1             ; NO  LINE # SPECIFIED
 1754 T:06a7  f0 08                              beq L_LIST_1                ; ---DITTO---
 1755 T:06a9  c9 c9                              cmp #TOKEN_MINUS               ; IF DASH OR COMMA, START AT LINE 0
 1756 T:06ab  f0 04                              beq L_LIST_1                ; IS IS A DASH
 1757 T:06ad  c9 2c                              cmp #(","&%01111111)     ; COMMA?
 1758 T:06af  d0 e5                              bne RTS_2             ; NO, ERROR
 1759 T:06b1  20 0c 0a                 L_LIST_1  jsr LINGET             ; CONVERT LINE NUMBER IF ANY
 1760 T:06b4  20 1a 06                           jsr FNDLIN             ; POINT LOWTR TO 1ST LINE
 1761 T:06b7  20 b7 00                           jsr CHRGOT                ; RANGE SPECIFIED?
 1762 T:06ba  f0 10                              beq L_LIST_3                ; NO
 1763 T:06bc  c9 c9                              cmp #TOKEN_MINUS
 1764 T:06be  f0 04                              beq L_LIST_2
 1765 T:06c0  c9 2c                              cmp #(","&%01111111)
 1766 T:06c2  d0 84                              bne RTS_1
 1767 T:06c4  20 b1 00                 L_LIST_2  jsr CHRGET             ; GET NEXT CHAR
 1768 T:06c7  20 0c 0a                           jsr LINGET                ; CONVERT SECOND LINE #
 1769 T:06ca  d0 ca                              bne RTS_2             ; BRANCH IF SYNTAX ERR
 1770 T:06cc  68                       L_LIST_3  pla                 ; POP RETURN ADRESS
 1771 T:06cd  68                                 pla                    ; (GET BACK BY "JMP NEWSTT")
 1772 T:06ce  a5 50                              lda LINNUM                ; IF NO SECOND NUMBER, USE $FFFF
 1773 T:06d0  05 51                              ora LINNUM+1          ; 
 1774 T:06d2  d0 06                              bne LIST_0                ; THERE WAS A SECOND NUMBER
 1775 T:06d4  a9 ff                              lda #$ff             ; MAX END RANGE
 1776 T:06d6  85 50                              sta LINNUM                ; 
 1777 T:06d8  85 51                              sta LINNUM+1          ; 
 1778 T:06da  a0 01                    LIST_0    ldy #1          ; 
 1779 T:06dc  b1 9b                              lda (LOWTR),Y                   ; HIGH BYTE OF LINK
 1780 T:06de  f0 44                              beq LIST_3                ; END OF PROGRAM
 1781 T:06e0  20 58 08                           jsr ISCNTC                ; CHECK IF CONTROL-C HAS BEEN TYPED
 1782 T:06e3  20 fb 0a                           jsr CRDO                ; NO, PRINT <RETURN>
 1783 T:06e6  c8                                 iny                    ; 
 1784 T:06e7  b1 9b                              lda (LOWTR),Y                   ; GET LINE #, COMPARE WITH END RANGE
 1785 T:06e9  aa                                 tax                    ; 
 1786 T:06ea  c8                                 iny                    ; 
 1787 T:06eb  b1 9b                              lda (LOWTR),Y                   ; 
 1788 T:06ed  c5 51                              cmp LINNUM+1          ; 
 1789 T:06ef  d0 04                              bne L_LIST_0_5                ; 
 1790 T:06f1  e4 50                              cpx LINNUM                ; 
 1791 T:06f3  f0 02                              beq L_LIST_0_6                ; ON LAST LINE OF RANGE
 1792 T:06f5  b0 2d                    L_LIST_0_5 bcs LIST_3             ; FINISHED THE RANGE
 1793 T:06f7                                    ; ---LIST ONE LINE----------------
 1794 T:06f7  84 85                    L_LIST_0_6 sty FORPNT             ; 
 1795 T:06f9  20 24 1d                           jsr LINPRT                ; PRINT LINE # FROM X,A
 1796 T:06fc  a9 20                              lda #(" "&%01111111)     ; PRINT SPACE AFTER LINE #
 1797 T:06fe  a4 85                    LIST_1    ldy FORPNT             ; 
 1798 T:0700  29 7f                              and #$7f             ; 
 1799 T:0702  20 5c 0b                 LIST_2    jsr OUTDO             ; 
 1800 T:0705  a5 24                              lda MON_CH                ; IF PAST COLUMN 33, START A NEW LINE
 1801 T:0707  c9 21                              cmp #33             ; 
 1802 T:0709  90 07                              bcc L_LIST_2_1                ; < 33
 1803 T:070b  20 fb 0a                           jsr CRDO                ; PRINT <RETURN>
 1804 T:070e  a9 05                              lda #5             ; AND TAB OVER 5
 1805 T:0710  85 24                              sta MON_CH                ; 
 1806 T:0712  c8                       L_LIST_2_1 iny                 ; 
 1807 T:0713  b1 9b                              lda (LOWTR),Y                   ; 
 1808 T:0715  d0 1d                              bne LIST_4                ; NOT END OF LINE YET
 1809 T:0717  a8                                 tay                    ; END OF LINE
 1810 T:0718  b1 9b                              lda (LOWTR),Y                   ; GET LINK TO NEXT LINE
 1811 T:071a  aa                                 tax                    ; 
 1812 T:071b  c8                                 iny                    ; 
 1813 T:071c  b1 9b                              lda (LOWTR),Y                   ; 
 1814 T:071e  86 9b                              stx LOWTR                ; POINT TO NEXT LINE
 1815 T:0720  85 9c                              sta LOWTR+1          ; 
 1816 T:0722  d0 b6                              bne LIST_0             ; BRANCH IF NOT END OF PROGRAM
 1817 T:0724  a9 0d                    LIST_3    lda #$0d          ; PRINT <RETURN>
 1818 T:0726  20 5c 0b                           jsr OUTDO                ; 
 1819 T:0729  4c d2 07                           jmp NEWSTT                ; TO NEXT STATEMENT
 1820 T:072c                                    ; --------------------------------
 1821 T:072c  c8                       GETCHR    iny                 ; PICK UP CHAR FROM TABLE
 1822 T:072d  d0 02                              bne L_GETCHR_1                ; 
 1823 T:072f  e6 9e                              inc FAC+1          ; 
 1824 T:0731  b1 9d                    L_GETCHR_1 lda (FAC),Y                     ; 
 1825 T:0733  60                                 rts                    ; 
 1826 T:0734                                    ; --------------------------------
 1827 T:0734  10 cc                    LIST_4    bpl LIST_2          ; BRANCH IF NOT A TOKEN
 1828 T:0736  38                                 sec                    ; 
 1829 T:0737  e9 7f                              sbc #$7f             ; CONVERT TOKEN TO INDEX
 1830 T:0739  aa                                 tax                    ; 
 1831 T:073a  84 85                              sty FORPNT                ; SAVE LINE POINTER
 1832 T:073c  a0 d0                              ldy #<(TOKEN_NAME_TABLE-$0100)
 1833 T:073e  84 9d                              sty FAC                ; POINT FAC TO TABLE
 1834 T:0740  a0 ff                              ldy #>(TOKEN_NAME_TABLE-$0100)
 1835 T:0742  84 9e                              sty FAC+1
 1836 T:0744  a0 ff                              ldy #$ff
 1837 T:0746  ca                       L_LIST_4_1 dex                 ; SKIP KEYWORDS UNTIL REACH THIS ONE
 1838 T:0747  f0 07                              beq L_LIST_4_3                ; 
 1839 T:0749  20 2c 07                 L_LIST_4_2 jsr GETCHR          ; BUMP Y, GET CHAR FROM TABLE
 1840 T:074c  10 fb                              bpl L_LIST_4_2             ; NOT AT END OF KEYWORD YET
 1841 T:074e  30 f6                              bmi L_LIST_4_1             ; END OF KEYWORD, ALWAYS BRANCHES
 1842 T:0750  a9 20                    L_LIST_4_3 lda #(" "&%01111111)  ; FOUND THE RIGHT KEYWORD
 1843 T:0752  20 5c 0b                           jsr OUTDO                ; PRINT LEADING SPACE
 1844 T:0755  20 2c 07                 L_LIST_4_4 jsr GETCHR          ; PRINT THE KEYWORD
 1845 T:0758  30 05                              bmi L_LIST_4_5                ; LAST CHAR OF KEYWORD
 1846 T:075a  20 5c 0b                           jsr OUTDO                ; 
 1847 T:075d  d0 f6                              bne L_LIST_4_4             ; ...ALWAYS
 1848 T:075f  20 5c 0b                 L_LIST_4_5 jsr OUTDO             ; PRINT LAST CHAR OF KEYWORD
 1849 T:0762  a9 20                              lda #(" "&%01111111)     ; PRINT TRAILING SPACE
 1850 T:0764  d0 98                              bne LIST_1             ; ...ALWAYS, BACK TO ACTUAL LINE
 1851 T:0766                                    ; --------------------------------
 1852 T:0766                                    ; "FOR" STATEMENT
 1853 T:0766                                    ; 
 1854 T:0766                                    ; FOR PUSHES 18 BYTES ON THE STACK:
 1855 T:0766                                    ; 2 -- TXTPTR
 1856 T:0766                                    ; 2 -- LINE NUMBER
 1857 T:0766                                    ; 5 -- INITIAL (CURRENT)  FOR VARIABLE VALUE
 1858 T:0766                                    ; 1 -- STEP SIGN
 1859 T:0766                                    ; 5 -- STEP VALUE
 1860 T:0766                                    ; 2 -- ADDRESS OF FOR VARIABLE IN VARTAB
 1861 T:0766                                    ; 1 -- FOR TOKEN ($81)
 1862 T:0766                                    ; --------------------------------
 1863 T:0766  a9 80                    FOR       lda #$80          ; 
 1864 T:0768  85 14                              sta SUBFLG                ; SUBSCRIPTS NOT ALLOWED
 1865 T:076a  20 46 0a                           jsr LET                ; DO <VAR> = <EXP>, STORE ADDR IN FORPNT
 1866 T:076d  20 65 03                           jsr GTFORPNT             ; IS THIS FOR VARIABLE ACTIVE?
 1867 T:0770  d0 05                              bne L_FOR_1                ; NO
 1868 T:0772  8a                                 txa                    ; YES, CANCEL IT AND ENCLOSED LOOPS
 1869 T:0773  69 0f                              adc #15             ; CARRY=1, THIS ADDS 16
 1870 T:0775  aa                                 tax                    ; X WAS ALREADY S+2
 1871 T:0776  9a                                 txs                    ; 
 1872 T:0777  68                       L_FOR_1   pla                 ; POP RETURN ADDRESS TOO
 1873 T:0778  68                                 pla                    ; 
 1874 T:0779  a9 09                              lda #9             ; BE CERTAIN ENOUGH ROOM IN STACK
 1875 T:077b  20 d6 03                           jsr CHKMEM             ; 
 1876 T:077e  20 a3 09                           jsr DATAN                ; SCAN AHEAD TO NEXT STATEMENT
 1877 T:0781  18                                 clc                    ; PUSH STATEMENT ADDRESS ON STACK
 1878 T:0782  98                                 tya                    ; 
 1879 T:0783  65 b8                              adc TXTPTR                ; 
 1880 T:0785  48                                 pha                    ; 
 1881 T:0786  a5 b9                              lda TXTPTR+1          ; 
 1882 T:0788  69 00                              adc #0             ; 
 1883 T:078a  48                                 pha                    ; 
 1884 T:078b  a5 76                              lda CURLIN+1          ; PUSH LINE NUMBER ON STACK
 1885 T:078d  48                                 pha                    ; 
 1886 T:078e  a5 75                              lda CURLIN                ; 
 1887 T:0790  48                                 pha                    ; 
 1888 T:0791  a9 c1                              lda #TOKEN_TO               ; 
 1889 T:0793  20 c0 0e                           jsr SYNCHR                ; REQUIRE "TO"
 1890 T:0796  20 6a 0d                           jsr CHKNUM                ; <VAR> = <EXP> MUST BE NUMERIC
 1891 T:0799  20 67 0d                           jsr FRMNUM                ; GET FINAL VALUE, MUST BE NUMERIC
 1892 T:079c  a5 a2                              lda FAC_SIGN                ; PUT SIGN INTO VALUE IN FAC
 1893 T:079e  09 7f                              ora #$7f             ; 
 1894 T:07a0  25 9e                              and FAC+1          ; 
 1895 T:07a2  85 9e                              sta FAC+1          ; 
 1896 T:07a4  a9 af                              lda #<STEP              ; SET UP FOR RETURN
 1897 T:07a6  a0 07                              ldy #>STEP              ; TO STEP
 1898 T:07a8  85 5e                              sta INDEX
 1899 T:07aa  84 5f                              sty INDEX+1
 1900 T:07ac  4c 20 0e                           jmp FRM_STACK_3                ; RETURNS BY "JMP (INDEX)"
 1901 T:07af                                    ; --------------------------------
 1902 T:07af                                    ; "STEP" PHRASE OF "FOR" STATEMENT
 1903 T:07af                                    ; --------------------------------
 1904 T:07af  a9 13                    STEP      lda #<CON_ONE           ; STEP DEFAULT=1
 1905 T:07b1  a0 19                              ldy #>CON_ONE
 1906 T:07b3  20 f9 1a                           jsr LOAD_FAC_FROM_YA
 1907 T:07b6  20 b7 00                           jsr CHRGOT
 1908 T:07b9  c9 c7                              cmp #TOKEN_STEP
 1909 T:07bb  d0 06                              bne L_STEP_1                ; USE DEFAULT VALUE OF 1.0
 1910 T:07bd  20 b1 00                           jsr CHRGET                ; STEP SPECIFIED, GET IT
 1911 T:07c0  20 67 0d                           jsr FRMNUM
 1912 T:07c3  20 82 1b                 L_STEP_1  jsr SIGN
 1913 T:07c6  20 15 0e                           jsr FRM_STACK_2
 1914 T:07c9  a5 86                              lda FORPNT+1
 1915 T:07cb  48                                 pha 
 1916 T:07cc  a5 85                              lda FORPNT
 1917 T:07ce  48                                 pha 
 1918 T:07cf  a9 81                              lda #TOKEN_FOR
 1919 T:07d1  48                                 pha 
 1920 T:07d2                                    ; --------------------------------
 1921 T:07d2                                    ; PERFORM NEXT STATEMENT
 1922 T:07d2                                    ; --------------------------------
 1923 T:07d2  ba                       NEWSTT    tsx                 ; REMEMBER THE STACK POSITION
 1924 T:07d3  86 f8                              stx REMSTK                ; 
 1925 T:07d5  20 58 08                           jsr ISCNTC                ; SEE IF CONTROL-C HAS BEEN TYPED
 1926 T:07d8  a5 b8                              lda TXTPTR                ; NO, KEEP EXECUTING
 1927 T:07da  a4 b9                              ldy TXTPTR+1          ; 
 1928 T:07dc  a6 76                              ldx CURLIN+1          ; =$FF IF IN DIRECT MODE
 1929 T:07de  e8                                 inx                    ; $FF TURNS INTO $00
 1930 T:07df  f0 04                              beq L_NEWSTT_1                ; IN DIRECT MODE
 1931 T:07e1  85 79                              sta OLDTEXT                ; IN RUNNING MODE
 1932 T:07e3  84 7a                              sty OLDTEXT+1          ; 
 1933 T:07e5  a0 00                    L_NEWSTT_1 ldy #0          ; 
 1934 T:07e7  b1 b8                              lda (TXTPTR),Y                  ; END OF LINE YET?
 1935 T:07e9  d0 57                              bne COLON_                ; NO
 1936 T:07eb  a0 02                              ldy #2             ; YES, SEE IF END OF PROGRAM
 1937 T:07ed  b1 b8                              lda (TXTPTR),Y                  ; 
 1938 T:07ef  18                                 clc                    ; 
 1939 T:07f0  f0 34                              beq GOEND                ; YES, END OF PROGRAM
 1940 T:07f2  c8                                 iny                    ; 
 1941 T:07f3  b1 b8                              lda (TXTPTR),Y                  ; GET LINE # OF NEXT LINE
 1942 T:07f5  85 75                              sta CURLIN                ; 
 1943 T:07f7  c8                                 iny                    ; 
 1944 T:07f8  b1 b8                              lda (TXTPTR),Y                  ; 
 1945 T:07fa  85 76                              sta CURLIN+1          ; 
 1946 T:07fc  98                                 tya                    ; ADJUST TXTPTR TO START
 1947 T:07fd  65 b8                              adc TXTPTR                ; OF NEW LINE
 1948 T:07ff  85 b8                              sta TXTPTR
 1949 T:0801  90 02                              bcc L_NEWSTT_2
 1950 T:0803  e6 b9                              inc TXTPTR+1
 1951 T:0805                           L_NEWSTT_2 
 1952 T:0805                                    ; --------------------------------
 1953 T:0805  24 f2                    TRACE_    bit TRCFLG             ; IS TRACE ON?
 1954 T:0807  10 14                              bpl L_TRACE__1                ; NO
 1955 T:0809  a6 76                              ldx CURLIN+1          ; YES, ARE WE RUNNING?
 1956 T:080b  e8                                 inx                    ; 
 1957 T:080c  f0 0f                              beq L_TRACE__1                ; NOT RUNNING, SO DON'T TRACE
 1958 T:080e  a9 23                              lda #("#"&%01111111)     ; PRINT "#"
 1959 T:0810  20 5c 0b                           jsr OUTDO                ; 
 1960 T:0813  a6 75                              ldx CURLIN                ; 
 1961 T:0815  a5 76                              lda CURLIN+1          ; 
 1962 T:0817  20 24 1d                           jsr LINPRT                ; PRINT LINE NUMBER
 1963 T:081a  20 57 0b                           jsr OUTSP                ; PRINT TRAILING SPACE
 1964 T:081d  20 b1 00                 L_TRACE__1 jsr CHRGET             ; GET FIRST CHR OF STATEMENT
 1965 T:0820  20 28 08                           jsr EXECUTE_STATEMENT                ; AND START PROCESSING
 1966 T:0823  4c d2 07                           jmp NEWSTT             ; BACK FOR MORE
 1967 T:0826                                    ; --------------------------------
 1968 T:0826  f0 62                    GOEND     beq END4
 1969 T:0828                                    ; --------------------------------
 1970 T:0828                                    ; EXECUTE A STATEMENT
 1971 T:0828                                    ; 
 1972 T:0828                                    ; (A) IS FIRST CHAR OF STATEMENT
 1973 T:0828                                    ; CARRY IS SET
 1974 T:0828                                    ; --------------------------------
 1975 T:0828                           EXECUTE_STATEMENT 
 1976 T:0828  f0 2d                              beq RTS_3                ; END OF LINE, NULL STATEMENT
 1977 T:082a                           EXECUTE_STATEMENT_1                  ; 
 1978 T:082a  e9 80                              sbc #$80             ; FIRST CHAR A TOKEN?
 1979 T:082c  90 11                              bcc L_EXECUTE_STATEMENT_1_1                ; NOT TOKEN, MUST BE "LET"
 1980 T:082e  c9 40                              cmp #$40             ; STATEMENT-TYPE TOKEN?
 1981 T:0830  b0 14                              bcs SYNERR_1                ; NO, SYNTAX ERROR
 1982 T:0832  0a                                 asl                    ; DOUBLE TO GET INDEX
 1983 T:0833  a8                                 tay                    ; INTO ADDRESS TABLE
 1984 T:0834  b9 01 00                           lda TOKEN_ADDRESS_TABLE+1,Y
 1985 T:0837  48                                 pha                    ; PUT ADDRESS ON STACK
 1986 T:0838  b9 00 00                           lda TOKEN_ADDRESS_TABLE,Y
 1987 T:083b  48                                 pha 
 1988 T:083c  4c b1 00                           jmp CHRGET                ; GET NEXT CHR & RTS TO ROUTINE
 1989 T:083f                                    ; --------------------------------
 1990 T:083f  4c 46 0a                 L_EXECUTE_STATEMENT_1_1 jmp LET             ; MUST BE <VAR> = <EXP>
 1991 T:0842                                    ; --------------------------------
 1992 T:0842  c9 3a                    COLON_    cmp #(":"&%01111111)
 1993 T:0844  f0 bf                              beq TRACE_
 1994 T:0846  4c c9 0e                 SYNERR_1  jmp SYNERR
 1995 T:0849                                    ; --------------------------------
 1996 T:0849                                    ; "RESTORE" STATEMENT
 1997 T:0849                                    ; --------------------------------
 1998 T:0849                           RESTORE   
 1999 T:0849  38                                 sec                    ; SET DATPTR TO BEGINNING OF PROGRAM
 2000 T:084a  a5 67                              lda TXTTAB
 2001 T:084c  e9 01                              sbc #1
 2002 T:084e  a4 68                              ldy TXTTAB+1
 2003 T:0850  b0 01                              bcs SETDA
 2004 T:0852  88                                 dey 
 2005 T:0853                                    ; ---SET DATPTR TO Y,A------------
 2006 T:0853  85 7d                    SETDA     sta DATPTR
 2007 T:0855  84 7e                              sty DATPTR+1
 2008 T:0857  60                       RTS_3     rts 
 2009 T:0858                                    ; --------------------------------
 2010 T:0858                                    ; SEE IF CONTROL-C TYPED
 2011 T:0858                                    ; --------------------------------
 2012 T:0858  ad 00 c0                 ISCNTC    lda KEYBOARD
 2013 T:085b  c9 83                              cmp #$83
 2014 T:085d  f0 01                              beq L_ISCNTC_1
 2015 T:085f  60                                 rts 
 2016 T:0860  20 53 05                 L_ISCNTC_1 jsr INCHR          ; <<< SHOULD BE "BIT $C010" >>>
 2017 T:0863                           CONTROL_C_TYPED 
 2018 T:0863  a2 ff                              ldx #$ff             ; CONTROL C ATTEMPTED
 2019 T:0865  24 d8                              bit ERRFLG                ; "ON ERR" ENABLED?
 2020 T:0867  10 03                              bpl L_CONTROL_C_TYPED_2                ; NO
 2021 T:0869  4c e9 22                           jmp HANDLERR                ; YES, RETURN ERR CODE = 255
 2022 T:086c  c9 03                    L_CONTROL_C_TYPED_2 cmp #3          ; SINCE IT IS CTRL-C, SET Z AND C BITS
 2023 T:086e                                    ; --------------------------------
 2024 T:086e                                    ; "STOP" STATEMENT
 2025 T:086e                                    ; --------------------------------
 2026 T:086e  b0 01                    STOP      bcs END2             ; CARRY=1 TO FORCE PRINTING "BREAK AT.."
 2027 T:0870                                    ; --------------------------------
 2028 T:0870                                    ; "END" STATEMENT
 2029 T:0870                                    ; --------------------------------
 2030 T:0870  18                       ENDX      clc                 ; CARRY=0 TO AVOID PRINTING MESSAGE
 2031 T:0871  d0 3c                    END2      bne RTS_4             ; IF NOT END OF STATEMENT, DO NOTHING
 2032 T:0873  a5 b8                              lda TXTPTR
 2033 T:0875  a4 b9                              ldy TXTPTR+1
 2034 T:0877  a6 76                              ldx CURLIN+1
 2035 T:0879  e8                                 inx                    ; RUNNING?
 2036 T:087a  f0 0c                              beq L_END2_1                ; NO, DIRECT MODE
 2037 T:087c  85 79                              sta OLDTEXT
 2038 T:087e  84 7a                              sty OLDTEXT+1
 2039 T:0880  a5 75                              lda CURLIN
 2040 T:0882  a4 76                              ldy CURLIN+1
 2041 T:0884  85 77                              sta OLDLIN
 2042 T:0886  84 78                              sty OLDLIN+1
 2043 T:0888  68                       L_END2_1  pla 
 2044 T:0889  68                                 pla 
 2045 T:088a  a9 5d                    END4      lda #<QT_BREAK        ; " BREAK" AND BELL
 2046 T:088c  a0 03                              ldy #>QT_BREAK
 2047 T:088e  90 03                              bcc L_END4_1
 2048 T:0890  4c 31 04                           jmp PRINT_ERROR_LINNUM
 2049 T:0893  4c 3c 04                 L_END4_1  jmp RESTART
 2050 T:0896                                    ; --------------------------------
 2051 T:0896                                    ; "CONT" COMMAND
 2052 T:0896                                    ; --------------------------------
 2053 T:0896  d0 17                    CONT      bne RTS_4             ; IF NOT END OF STATEMENT, DO NOTHING
 2054 T:0898  a2 d2                              ldx #ERR_CANTCONT
 2055 T:089a  a4 7a                              ldy OLDTEXT+1          ; MEANINGFUL RE-ENTRY?
 2056 T:089c  d0 03                              bne L_CONT_1                ; YES
 2057 T:089e  4c 12 04                           jmp ERROR             ; NO
 2058 T:08a1  a5 79                    L_CONT_1  lda OLDTEXT             ; RESTORE TXTPTR
 2059 T:08a3  85 b8                              sta TXTPTR                ; 
 2060 T:08a5  84 b9                              sty TXTPTR+1          ; 
 2061 T:08a7  a5 77                              lda OLDLIN                ; RESTORE LINE NUMBER
 2062 T:08a9  a4 78                              ldy OLDLIN+1
 2063 T:08ab  85 75                              sta CURLIN
 2064 T:08ad  84 76                              sty CURLIN+1
 2065 T:08af  60                       RTS_4     rts 
 2066 T:08b0                                    ; --------------------------------
 2067 T:08b0                                    ; "SAVE" COMMAND
 2068 T:08b0                                    ; WRITES PROGRAM ON CASSETTE TAPE
 2069 T:08b0                                    ; --------------------------------
 2070 T:08b0  38                       SAVE      sec 
 2071 T:08b1  a5 af                              lda PRGEND                ; COMPUTE PROGRAM LENGTH
 2072 T:08b3  e5 67                              sbc TXTTAB
 2073 T:08b5  85 50                              sta LINNUM
 2074 T:08b7  a5 b0                              lda PRGEND+1
 2075 T:08b9  e5 68                              sbc TXTTAB+1
 2076 T:08bb  85 51                              sta LINNUM+1
 2077 T:08bd  20 f0 08                           jsr VARTIO                ; SET UP TO WRITE 3 BYTE HEADER
 2078 T:08c0  20 cd fe                           jsr MON_WRITE                ; WRITE 'EM
 2079 T:08c3  20 01 09                           jsr PROGIO                ; SET UP TO WRITE THE PROGRAM
 2080 T:08c6  4c cd fe                           jmp MON_WRITE                ; WRITE IT
 2081 T:08c9                                    ; --------------------------------
 2082 T:08c9                                    ; "LOAD" COMMAND
 2083 T:08c9                                    ; READS A PROGRAM FROM CASSETTE TAPE
 2084 T:08c9                                    ; --------------------------------
 2085 T:08c9  20 f0 08                 LOAD      jsr VARTIO             ; SET UP TO READ 3 BYTE HEADER
 2086 T:08cc  20 fd fe                           jsr MON_READ                ; READ LENGTH, LOCK BYTE
 2087 T:08cf  18                                 clc                    ; 
 2088 T:08d0  a5 67                              lda TXTTAB                ; COMPUTE END ADDRESS
 2089 T:08d2  65 50                              adc LINNUM                ; 
 2090 T:08d4  85 69                              sta VARTAB                ; 
 2091 T:08d6  a5 68                              lda TXTTAB+1          ; 
 2092 T:08d8  65 51                              adc LINNUM+1          ; 
 2093 T:08da  85 6a                              sta VARTAB+1          ; 
 2094 T:08dc  a5 52                              lda TEMPPT                ; LOCK BYTE
 2095 T:08de  85 d6                              sta LOCK                ; 
 2096 T:08e0  20 01 09                           jsr PROGIO                ; SET UP TO READ PROGRAM
 2097 T:08e3  20 fd fe                           jsr MON_READ                ; READ IT
 2098 T:08e6  24 d6                              bit LOCK                ; IF LOCKED, START RUNNING NOW
 2099 T:08e8  10 03                              bpl L_LOAD_1                ; NOT LOCKED
 2100 T:08ea  4c 65 06                           jmp SETPTRS             ; LOCKED, START RUNNING
 2101 T:08ed  4c f2 04                 L_LOAD_1  jmp FIX_LINKS          ; JUST FIX FORWARD POINTERS
 2102 T:08f0                                    ; --------------------------------
 2103 T:08f0  a9 50                    VARTIO    lda #LINNUM            ; SET UP TO READ/WRITE 3 BYTE HEADER
 2104 T:08f2  a0 00                              ldy #0
 2105 T:08f4  85 3c                              sta MON_A1L
 2106 T:08f6  84 3d                              sty MON_A1H
 2107 T:08f8  a9 52                              lda #TEMPPT
 2108 T:08fa  85 3e                              sta MON_A2L
 2109 T:08fc  84 3f                              sty MON_A2H
 2110 T:08fe  84 d6                              sty LOCK
 2111 T:0900  60                                 rts 
 2112 T:0901                                    ; --------------------------------
 2113 T:0901  a5 67                    PROGIO    lda TXTTAB             ; SET UP TO READ/WRITE PROGRAM
 2114 T:0903  a4 68                              ldy TXTTAB+1
 2115 T:0905  85 3c                              sta MON_A1L
 2116 T:0907  84 3d                              sty MON_A1H
 2117 T:0909  a5 69                              lda VARTAB
 2118 T:090b  a4 6a                              ldy VARTAB+1
 2119 T:090d  85 3e                              sta MON_A2L
 2120 T:090f  84 3f                              sty MON_A2H
 2121 T:0911  60                                 rts 
 2122 T:0912                                    ; --------------------------------
 2123 T:0912                                    ; --------------------------------
 2124 T:0912                                    ; "RUN" COMMAND
 2125 T:0912                                    ; --------------------------------
 2126 T:0912  08                       RUN       php                 ; SAVE STATUS WHILE SUBTRACTING
 2127 T:0913  c6 76                              dec CURLIN+1          ; IF WAS $FF (MEANING DIRECT MODE)
 2128 T:0915                                    ; MAKE IT "RUNNING MODE"
 2129 T:0915  28                                 plp                    ; GET STATUS AGAIN (FROM CHRGET)
 2130 T:0916  d0 03                              bne L_RUN_1                ; PROBABLY A LINE NUMBER
 2131 T:0918  4c 65 06                           jmp SETPTRS             ; START AT BEGINNING OF PROGRAM
 2132 T:091b  20 6c 06                 L_RUN_1   jsr CLEARC          ; CLEAR VARIABLES
 2133 T:091e  4c 35 09                           jmp GO_TO_LINE                ; JOIN GOSUB STATEMENT
 2134 T:0921                                    ; --------------------------------
 2135 T:0921                                    ; "GOSUB" STATEMENT
 2136 T:0921                                    ; 
 2137 T:0921                                    ; LEAVES 7 BYTES ON STACK:
 2138 T:0921                                    ; 2 -- RETURN ADDRESS (NEWSTT)
 2139 T:0921                                    ; 2 -- TXTPTR
 2140 T:0921                                    ; 2 -- LINE #
 2141 T:0921                                    ; 1 -- GOSUB TOKEN ($B0)
 2142 T:0921                                    ; --------------------------------
 2143 T:0921  a9 03                    GOSUB     lda #3          ; BE SURE ENOUGH ROOM ON STACK
 2144 T:0923  20 d6 03                           jsr CHKMEM
 2145 T:0926  a5 b9                              lda TXTPTR+1
 2146 T:0928  48                                 pha 
 2147 T:0929  a5 b8                              lda TXTPTR
 2148 T:092b  48                                 pha 
 2149 T:092c  a5 76                              lda CURLIN+1
 2150 T:092e  48                                 pha 
 2151 T:092f  a5 75                              lda CURLIN
 2152 T:0931  48                                 pha 
 2153 T:0932  a9 b0                              lda #TOKEN_GOSUB
 2154 T:0934  48                                 pha 
 2155 T:0935                           GO_TO_LINE 
 2156 T:0935  20 b7 00                           jsr CHRGOT
 2157 T:0938  20 3e 09                           jsr GOTO
 2158 T:093b  4c d2 07                           jmp NEWSTT
 2159 T:093e                                    ; --------------------------------
 2160 T:093e                                    ; "GOTO" STATEMENT
 2161 T:093e                                    ; ALSO USED BY "RUN" AND "GOSUB"
 2162 T:093e                                    ; --------------------------------
 2163 T:093e  20 0c 0a                 GOTO      jsr LINGET             ; GET GOTO LINE
 2164 T:0941  20 a6 09                           jsr REMN                ; POINT Y TO EOL
 2165 T:0944  a5 76                              lda CURLIN+1          ; IS CURRENT PAGE < GOTO PAGE?
 2166 T:0946  c5 51                              cmp LINNUM+1          ; 
 2167 T:0948  b0 0b                              bcs L_GOTO_1                ; SEARCH FROM PROG START IF NOT
 2168 T:094a  98                                 tya                    ; OTHERWISE SEARCH FROM NEXT LINE
 2169 T:094b  38                                 sec                    ; 
 2170 T:094c  65 b8                              adc TXTPTR                ; 
 2171 T:094e  a6 b9                              ldx TXTPTR+1          ; 
 2172 T:0950  90 07                              bcc L_GOTO_2                ; 
 2173 T:0952  e8                                 inx                    ; 
 2174 T:0953  b0 04                              bcs L_GOTO_2                ; 
 2175 T:0955  a5 67                    L_GOTO_1  lda TXTTAB             ; GET PROGRAM BEGINNING
 2176 T:0957  a6 68                              ldx TXTTAB+1          ; 
 2177 T:0959  20 1e 06                 L_GOTO_2  jsr FL1          ; SEARCH FOR GOTO LINE
 2178 T:095c  90 1e                              bcc UNDERR                ; ERROR IF NOT THERE
 2179 T:095e  a5 9b                              lda LOWTR                ; TXTPTR = START OF THE DESTINATION LINE
 2180 T:0960  e9 01                              sbc #1             ; 
 2181 T:0962  85 b8                              sta TXTPTR                ; 
 2182 T:0964  a5 9c                              lda LOWTR+1          ; 
 2183 T:0966  e9 00                              sbc #0             ; 
 2184 T:0968  85 b9                              sta TXTPTR+1          ; 
 2185 T:096a  60                       RTS_5     rts                 ; RETURN TO NEWSTT OR GOSUB
 2186 T:096b                                    ; --------------------------------
 2187 T:096b                                    ; "POP" AND "RETURN" STATEMENTS
 2188 T:096b                                    ; --------------------------------
 2189 T:096b  d0 fd                    POP       bne RTS_5
 2190 T:096d  a9 ff                              lda #$ff
 2191 T:096f  85 85                              sta FORPNT                ; <<< BUG: SHOULD BE FORPNT+1 >>>
 2192 T:0971                                    ; <<< SEE "ALL ABOUT APPLESOFT", PAGES 100,101 >>>
 2193 T:0971  20 65 03                           jsr GTFORPNT             ; TO CANCEL FOR/NEXT IN SUB
 2194 T:0974  9a                                 txs 
 2195 T:0975  c9 b0                              cmp #TOKEN_GOSUB               ; LAST GOSUB FOUND?
 2196 T:0977  f0 0b                              beq RETURN
 2197 T:0979  a2 16                              ldx #ERR_NOGOSUB
 2198 T:097b  2c                                 .byt $2c              ; FAKE
 2199 T:097c  a2 5a                    UNDERR    ldx #ERR_UNDEFSTAT
 2200 T:097e  4c 12 04                           jmp ERROR
 2201 T:0981                                    ; --------------------------------
 2202 T:0981  4c c9 0e                 SYNERR_2  jmp SYNERR
 2203 T:0984                                    ; --------------------------------
 2204 T:0984  68                       RETURN    pla                 ; DISCARD GOSUB TOKEN
 2205 T:0985  68                                 pla 
 2206 T:0986  c0 42                              cpy #<(TOKEN_POP*2)
 2207 T:0988  f0 3b                              beq PULL3                ; BRANCH IF A POP
 2208 T:098a  85 75                              sta CURLIN                ; PULL LINE #
 2209 T:098c  68                                 pla 
 2210 T:098d  85 76                              sta CURLIN+1
 2211 T:098f  68                                 pla 
 2212 T:0990  85 b8                              sta TXTPTR                ; PULL TXTPTR
 2213 T:0992  68                                 pla 
 2214 T:0993  85 b9                              sta TXTPTR+1
 2215 T:0995                                    ; --------------------------------
 2216 T:0995                                    ; "DATA" STATEMENT
 2217 T:0995                                    ; EXECUTED BY SKIPPING TO NEXT COLON OR EOL
 2218 T:0995                                    ; --------------------------------
 2219 T:0995  20 a3 09                 DATA      jsr DATAN             ; MOVE TO NEXT STATEMENT
 2220 T:0998                                    ; --------------------------------
 2221 T:0998                                    ; ADD (Y) TO TXTPTR
 2222 T:0998                                    ; --------------------------------
 2223 T:0998  98                       ADDON     tya 
 2224 T:0999  18                                 clc 
 2225 T:099a  65 b8                              adc TXTPTR
 2226 T:099c  85 b8                              sta TXTPTR
 2227 T:099e  90 02                              bcc L_ADDON_1
 2228 T:09a0  e6 b9                              inc TXTPTR+1
 2229 T:09a2                           L_ADDON_1 
 2230 T:09a2  60                       RTS_6     rts 
 2231 T:09a3                                    ; --------------------------------
 2232 T:09a3                                    ; SCAN AHEAD TO NEXT ":" OR EOL
 2233 T:09a3                                    ; --------------------------------
 2234 T:09a3  a2 3a                    DATAN     ldx #(":"&%01111111)  ; GET OFFSET IN Y TO EOL OR ":"
 2235 T:09a5  2c                                 .byt $2c              ; FAKE
 2236 T:09a6                                    ; --------------------------------
 2237 T:09a6  a2 00                    REMN      ldx #0          ; TO EOL ONLY
 2238 T:09a8  86 0d                              stx CHARAC
 2239 T:09aa  a0 00                              ldy #0
 2240 T:09ac  84 0e                              sty ENDCHR
 2241 T:09ae  a5 0e                    L_REMN_1  lda ENDCHR             ; TRICK TO COUNT QUOTE PARITY
 2242 T:09b0  a6 0d                              ldx CHARAC
 2243 T:09b2  85 0d                              sta CHARAC
 2244 T:09b4  86 0e                              stx ENDCHR
 2245 T:09b6  b1 b8                    L_REMN_2  lda (TXTPTR),Y
 2246 T:09b8  f0 e8                              beq RTS_6             ; END OF LINE
 2247 T:09ba  c5 0e                              cmp ENDCHR
 2248 T:09bc  f0 e4                              beq RTS_6             ; COLON IF LOOKING FOR COLONS
 2249 T:09be  c8                                 iny 
 2250 T:09bf  c9 22                              cmp #$22
 2251 T:09c1  d0 f3                              bne L_REMN_2
 2252 T:09c3  f0 e9                              beq L_REMN_1             ; ...ALWAYS
 2253 T:09c5                                    ; --------------------------------
 2254 T:09c5  68                       PULL3     pla 
 2255 T:09c6  68                                 pla 
 2256 T:09c7  68                                 pla 
 2257 T:09c8  60                                 rts 
 2258 T:09c9                                    ; --------------------------------
 2259 T:09c9                                    ; "IF" STATEMENT
 2260 T:09c9                                    ; --------------------------------
 2261 T:09c9  20 7b 0d                 IF        jsr FRMEVL
 2262 T:09cc  20 b7 00                           jsr CHRGOT
 2263 T:09cf  c9 ab                              cmp #TOKEN_GOTO
 2264 T:09d1  f0 05                              beq L_IF_1
 2265 T:09d3  a9 c4                              lda #TOKEN_THEN
 2266 T:09d5  20 c0 0e                           jsr SYNCHR
 2267 T:09d8  a5 9d                    L_IF_1    lda FAC             ; CONDITION TRUE OR FALSE?
 2268 T:09da  d0 05                              bne IF_TRUE                ; BRANCH IF TRUE
 2269 T:09dc                                    ; --------------------------------
 2270 T:09dc                                    ; "REM" STATEMENT, OR FALSE "IF" STATEMENT
 2271 T:09dc                                    ; --------------------------------
 2272 T:09dc  20 a6 09                 REM       jsr REMN          ; SKIP REST OF LINE
 2273 T:09df  f0 b7                              beq ADDON             ; ...ALWAYS
 2274 T:09e1                                    ; --------------------------------
 2275 T:09e1                           IF_TRUE   
 2276 T:09e1  20 b7 00                           jsr CHRGOT                ; COMMAND OR NUMBER?
 2277 T:09e4  b0 03                              bcs L_IF_TRUE_1                ; COMMAND
 2278 T:09e6  4c 3e 09                           jmp GOTO             ; NUMBER
 2279 T:09e9  4c 28 08                 L_IF_TRUE_1 jmp EXECUTE_STATEMENT
 2280 T:09ec                                    ; --------------------------------
 2281 T:09ec                                    ; "ON" STATEMENT
 2282 T:09ec                                    ; 
 2283 T:09ec                                    ; ON <EXP> GOTO <LIST>
 2284 T:09ec                                    ; ON <EXP> GOSUB <LIST>
 2285 T:09ec                                    ; --------------------------------
 2286 T:09ec  20 f8 16                 ONGOTO    jsr GETBYT             ; EVALUATE <EXP>, AS BYTE IN FAC+4
 2287 T:09ef  48                                 pha                    ; SAVE NEXT CHAR ON STACK
 2288 T:09f0  c9 b0                              cmp #TOKEN_GOSUB
 2289 T:09f2  f0 04                              beq ON_2
 2290 T:09f4  c9 ab                    ON_1      cmp #TOKEN_GOTO
 2291 T:09f6  d0 89                              bne SYNERR_2
 2292 T:09f8  c6 a1                    ON_2      dec FAC+4       ; COUNTED TO RIGHT ONE YET?
 2293 T:09fa  d0 04                              bne L_ON_2_3                ; NO, KEEP LOOKING
 2294 T:09fc  68                                 pla                    ; YES, RETRIEVE CMD
 2295 T:09fd  4c 2a 08                           jmp EXECUTE_STATEMENT_1             ; AND GO.
 2296 T:0a00  20 b1 00                 L_ON_2_3  jsr CHRGET             ; PRIME CONVERT SUBROUTINE
 2297 T:0a03  20 0c 0a                           jsr LINGET                ; CONVERT LINE #
 2298 T:0a06  c9 2c                              cmp #(","&%01111111)     ; TERMINATE WITH COMMA?
 2299 T:0a08  f0 ee                              beq ON_2             ; YES
 2300 T:0a0a  68                                 pla                    ; NO, END OF LIST, SO IGNORE
 2301 T:0a0b  60                       RTS_7     rts 
 2302 T:0a0c                                    ; --------------------------------
 2303 T:0a0c                                    ; CONVERT LINE NUMBER
 2304 T:0a0c                                    ; --------------------------------
 2305 T:0a0c  a2 00                    LINGET    ldx #0          ; ASC # TO HEX ADDRESS
 2306 T:0a0e  86 50                              stx LINNUM                ; IN LINNUM.
 2307 T:0a10  86 51                              stx LINNUM+1          ; 
 2308 T:0a12  b0 f7                    L_LINGET_1 bcs RTS_7          ; NOT A DIGIT
 2309 T:0a14  e9 2f                              sbc #("0"&%01111111)-1; CONVERT DIGIT TO BINARY
 2310 T:0a16  85 0d                              sta CHARAC                ; SAVE THE DIGIT
 2311 T:0a18  a5 51                              lda LINNUM+1          ; CHECK RANGE
 2312 T:0a1a  85 5e                              sta INDEX                ; 
 2313 T:0a1c  c9 19                              cmp #>6400            ; LINE # TOO LARGE?
 2314 T:0a1e  b0 d4                              bcs ON_1             ; YES, > 63999, GO INDIRECTLY TO
 2315 T:0a20                                    ; "SYNTAX ERROR".
 2316 T:0a20                                    ; <<<<<DANGEROUS CODE>>>>>
 2317 T:0a20                                    ; NOTE THAT IF (A) = $AB ON THE LINE ABOVE,
 2318 T:0a20                                    ; ON_1 WILL COMPARE = AND CAUSE A CATASTROPHIC
 2319 T:0a20                                    ; JUMP TO $22D9 (FOR GOTO), OR OTHER LOCATIONS
 2320 T:0a20                                    ; FOR OTHER CALLS TO LINGET.
 2321 T:0a20                                    ; 
 2322 T:0a20                                    ; YOU CAN SEE THIS IS YOU FIRST PUT "BRK" IN $22D9,
 2323 T:0a20                                    ; THEN TYPE "GO TO 437761".
 2324 T:0a20                                    ; 
 2325 T:0a20                                    ; ANY VALUE FROM 437760 THROUGH 440319 WILL CAUSE
 2326 T:0a20                                    ; THE PROBLEM.  ($AB00 - $ABFF)
 2327 T:0a20                                    ; <<<<<DANGEROUS CODE>>>>>
 2328 T:0a20  a5 50                              lda LINNUM                ; MULTIPLY BY TEN
 2329 T:0a22  0a                                 asl 
 2330 T:0a23  26 5e                              rol INDEX
 2331 T:0a25  0a                                 asl 
 2332 T:0a26  26 5e                              rol INDEX
 2333 T:0a28  65 50                              adc LINNUM
 2334 T:0a2a  85 50                              sta LINNUM
 2335 T:0a2c  a5 5e                              lda INDEX
 2336 T:0a2e  65 51                              adc LINNUM+1
 2337 T:0a30  85 51                              sta LINNUM+1
 2338 T:0a32  06 50                              asl LINNUM
 2339 T:0a34  26 51                              rol LINNUM+1
 2340 T:0a36  a5 50                              lda LINNUM
 2341 T:0a38  65 0d                              adc CHARAC                ; ADD DIGIT
 2342 T:0a3a  85 50                              sta LINNUM
 2343 T:0a3c  90 02                              bcc L_LINGET_2
 2344 T:0a3e  e6 51                              inc LINNUM+1
 2345 T:0a40  20 b1 00                 L_LINGET_2 jsr CHRGET             ; GET NEXT CHAR
 2346 T:0a43  4c 12 0a                           jmp L_LINGET_1             ; MORE CONVERTING
 2347 T:0a46                                    ; --------------------------------
 2348 T:0a46                                    ; "LET" STATEMENT
 2349 T:0a46                                    ; 
 2350 T:0a46                                    ; LET <VAR> = <EXP>
 2351 T:0a46                                    ; <VAR> = <EXP>
 2352 T:0a46                                    ; --------------------------------
 2353 T:0a46  20 e3 0f                 LET       jsr PTRGET             ; GET <VAR>
 2354 T:0a49  85 85                              sta FORPNT
 2355 T:0a4b  84 86                              sty FORPNT+1
 2356 T:0a4d  a9 d0                              lda #TOKENEQUUAL
 2357 T:0a4f  20 c0 0e                           jsr SYNCHR
 2358 T:0a52  a5 12                              lda VALTYP+1          ; SAVE VARIABLE TYPE
 2359 T:0a54  48                                 pha 
 2360 T:0a55  a5 11                              lda VALTYP
 2361 T:0a57  48                                 pha 
 2362 T:0a58  20 7b 0d                           jsr FRMEVL                ; EVALUATE <EXP>
 2363 T:0a5b  68                                 pla 
 2364 T:0a5c  2a                                 rol 
 2365 T:0a5d  20 6d 0d                           jsr CHKVAL
 2366 T:0a60  d0 18                              bne LET_STRING
 2367 T:0a62  68                                 pla 
 2368 T:0a63                                    ; --------------------------------
 2369 T:0a63  10 12                    LET2      bpl L_LET2_1             ; REAL VARIABLE
 2370 T:0a65  20 72 1b                           jsr ROUND_FAC                ; INTEGER VAR: ROUND TO 32 BITS
 2371 T:0a68  20 0c 11                           jsr AYINT                ; TRUNCATE TO 16-BITS
 2372 T:0a6b  a0 00                              ldy #0
 2373 T:0a6d  a5 a0                              lda FAC+3
 2374 T:0a6f  91 85                              sta (FORPNT),Y
 2375 T:0a71  c8                                 iny 
 2376 T:0a72  a5 a1                              lda FAC+4
 2377 T:0a74  91 85                              sta (FORPNT),Y
 2378 T:0a76  60                                 rts 
 2379 T:0a77                                    ; --------------------------------
 2380 T:0a77                                    ; REAL VARIABLE = EXPRESSION
 2381 T:0a77                                    ; --------------------------------
 2382 T:0a77  4c 27 1b                 L_LET2_1  jmp SETFOR
 2383 T:0a7a                                    ; --------------------------------
 2384 T:0a7a                           LET_STRING 
 2385 T:0a7a  68                                 pla 
 2386 T:0a7b                                    ; --------------------------------
 2387 T:0a7b                                    ; INSTALL STRING, DESCRIPTOR ADDRESS IS AT FAC+3,4
 2388 T:0a7b                                    ; --------------------------------
 2389 T:0a7b  a0 02                    PUTSTR    ldy #2          ; STRING DATA ALREADY IN STRING AREA?
 2390 T:0a7d  b1 a0                              lda (FAC+3),Y                   ; (STRING AREA IS BTWN FRETOP
 2391 T:0a7f  c5 70                              cmp FRETOP+1          ; HIMEM)
 2392 T:0a81  90 17                              bcc L_PUTSTR_2                ; YES, DATA ALREADY UP THERE
 2393 T:0a83  d0 07                              bne L_PUTSTR_1                ; NO
 2394 T:0a85  88                                 dey                    ; MAYBE, TEST LOW BYTE OF POINTER
 2395 T:0a86  b1 a0                              lda (FAC+3),Y                   ; 
 2396 T:0a88  c5 6f                              cmp FRETOP                ; 
 2397 T:0a8a  90 0e                              bcc L_PUTSTR_2                ; YES, ALREADY THERE
 2398 T:0a8c  a4 a1                    L_PUTSTR_1 ldy FAC+4       ; NO. DESCRIPTOR ALREADY AMONG VARIABLES?
 2399 T:0a8e  c4 6a                              cpy VARTAB+1          ; 
 2400 T:0a90  90 08                              bcc L_PUTSTR_2                ; NO
 2401 T:0a92  d0 0d                              bne L_PUTSTR_3                ; YES
 2402 T:0a94  a5 a0                              lda FAC+3          ; MAYBE, COMPARE LO-BYTE
 2403 T:0a96  c5 69                              cmp VARTAB                ; 
 2404 T:0a98  b0 07                              bcs L_PUTSTR_3                ; YES, DESCRIPTOR IS AMONG VARIABLES
 2405 T:0a9a  a5 a0                    L_PUTSTR_2 lda FAC+3       ; EITHER STRING ALREADY ON TOP, OR
 2406 T:0a9c  a4 a1                              ldy FAC+4          ; DESCRIPTOR IS NOT A VARIABLE
 2407 T:0a9e  4c b7 0a                           jmp L_PUTSTR_4                ; SO JUST STORE THE DESCRIPTOR
 2408 T:0aa1                                    ; --------------------------------
 2409 T:0aa1                                    ; STRING NOT YET IN STRING AREA,
 2410 T:0aa1                                    ; AND DESCRIPTOR IS A VARIABLE
 2411 T:0aa1                                    ; --------------------------------
 2412 T:0aa1  a0 00                    L_PUTSTR_3 ldy #0          ; POINT AT LENGTH IN DESCRIPTOR
 2413 T:0aa3  b1 a0                              lda (FAC+3),Y                   ; GET LENGTH
 2414 T:0aa5  20 d5 13                           jsr STRINI                ; MAKE A STRING THAT LONG UP ABOVE
 2415 T:0aa8  a5 8c                              lda DSCPTR                ; SET UP SOURCE PNTR FOR MONINS
 2416 T:0aaa  a4 8d                              ldy DSCPTR+1          ; 
 2417 T:0aac  85 ab                              sta STRNG1                ; 
 2418 T:0aae  84 ac                              sty STRNG1+1          ; 
 2419 T:0ab0  20 d4 15                           jsr MOVINS                ; MOVE STRING DATA TO NEW AREA
 2420 T:0ab3  a9 9d                              lda #<FAC              ; ADDRESS OF DESCRIPTOR IS IN FAC
 2421 T:0ab5  a0 00                              ldy #>FAC              ; 
 2422 T:0ab7  85 8c                    L_PUTSTR_4 sta DSCPTR             ; 
 2423 T:0ab9  84 8d                              sty DSCPTR+1          ; 
 2424 T:0abb  20 35 16                           jsr FRETMS                ; DISCARD DESCRIPTOR IF 'TWAS TEMPORARY
 2425 T:0abe  a0 00                              ldy #0             ; COPY STRING DESCRIPTOR
 2426 T:0ac0  b1 8c                              lda (DSCPTR),Y
 2427 T:0ac2  91 85                              sta (FORPNT),Y
 2428 T:0ac4  c8                                 iny 
 2429 T:0ac5  b1 8c                              lda (DSCPTR),Y
 2430 T:0ac7  91 85                              sta (FORPNT),Y
 2431 T:0ac9  c8                                 iny 
 2432 T:0aca  b1 8c                              lda (DSCPTR),Y
 2433 T:0acc  91 85                              sta (FORPNT),Y
 2434 T:0ace  60                                 rts 
 2435 T:0acf                                    ; --------------------------------
 2436 T:0acf                           PR_STRING 
 2437 T:0acf  20 3d 0b                           jsr STRPRT
 2438 T:0ad2  20 b7 00                           jsr CHRGOT
 2439 T:0ad5                                    ; --------------------------------
 2440 T:0ad5                                    ; "PRINT" STATEMENT
 2441 T:0ad5                                    ; --------------------------------
 2442 T:0ad5  f0 24                    PRINT     beq CRDO             ; NO MORE LIST, PRINT <RETURN>
 2443 T:0ad7                                    ; --------------------------------
 2444 T:0ad7  f0 29                    PRINT2    beq RTS_8             ; NO MORE LIST, DON'T PRINT <RETURN>
 2445 T:0ad9  c9 c0                              cmp #TOKEN_TAB
 2446 T:0adb  f0 39                              beq PR_TAB_OR_SPC                ; C=1 FOR TAB(
 2447 T:0add  c9 c3                              cmp #TOKEN_SPC
 2448 T:0adf  18                                 clc 
 2449 T:0ae0  f0 34                              beq PR_TAB_OR_SPC                ; C=0 FOR SPC(
 2450 T:0ae2  c9 2c                              cmp #(","&%01111111)
 2451 T:0ae4  18                                 clc                    ; <<< NO PURPOSE TO THIS >>>
 2452 T:0ae5  f0 1c                              beq PR_COMMA                ; 
 2453 T:0ae7  c9 3b                              cmp #(";"&%01111111)
 2454 T:0ae9  f0 44                              beq PR_NEXT_CHAR                ; 
 2455 T:0aeb  20 7b 0d                           jsr FRMEVL                ; EVALUATE EXPRESSION
 2456 T:0aee  24 11                              bit VALTYP                ; STRING OR FP VALUE?
 2457 T:0af0  30 dd                              bmi PR_STRING             ; STRING
 2458 T:0af2  20 34 1d                           jsr FOUT                ; FP: CONVERT INTO BUFFER
 2459 T:0af5  20 e7 13                           jsr STRLIT                ; MAKE BUFFER INTO STRING
 2460 T:0af8  4c cf 0a                           jmp PR_STRING             ; PRINT THE STRING
 2461 T:0afb                                    ; --------------------------------
 2462 T:0afb  a9 0d                    CRDO      lda #$0d          ; PRINT <RETURN>
 2463 T:0afd  20 5c 0b                           jsr OUTDO
 2464 T:0b00  49 ff                    NEGATE    eor #$ff          ; <<< WHY??? >>>
 2465 T:0b02  60                       RTS_8     rts 
 2466 T:0b03                                    ; --------------------------------
 2467 T:0b03                                    ; TAB TO NEXT COMMA COLUMN
 2468 T:0b03                                    ; <<< NOTE BUG IF WIDTH OF WINDOW LESS THAN 33 >>>
 2469 T:0b03                           PR_COMMA  
 2470 T:0b03  a5 24                              lda MON_CH
 2471 T:0b05  c9 18                              cmp #24             ; <<< BUG:  IT SHOULD BE 32 >>>
 2472 T:0b07  90 05                              bcc L_PR_COMMA_1                ; NEXT COLUMN, SAME LINE
 2473 T:0b09  20 fb 0a                           jsr CRDO             ; FIRST COLUMN, NEXT LINT
 2474 T:0b0c  d0 21                              bne PR_NEXT_CHAR                ; ...ALWAYS
 2475 T:0b0e  69 10                    L_PR_COMMA_1 adc #16
 2476 T:0b10  29 f0                              and #$f0             ; ROUND TO 16 OR 32
 2477 T:0b12  85 24                              sta MON_CH
 2478 T:0b14  90 19                              bcc PR_NEXT_CHAR                ; ...ALWAYS
 2479 T:0b16                                    ; --------------------------------
 2480 T:0b16                           PR_TAB_OR_SPC 
 2481 T:0b16  08                                 php                    ; C=0 FOR SPC(, C=1 FOR TAB(
 2482 T:0b17  20 f5 16                           jsr GTBYTC                ; GET VALUE
 2483 T:0b1a  c9 29                              cmp #(")"&%01111111)     ; TRAILING PARENTHESIS
 2484 T:0b1c  f0 03                              beq L_PR_TAB_OR_SPC_1                ; GOOD
 2485 T:0b1e  4c c9 0e                           jmp SYNERR                ; NO, SYNTAX ERROR
 2486 T:0b21  28                       L_PR_TAB_OR_SPC_1 plp                 ; TAB( OR SPC(
 2487 T:0b22  90 07                              bcc L_PR_TAB_OR_SPC_2                ; SPC(
 2488 T:0b24  ca                                 dex                    ; TAB(
 2489 T:0b25  8a                                 txa                    ; CALCULATE SPACES NEEDED FOR TAB(
 2490 T:0b26  e5 24                              sbc MON_CH
 2491 T:0b28  90 05                              bcc PR_NEXT_CHAR                ; ALREADY PAST THAT COLUMN
 2492 T:0b2a  aa                                 tax                    ; NOW DO A SPC( TO THE SPECIFIED COLUMN
 2493 T:0b2b  e8                       L_PR_TAB_OR_SPC_2 inx 
 2494 T:0b2c  ca                       NXSPC     dex 
 2495 T:0b2d  d0 06                              bne DOSPC                ; MORE SPACES TO PRINT
 2496 T:0b2f                                    ; --------------------------------
 2497 T:0b2f                           PR_NEXT_CHAR 
 2498 T:0b2f  20 b1 00                           jsr CHRGET
 2499 T:0b32  4c d7 0a                           jmp PRINT2             ; CONTINUE PARSING PRINT LIST
 2500 T:0b35                                    ; --------------------------------
 2501 T:0b35  20 57 0b                 DOSPC     jsr OUTSP
 2502 T:0b38  d0 f2                              bne NXSPC             ; ...ALWAYS
 2503 T:0b3a                                    ; --------------------------------
 2504 T:0b3a                                    ; PRINT STRING AT (Y,A)
 2505 T:0b3a  20 e7 13                 STROUT    jsr STRLIT             ; MAKE (Y,A) PRINTABLE
 2506 T:0b3d                                    ; --------------------------------
 2507 T:0b3d                                    ; PRINT STRING AT (FACMO,FACLO)
 2508 T:0b3d                                    ; --------------------------------
 2509 T:0b3d  20 00 16                 STRPRT    jsr FREFAC             ; GET ADDRESS INTO INDEX, (A)=LENGTH
 2510 T:0b40  aa                                 tax                    ; USE X-REG FOR COUNTER
 2511 T:0b41  a0 00                              ldy #0             ; USE Y-REG FOR SCANNER
 2512 T:0b43  e8                                 inx                    ; 
 2513 T:0b44  ca                       L_STRPRT_1 dex                 ; 
 2514 T:0b45  f0 bb                              beq RTS_8             ; FINISHED
 2515 T:0b47  b1 5e                              lda (INDEX),Y                   ; NEXT CHAR FROM STRING
 2516 T:0b49  20 5c 0b                           jsr OUTDO                ; PRINT THE CHAR
 2517 T:0b4c  c8                                 iny                    ; 
 2518 T:0b4d                                    ; <<< NEXT THREE LINES ARE USELESS >>>
 2519 T:0b4d  c9 0d                              cmp #$0d             ; WAS IT <RETURN>?
 2520 T:0b4f  d0 f3                              bne L_STRPRT_1             ; NO
 2521 T:0b51  20 00 0b                           jsr NEGATE             ; EOR #$FF WOULD DO IT, BUT WHY?
 2522 T:0b54                                    ; <<< ABOVE THREE LINES ARE USELESS >>>
 2523 T:0b54  4c 44 0b                           jmp L_STRPRT_1
 2524 T:0b57                                    ; --------------------------------
 2525 T:0b57  a9 20                    OUTSP     lda #(" "&%01111111)  ; PRINT A SPACE
 2526 T:0b59  2c                                 .byt $2c              ; SKIP OVER NEXT LINE
 2527 T:0b5a  a9 3f                    OUTQUES   lda #("?"&%01111111)  ; PRINT QUESTION MARK
 2528 T:0b5c                                    ; --------------------------------
 2529 T:0b5c                                    ; PRINT CHAR FROM (A)
 2530 T:0b5c                                    ; 
 2531 T:0b5c                                    ; NOTE: POKE 243,32 ($20 IN $F3) WILL CONVERT
 2532 T:0b5c                                    ; OUTPUT TO LOWER CASE.  THIS CAN BE CANCELLED
 2533 T:0b5c                                    ; BY NORMAL, INVERSE, OR FLASH OR POKE 243,0.
 2534 T:0b5c                                    ; --------------------------------
 2535 T:0b5c  09 80                    OUTDO     ora #$80          ; PRINT (A)
 2536 T:0b5e  c9 a0                              cmp #$a0             ; CONTROL CHR?
 2537 T:0b60  90 02                              bcc L_OUTDO_1                ; SKIP IF SO
 2538 T:0b62  05 f3                              ora FLASH_BIT                ; =$40 FOR FLASH, ELSE $00
 2539 T:0b64  20 ed fd                 L_OUTDO_1 jsr MON_COUT             ; "AND"S WITH $3F (INVERSE), $7F (FLASH)
 2540 T:0b67  29 7f                              and #$7f             ; 
 2541 T:0b69  48                                 pha                    ; 
 2542 T:0b6a  a5 f1                              lda SPEEDZ                ; COMPLEMENT OF SPEED #
 2543 T:0b6c  20 a8 fc                           jsr MON_WAIT                ; SO SPEED=255 BECOMES (A)=1
 2544 T:0b6f  68                                 pla 
 2545 T:0b70  60                                 rts 
 2546 T:0b71                                    ; --------------------------------
 2547 T:0b71                                    ; INPUT CONVERSION ERROR:  ILLEGAL CHARACTER
 2548 T:0b71                                    ; IN NUMERIC FIELD.  MUST DISTINGUISH
 2549 T:0b71                                    ; BETWEEN INPUT, READ, AND GET
 2550 T:0b71                                    ; --------------------------------
 2551 T:0b71                           INPUTERR  
 2552 T:0b71  a5 15                              lda INPUTFLG
 2553 T:0b73  f0 12                              beq RESPERR                ; TAKEN IF INPUT
 2554 T:0b75  30 04                              bmi READERR                ; TAKEN IF READ
 2555 T:0b77  a0 ff                              ldy #$ff             ; FROM A GET
 2556 T:0b79  d0 04                              bne ERLIN                ; ...ALWAYS
 2557 T:0b7b                                    ; --------------------------------
 2558 T:0b7b                           READERR   
 2559 T:0b7b  a5 7b                              lda DATLIN                ; TELL WHERE THE "DATA" IS, RATHER
 2560 T:0b7d  a4 7c                              ldy DATLIN+1          ; THAN THE "READ"
 2561 T:0b7f                                    ; --------------------------------
 2562 T:0b7f  85 75                    ERLIN     sta CURLIN
 2563 T:0b81  84 76                              sty CURLIN+1
 2564 T:0b83  4c c9 0e                           jmp SYNERR
 2565 T:0b86                                    ; --------------------------------
 2566 T:0b86  68                       INPERR    pla 
 2567 T:0b87                                    ; --------------------------------
 2568 T:0b87                           RESPERR   
 2569 T:0b87  24 d8                              bit ERRFLG                ; "ON ERR" TURNED ON?
 2570 T:0b89  10 05                              bpl L_RESPERR_1                ; NO, GIVE REENTRY A TRY
 2571 T:0b8b  a2 fe                              ldx #254             ; ERROR CODE = 254
 2572 T:0b8d  4c e9 22                           jmp HANDLERR
 2573 T:0b90  a9 ef                    L_RESPERR_1 lda #<ERR_REENTRY           ; "?REENTER"
 2574 T:0b92  a0 0c                              ldy #>ERR_REENTRY
 2575 T:0b94  20 3a 0b                           jsr STROUT
 2576 T:0b97  a5 79                              lda OLDTEXT                ; RE-EXECUTE THE WHOLE INPUT STATEMENT
 2577 T:0b99  a4 7a                              ldy OLDTEXT+1
 2578 T:0b9b  85 b8                              sta TXTPTR
 2579 T:0b9d  84 b9                              sty TXTPTR+1
 2580 T:0b9f  60                                 rts 
 2581 T:0ba0                                    ; --------------------------------
 2582 T:0ba0                                    ; "GET" STATEMENT
 2583 T:0ba0                                    ; --------------------------------
 2584 T:0ba0  20 06 13                 GET       jsr ERRDIR             ; ILLEGAL IF IN DIRECT MODE
 2585 T:0ba3  a2 01                              ldx #<(INPUT_BUFFER+1)      ; SIMULATE INPUT
 2586 T:0ba5  a0 02                              ldy #>(INPUT_BUFFER+1)
 2587 T:0ba7  a9 00                              lda #0
 2588 T:0ba9  8d 01 02                           sta INPUT_BUFFER+1
 2589 T:0bac  a9 40                              lda #$40             ; SET UP INPUTFLG
 2590 T:0bae  20 eb 0b                           jsr PROCESS_INPUT_LIST                ; <<< CAN SAVE 1 BYTE HERE>>>
 2591 T:0bb1  60                                 rts                    ; <<<BY "JMP PROCESS.INPUT.LIST">>>
 2592 T:0bb2                                    ; --------------------------------
 2593 T:0bb2                                    ; "INPUT" STATEMENT
 2594 T:0bb2                                    ; --------------------------------
 2595 T:0bb2  c9 22                    INPUT     cmp #$22          ; CHECK FOR OPTIONAL PROMPT STRING
 2596 T:0bb4  d0 0e                              bne L_INPUT_1                ; NO, PRINT "?" PROMPT
 2597 T:0bb6  20 81 0e                           jsr STRTXT                ; MAKE A PRINTABLE STRING OUT OF IT
 2598 T:0bb9  a9 3b                              lda #(";"&%01111111)     ; MUST HAVE ; NOW
 2599 T:0bbb  20 c0 0e                           jsr SYNCHR                ; 
 2600 T:0bbe  20 3d 0b                           jsr STRPRT             ; PRINT THE STRING
 2601 T:0bc1  4c c7 0b                           jmp L_INPUT_2                ; 
 2602 T:0bc4  20 5a 0b                 L_INPUT_1 jsr OUTQUES          ; NO STRING, PRINT "?"
 2603 T:0bc7  20 06 13                 L_INPUT_2 jsr ERRDIR             ; ILLEGAL IF IN DIRECT MODE
 2604 T:0bca  a9 2c                              lda #(","&%01111111)     ; PRIME THE BUFFER
 2605 T:0bcc  8d ff 01                           sta INPUT_BUFFER-1
 2606 T:0bcf  20 2c 05                           jsr INLIN
 2607 T:0bd2  ad 00 02                           lda INPUT_BUFFER
 2608 T:0bd5  c9 03                              cmp #$03             ; CONTROL C?
 2609 T:0bd7  d0 10                              bne INPUT_FLAG_ZERO                ; NO
 2610 T:0bd9  4c 63 08                           jmp CONTROL_C_TYPED
 2611 T:0bdc                                    ; --------------------------------
 2612 T:0bdc  20 5a 0b                 NXIN      jsr OUTQUES          ; PRINT "?"
 2613 T:0bdf  4c 2c 05                           jmp INLIN
 2614 T:0be2                                    ; --------------------------------
 2615 T:0be2                                    ; "READ" STATEMENT
 2616 T:0be2                                    ; --------------------------------
 2617 T:0be2  a6 7d                    READ      ldx DATPTR             ; Y,X POINTS AT NEXT DATA STATEMENT
 2618 T:0be4  a4 7e                              ldy DATPTR+1          ; 
 2619 T:0be6  a9 98                              lda #$98             ; SET INPUTFLG = $98
 2620 T:0be8  2c                                 .byt $2c              ; TRICK TO PROCESS.INPUT.LIST
 2621 T:0be9                                    ; --------------------------------
 2622 T:0be9  a9 00                    INPUT_FLAG_ZERO lda #0          ; SET INPUTFLG = $00
 2623 T:0beb                                    ; --------------------------------
 2624 T:0beb                                    ; PROCESS INPUT LIST
 2625 T:0beb                                    ; 
 2626 T:0beb                                    ; (Y,X) IS ADDRESS OF INPUT DATA STRING
 2627 T:0beb                                    ; (A) = VALUE FOR INPUTFLG:  $00 FOR INPUT
 2628 T:0beb                                    ; $40 FOR GET
 2629 T:0beb                                    ; $98 FOR READ
 2630 T:0beb                                    ; --------------------------------
 2631 T:0beb  85 15                    PROCESS_INPUT_LIST sta INPUTFLG
 2632 T:0bed  86 7f                              stx INPTR                ; ADDRESS OF INPUT STRING
 2633 T:0bef  84 80                              sty INPTR+1
 2634 T:0bf1                                    ; --------------------------------
 2635 T:0bf1  20 e3 0f                 PROCESS_INPUT_ITEM jsr PTRGET             ; GET ADDRESS OF VARIABLE
 2636 T:0bf4  85 85                              sta FORPNT                ; 
 2637 T:0bf6  84 86                              sty FORPNT+1          ; 
 2638 T:0bf8  a5 b8                              lda TXTPTR                ; SAVE CURRENT TXTPTR,
 2639 T:0bfa  a4 b9                              ldy TXTPTR+1          ; WHICH POINTS INTO PROGRAM
 2640 T:0bfc  85 87                              sta TXPSV                ; 
 2641 T:0bfe  84 88                              sty TXPSV+1          ; 
 2642 T:0c00  a6 7f                              ldx INPTR                ; SET TXTPTR TO POINT AT INPUT BUFFER
 2643 T:0c02  a4 80                              ldy INPTR+1          ; OR "DATA" LINE
 2644 T:0c04  86 b8                              stx TXTPTR                ; 
 2645 T:0c06  84 b9                              sty TXTPTR+1          ; 
 2646 T:0c08  20 b7 00                           jsr CHRGOT                ; GET CHAR AT PNTR
 2647 T:0c0b  d0 1e                              bne INSTART                ; NOT END OF LINE OR COLON
 2648 T:0c0d  24 15                              bit INPUTFLG                ; DOING A "GET"?
 2649 T:0c0f  50 0e                              bvc L_PROCESS_INPUT_ITEM_1                ; NO
 2650 T:0c11  20 0c fd                           jsr MON_RDKEY                ; YES, GET CHAR
 2651 T:0c14  29 7f                              and #$7f
 2652 T:0c16  8d 00 02                           sta INPUT_BUFFER
 2653 T:0c19  a2 ff                              ldx #<(INPUT_BUFFER-1)
 2654 T:0c1b  a0 01                              ldy #>(INPUT_BUFFER-1)
 2655 T:0c1d  d0 08                              bne L_PROCESS_INPUT_ITEM_2                ; ...ALWAYS
 2656 T:0c1f                                    ; --------------------------------
 2657 T:0c1f  30 7f                    L_PROCESS_INPUT_ITEM_1 bmi FINDATA             ; DOING A "READ"
 2658 T:0c21  20 5a 0b                           jsr OUTQUES             ; DOING AN "INPUT", PRINT "?"
 2659 T:0c24  20 dc 0b                           jsr NXIN             ; PRINT ANOTHER "?", AND INPUT A LINE
 2660 T:0c27  86 b8                    L_PROCESS_INPUT_ITEM_2 stx TXTPTR
 2661 T:0c29  84 b9                              sty TXTPTR+1
 2662 T:0c2b                                    ; --------------------------------
 2663 T:0c2b                           INSTART   
 2664 T:0c2b  20 b1 00                           jsr CHRGET                ; GET NEXT INPUT CHAR
 2665 T:0c2e  24 11                              bit VALTYP                ; STRING OR NUMERIC?
 2666 T:0c30  10 31                              bpl L_INSTART_5                ; NUMERIC
 2667 T:0c32  24 15                              bit INPUTFLG                ; STRING -- NOW WHAT INPUT TYPE?
 2668 T:0c34  50 09                              bvc L_INSTART_1                ; NOT A "GET"
 2669 T:0c36  e8                                 inx                    ; "GET"
 2670 T:0c37  86 b8                              stx TXTPTR
 2671 T:0c39  a9 00                              lda #0
 2672 T:0c3b  85 0d                              sta CHARAC                ; NO OTHER TERMINATORS THAN $00
 2673 T:0c3d  f0 0c                              beq L_INSTART_2                ; ...ALWAYS
 2674 T:0c3f                                    ; --------------------------------
 2675 T:0c3f  85 0d                    L_INSTART_1 sta CHARAC
 2676 T:0c41  c9 22                              cmp #$22             ; TERMINATE ON $00 OR QUOTE
 2677 T:0c43  f0 07                              beq L_INSTART_3
 2678 T:0c45  a9 3a                              lda #(":"&%01111111)     ; TERMINATE ON $00, COLON, OR COMMA
 2679 T:0c47  85 0d                              sta CHARAC
 2680 T:0c49  a9 2c                              lda #(","&%01111111)
 2681 T:0c4b  18                       L_INSTART_2 clc 
 2682 T:0c4c  85 0e                    L_INSTART_3 sta ENDCHR
 2683 T:0c4e  a5 b8                              lda TXTPTR
 2684 T:0c50  a4 b9                              ldy TXTPTR+1
 2685 T:0c52  69 00                              adc #0             ; SKIP OVER QUOTATION MARK, IF
 2686 T:0c54  90 01                              bcc L_INSTART_4                ; THERE WAS ONE
 2687 T:0c56  c8                                 iny 
 2688 T:0c57  20 ed 13                 L_INSTART_4 jsr STRLT2             ; BUILD STRING STARTING AT (Y,A)
 2689 T:0c5a                                    ; TERMINATED BY $00, (CHARAC), OR (ENDCHR)
 2690 T:0c5a  20 3d 17                           jsr POINT                ; SET TXTPTR TO POINT AT STRING
 2691 T:0c5d  20 7b 0a                           jsr PUTSTR             ; STORE STRING IN VARIABLE
 2692 T:0c60  4c 72 0c                           jmp INPUT_MORE
 2693 T:0c63                                    ; --------------------------------
 2694 T:0c63  48                       L_INSTART_5 pha 
 2695 T:0c64  ad 00 02                           lda INPUT_BUFFER                ; ANYTHING IN BUFFER?
 2696 T:0c67  f0 30                              beq INPFIN                ; NO, SEE IF READ OR INPUT
 2697 T:0c69                                    ; --------------------------------
 2698 T:0c69                           INPUTDWTA 
 2699 T:0c69  68                                 pla                    ; "READ"
 2700 T:0c6a  20 4a 1c                           jsr FIN                ; GET FP NUMBER AT TXTPTR
 2701 T:0c6d  a5 12                              lda VALTYP+1          ; 
 2702 T:0c6f  20 63 0a                           jsr LET2             ; STORE RESULT IN VARIABLE
 2703 T:0c72                                    ; --------------------------------
 2704 T:0c72                           INPUT_MORE 
 2705 T:0c72  20 b7 00                           jsr CHRGOT
 2706 T:0c75  f0 07                              beq L_INPUT_MORE_1                ; END OF LINE OR COLON
 2707 T:0c77  c9 2c                              cmp #(","&%01111111)     ; COMMA IN INPUT?
 2708 T:0c79  f0 03                              beq L_INPUT_MORE_1                ; YES
 2709 T:0c7b  4c 71 0b                           jmp INPUTERR             ; NOTHING ELSE WILL DO
 2710 T:0c7e  a5 b8                    L_INPUT_MORE_1 lda TXTPTR             ; SAVE POSITION IN INPUT BUFFER
 2711 T:0c80  a4 b9                              ldy TXTPTR+1          ; 
 2712 T:0c82  85 7f                              sta INPTR                ; 
 2713 T:0c84  84 80                              sty INPTR+1          ; 
 2714 T:0c86  a5 87                              lda TXPSV                ; RESTORE PROGRAM POINTER
 2715 T:0c88  a4 88                              ldy TXPSV+1          ; 
 2716 T:0c8a  85 b8                              sta TXTPTR                ; 
 2717 T:0c8c  84 b9                              sty TXTPTR+1          ; 
 2718 T:0c8e  20 b7 00                           jsr CHRGOT                ; NEXT CHAR FROM PROGRAM
 2719 T:0c91  f0 33                              beq INPDONE                ; END OF STATEMENT
 2720 T:0c93  20 be 0e                           jsr CHKCOM                ; BETTER BE A COMMA THEN
 2721 T:0c96  4c f1 0b                           jmp PROCESS_INPUT_ITEM
 2722 T:0c99                                    ; --------------------------------
 2723 T:0c99  a5 15                    INPFIN    lda INPUTFLG             ; "INPUT" OR "READ"
 2724 T:0c9b  d0 cc                              bne INPUTDWTA             ; "READ"
 2725 T:0c9d  4c 86 0b                           jmp INPERR
 2726 T:0ca0                                    ; --------------------------------
 2727 T:0ca0                           FINDATA   
 2728 T:0ca0  20 a3 09                           jsr DATAN             ; GET OFFSET TO NEXT COLON OR EOL
 2729 T:0ca3  c8                                 iny                    ; TO FIRST CHAR OF NEXT LINE
 2730 T:0ca4  aa                                 tax                    ; WHICH:  EOL OR COLON?
 2731 T:0ca5  d0 12                              bne L_FINDATA_1                ; COLON
 2732 T:0ca7  a2 2a                              ldx #ERR_NODATA               ; EOL: MIGHT BE OUT OF DATA
 2733 T:0ca9  c8                                 iny                    ; CHECK HI-BYTE OF FORWARD PNTR
 2734 T:0caa  b1 b8                              lda (TXTPTR),Y                  ; END OF PROGRAM?
 2735 T:0cac  f0 5f                              beq GERR                ; YES, WE ARE OUT OF DATA
 2736 T:0cae  c8                                 iny                    ; PICK UP THE LINE #
 2737 T:0caf  b1 b8                              lda (TXTPTR),Y
 2738 T:0cb1  85 7b                              sta DATLIN
 2739 T:0cb3  c8                                 iny 
 2740 T:0cb4  b1 b8                              lda (TXTPTR),Y
 2741 T:0cb6  c8                                 iny                    ; POINT AT FIRST TEXT CHAR IN LINE
 2742 T:0cb7  85 7c                              sta DATLIN+1
 2743 T:0cb9  b1 b8                    L_FINDATA_1 lda (TXTPTR),Y                  ; GET 1ST TOKEN OF STATEMENT
 2744 T:0cbb  aa                                 tax                    ; SAVE TOKEN IN X-REG
 2745 T:0cbc  20 98 09                           jsr ADDON             ; ADD (Y) TO TXTPTR
 2746 T:0cbf  e0 83                              cpx #TOKENDWTA               ; DID WE FIND A "DATA" STATEMENT?
 2747 T:0cc1  d0 dd                              bne FINDATA             ; NOT YET
 2748 T:0cc3  4c 2b 0c                           jmp INSTART             ; YES, READ IT
 2749 T:0cc6                                    ; ---NO MORE INPUT REQUESTED------
 2750 T:0cc6                           INPDONE   
 2751 T:0cc6  a5 7f                              lda INPTR                ; GET POINTER IN CASE IT WAS "READ"
 2752 T:0cc8  a4 80                              ldy INPTR+1
 2753 T:0cca  a6 15                              ldx INPUTFLG                ; "READ" OR "INPUT"?
 2754 T:0ccc  10 03                              bpl L_INPDONE_1                ; "INPUT"
 2755 T:0cce  4c 53 08                           jmp SETDA             ; "DATA", SO STORE (Y,X) AT DATPTR
 2756 T:0cd1  a0 00                    L_INPDONE_1 ldy #0          ; "INPUT":  ANY MORE CHARS ON LINE?
 2757 T:0cd3  b1 7f                              lda (INPTR),Y
 2758 T:0cd5  f0 07                              beq L_INPDONE_2                ; NO, ALL IS WELL
 2759 T:0cd7  a9 df                              lda #<ERR_EXTRA              ; YES, ERROR
 2760 T:0cd9  a0 0c                              ldy #>ERR_EXTRA              ; "EXTRA IGNORED"
 2761 T:0cdb  4c 3a 0b                           jmp STROUT
 2762 T:0cde  60                       L_INPDONE_2 rts 
 2763 T:0cdf                                    ; --------------------------------
 2764 T:0cdf  3f                       ERR_EXTRA .byt ("?"&%01111111)
 2765 T:0ce0  45                                 .byt ("E"&%01111111)
 2766 T:0ce1  58                                 .byt ("X"&%01111111)
 2767 T:0ce2  54                                 .byt ("T"&%01111111)
 2768 T:0ce3  52                                 .byt ("R"&%01111111)
 2769 T:0ce4  41                                 .byt ("A"&%01111111)
 2770 T:0ce5  20                                 .byt (" "&%01111111)
 2771 T:0ce6  49                                 .byt ("I"&%01111111)
 2772 T:0ce7  47                                 .byt ("G"&%01111111)
 2773 T:0ce8  4e                                 .byt ("N"&%01111111)
 2774 T:0ce9  4f                                 .byt ("O"&%01111111)
 2775 T:0cea  52                                 .byt ("R"&%01111111)
 2776 T:0ceb  45                                 .byt ("E"&%01111111)
 2777 T:0cec  44                                 .byt ("D"&%01111111)

 2779 T:0ced  0d 00                              .byt $0d,0

 2781 T:0cef  3f                       ERR_REENTRY .byt ("?"&%01111111)
 2782 T:0cf0  52                                 .byt ("R"&%01111111)
 2783 T:0cf1  45                                 .byt ("E"&%01111111)
 2784 T:0cf2  45                                 .byt ("E"&%01111111)
 2785 T:0cf3  4e                                 .byt ("N"&%01111111)
 2786 T:0cf4  54                                 .byt ("T"&%01111111)
 2787 T:0cf5  45                                 .byt ("E"&%01111111)
 2788 T:0cf6  52                                 .byt ("R"&%01111111)

 2790 T:0cf7  0d 00                              .byt $0d,0
 2791 T:0cf9                                    ; --------------------------------
 2792 T:0cf9                                    ; --------------------------------
 2793 T:0cf9                                    ; "NEXT" STATEMENT
 2794 T:0cf9                                    ; --------------------------------
 2795 T:0cf9  d0 04                    NEXT      bne NEXT_1             ; VARIABLE AFTER "NEXT"
 2796 T:0cfb  a0 00                              ldy #0             ; FLAG BY SETTING FORPNT+1 = 0
 2797 T:0cfd  f0 03                              beq NEXT_2                ; ...ALWAYS
 2798 T:0cff                                    ; --------------------------------
 2799 T:0cff  20 e3 0f                 NEXT_1    jsr PTRGET             ; GET PNTR TO VARIABLE IN (Y,A)
 2800 T:0d02  85 85                    NEXT_2    sta FORPNT
 2801 T:0d04  84 86                              sty FORPNT+1
 2802 T:0d06  20 65 03                           jsr GTFORPNT             ; FIND FOR-FRAME FOR THIS VARIABLE
 2803 T:0d09  f0 04                              beq NEXT_3                ; FOUND IT
 2804 T:0d0b  a2 00                              ldx #ERR_NOFOR               ; NOT THERE, ABORT
 2805 T:0d0d  f0 69                    GERR      beq JERROR             ; ...ALWAYS
 2806 T:0d0f  9a                       NEXT_3    txs                 ; SET STACK PTR TO POINT TO THIS FRAME,
 2807 T:0d10  e8                                 inx                    ; WHICH TRIMS OFF ANY INNER LOOPS
 2808 T:0d11  e8                                 inx 
 2809 T:0d12  e8                                 inx 
 2810 T:0d13  e8                                 inx 
 2811 T:0d14  8a                                 txa                    ; LOW BYTE OF ADRS OF STEP VALUE
 2812 T:0d15  e8                                 inx 
 2813 T:0d16  e8                                 inx 
 2814 T:0d17  e8                                 inx 
 2815 T:0d18  e8                                 inx 
 2816 T:0d19  e8                                 inx 
 2817 T:0d1a  e8                                 inx 
 2818 T:0d1b  86 60                              stx DEST                ; LOW BYTE ADRS OF FOR VAR VALUE
 2819 T:0d1d  a0 01                              ldy #>STACK              ; (Y,A) IS ADDRESS OF STEP VALUE
 2820 T:0d1f  20 f9 1a                           jsr LOAD_FAC_FROM_YA                ; STEP TO FAC
 2821 T:0d22  ba                                 tsx 
 2822 T:0d23  bd 09 01                           lda STACK+9,X
 2823 T:0d26  85 a2                              sta FAC_SIGN
 2824 T:0d28  a5 85                              lda FORPNT
 2825 T:0d2a  a4 86                              ldy FORPNT+1
 2826 T:0d2c  20 be 17                           jsr FADD                ; ADD TO FOR VALUE
 2827 T:0d2f  20 27 1b                           jsr SETFOR                ; PUT NEW VALUE BACK
 2828 T:0d32  a0 01                              ldy #>STACK              ; (Y,A) IS ADDRESS OF END VALUE
 2829 T:0d34  20 b4 1b                           jsr FCOMP2                ; COMPARE TO END VALUE
 2830 T:0d37  ba                                 tsx 
 2831 T:0d38  38                                 sec 
 2832 T:0d39  fd 09 01                           sbc STACK+9,X                   ; SIGN OF STEP
 2833 T:0d3c  f0 17                              beq L_NEXT_3_2                ; BRANCH IF FOR COMPLETE
 2834 T:0d3e  bd 0f 01                           lda STACK+15,X                  ; OTHERWISE SET UP
 2835 T:0d41  85 75                              sta CURLIN                ; FOR LINE #
 2836 T:0d43  bd 10 01                           lda STACK+16,X
 2837 T:0d46  85 76                              sta CURLIN+1
 2838 T:0d48  bd 12 01                           lda STACK+18,X                  ; AND SET TXTPTR TO JUST
 2839 T:0d4b  85 b8                              sta TXTPTR                ; AFTER FOR STATEMENT
 2840 T:0d4d  bd 11 01                           lda STACK+17,X
 2841 T:0d50  85 b9                              sta TXTPTR+1
 2842 T:0d52  4c d2 07                 L_NEXT_3_1 jmp NEWSTT
 2843 T:0d55  8a                       L_NEXT_3_2 txa                 ; POP OFF FOR-FRAME, LOOP IS DONE
 2844 T:0d56  69 11                              adc #17             ; CARRY IS SET, SO ADDS 18
 2845 T:0d58  aa                                 tax 
 2846 T:0d59  9a                                 txs 
 2847 T:0d5a  20 b7 00                           jsr CHRGOT                ; CHAR AFTER VARIABLE
 2848 T:0d5d  c9 2c                              cmp #(","&%01111111)     ; ANOTHER VARIABLE IN NEXT_
 2849 T:0d5f  d0 f1                              bne L_NEXT_3_1             ; NO, GO TO NEXT STATEMENT
 2850 T:0d61  20 b1 00                           jsr CHRGET                ; YES, PRIME FOR NEXT VARIABLE
 2851 T:0d64  20 ff 0c                           jsr NEXT_1             ; (DOES NOT RETURN)
 2852 T:0d67                                    ; --------------------------------
 2853 T:0d67                                    ; EVALUATE EXPRESSION, MAKE SURE IT IS NUMERIC
 2854 T:0d67                                    ; --------------------------------
 2855 T:0d67  20 7b 0d                 FRMNUM    jsr FRMEVL
 2856 T:0d6a                                    ; --------------------------------
 2857 T:0d6a                                    ; MAKE SURE (FAC) IS NUMERIC
 2858 T:0d6a                                    ; --------------------------------
 2859 T:0d6a  18                       CHKNUM    clc 
 2860 T:0d6b  24                                 .byt $24              ; DUMMY FOR SKIP
 2861 T:0d6c                                    ; --------------------------------
 2862 T:0d6c                                    ; MAKE SURE (FAC) IS STRING
 2863 T:0d6c                                    ; --------------------------------
 2864 T:0d6c  38                       CHKSTR    sec 
 2865 T:0d6d                                    ; --------------------------------
 2866 T:0d6d                                    ; MAKE SURE (FAC) IS CORRECT TYPE
 2867 T:0d6d                                    ; IF C=0, TYPE MUST BE NUMERIC
 2868 T:0d6d                                    ; IF C=1, TYPE MUST BE STRING
 2869 T:0d6d                                    ; --------------------------------
 2870 T:0d6d  24 11                    CHKVAL    bit VALTYP             ; $00 IF NUMERIC, $FF IF STRING
 2871 T:0d6f  30 03                              bmi L_CHKVAL_2                ; TYPE IS STRING
 2872 T:0d71  b0 03                              bcs L_CHKVAL_3                ; NOT STRING, BUT WE NEED STRING
 2873 T:0d73  60                       L_CHKVAL_1 rts                 ; TYPE IS CORRECT
 2874 T:0d74  b0 fd                    L_CHKVAL_2 bcs L_CHKVAL_1          ; IS STRING AND WE WANTED STRING
 2875 T:0d76  a2 a3                    L_CHKVAL_3 ldx #ERR_BADTYPE            ; TYPE MISMATCH
 2876 T:0d78  4c 12 04                 JERROR    jmp ERROR
 2877 T:0d7b                                    ; --------------------------------
 2878 T:0d7b                                    ; EVALUATE THE EXPRESSION AT TXTPTR, LEAVING THE
 2879 T:0d7b                                    ; RESULT IN FAC.  WORKS FOR BOTH STRING AND NUMERIC
 2880 T:0d7b                                    ; EXPRESSIONS.
 2881 T:0d7b                                    ; --------------------------------
 2882 T:0d7b  a6 b8                    FRMEVL    ldx TXTPTR             ; DECREMENT TXTPTR
 2883 T:0d7d  d0 02                              bne L_FRMEVL_1
 2884 T:0d7f  c6 b9                              dec TXTPTR+1
 2885 T:0d81  c6 b8                    L_FRMEVL_1 dec TXTPTR
 2886 T:0d83  a2 00                              ldx #0             ; START WITH PRECEDENCE = 0
 2887 T:0d85  24                                 .byt $24              ; TRICK TO SKIP FOLLOWING "PHA"
 2888 T:0d86                                    ; --------------------------------
 2889 T:0d86                           FRMEVL_1  
 2890 T:0d86  48                                 pha                    ; PUSH RELOPS FLAGS
 2891 T:0d87  8a                                 txa                    ; 
 2892 T:0d88  48                                 pha                    ; SAVE LAST PRECEDENCE
 2893 T:0d89  a9 01                              lda #1             ; 
 2894 T:0d8b  20 d6 03                           jsr CHKMEM             ; CHECK IF ENOUGH ROOM ON STACK
 2895 T:0d8e  20 60 0e                           jsr FRM_ELEMENT                ; GET AN ELEMENT
 2896 T:0d91  a9 00                              lda #0
 2897 T:0d93  85 89                              sta CPRTYP                ; CLEAR COMPARISON OPERATOR FLAGS
 2898 T:0d95                                    ; --------------------------------
 2899 T:0d95                           FRMEVL_2  
 2900 T:0d95  20 b7 00                           jsr CHRGOT                ; CHECK FOR RELATIONAL OPERATORS
 2901 T:0d98  38                       L_FRMEVL_2_1 sec                 ; > IS $CF, = IS $D0, < IS $D1
 2902 T:0d99  e9 cf                              sbc #TOKEN_GREATER               ; > IS 0, = IS 1, < IS 2
 2903 T:0d9b  90 17                              bcc L_FRMEVL_2_2                ; NOT RELATIONAL OPERATOR
 2904 T:0d9d  c9 03                              cmp #3             ; 
 2905 T:0d9f  b0 13                              bcs L_FRMEVL_2_2                ; NOT RELATIONAL OPERATOR
 2906 T:0da1  c9 01                              cmp #1             ; SET CARRY IF "=" OR "<"
 2907 T:0da3  2a                                 rol                    ; NOW > IS 0, = IS 3, < IS 5
 2908 T:0da4  49 01                              eor #1             ; NOW > IS 1, = IS 2, < IS 4
 2909 T:0da6  45 89                              eor CPRTYP                ; SET BITS OF CPRTYP:  00000<=>
 2910 T:0da8  c5 89                              cmp CPRTYP                ; CHECK FOR ILLEGAL COMBINATIONS
 2911 T:0daa  90 61                              bcc SNTXERR                ; IF LESS THAN, A RELOP WAS REPEATED
 2912 T:0dac  85 89                              sta CPRTYP                ; 
 2913 T:0dae  20 b1 00                           jsr CHRGET                ; ANOTHER OPERATOR?
 2914 T:0db1  4c 98 0d                           jmp L_FRMEVL_2_1             ; CHECK FOR <,=,> AGAIN
 2915 T:0db4                                    ; --------------------------------
 2916 T:0db4  a6 89                    L_FRMEVL_2_2 ldx CPRTYP             ; DID WE FIND A RELATIONAL OPERATOR?
 2917 T:0db6  d0 2c                              bne FRM_RELATIONAL                ; YES
 2918 T:0db8  b0 7b                              bcs NOTMATH                ; NO, AND NEXT TOKEN IS > $D1
 2919 T:0dba  69 07                              adc #$cf-TOKEN_PLUS         ; NO, AND NEXT TOKEN < $CF
 2920 T:0dbc  90 77                              bcc NOTMATH                ; IF NEXT TOKEN < "+"
 2921 T:0dbe  65 11                              adc VALTYP                ; + AND LAST RESULT A STRING?
 2922 T:0dc0  d0 03                              bne L_FRMEVL_2_3                ; BRANCH IF NOT
 2923 T:0dc2  4c 97 15                           jmp CAT                ; CONCATENATE IF SO.
 2924 T:0dc5                                    ; --------------------------------
 2925 T:0dc5  69 ff                    L_FRMEVL_2_3 adc #$ff          ; +-*/ IS 0123
 2926 T:0dc7  85 5e                              sta INDEX
 2927 T:0dc9  0a                                 asl                    ; MULTIPLY BY 3
 2928 T:0dca  65 5e                              adc INDEX                ; +-*/ IS 0,3,6,9
 2929 T:0dcc  a8                                 tay 
 2930 T:0dcd                                    ; --------------------------------
 2931 T:0dcd                           FRM_PRECEDENCE_TEST 
 2932 T:0dcd  68                                 pla                    ; GET LAST PRECEDENCE
 2933 T:0dce  d9 b2 00                           cmp MATHTBL,Y
 2934 T:0dd1  b0 67                              bcs FRM_PERFORM_1                ; DO NOW IF HIGHER PRECEDENCE
 2935 T:0dd3  20 6a 0d                           jsr CHKNUM             ; WAS LAST RESULT A #?
 2936 T:0dd6  48                       NXOP      pha                 ; YES, SAVE PRECEDENCE ON STACK
 2937 T:0dd7  20 fd 0d                 SAVOP     jsr FRM_RECURSE             ; SAVE REST, CALL FRMEVL RECURSIVELY
 2938 T:0dda  68                                 pla 
 2939 T:0ddb  a4 87                              ldy LASTOP
 2940 T:0ddd  10 17                              bpl PREFNC
 2941 T:0ddf  aa                                 tax 
 2942 T:0de0  f0 56                              beq GOEX                ; EXIT IF NO MATH IN EXPRESSION
 2943 T:0de2  d0 5f                              bne FRM_PERFORM_2                ; ...ALWAYS
 2944 T:0de4                                    ; --------------------------------
 2945 T:0de4                                    ; FOUND ONE OR MORE RELATIONAL OPERATORS <,=,>
 2946 T:0de4                                    ; --------------------------------
 2947 T:0de4                           FRM_RELATIONAL 
 2948 T:0de4  46 11                              lsr VALTYP                ; (VALTYP) = 0 (NUMERIC), = $FF (STRING)
 2949 T:0de6  8a                                 txa                    ; SET CPRTYP TO 0000<=>C
 2950 T:0de7  2a                                 rol                    ; WHERE C=0 IF #, C=1 IF STRING
 2951 T:0de8  a6 b8                              ldx TXTPTR                ; BACK UP TXTPTR
 2952 T:0dea  d0 02                              bne L_FRM_RELATIONAL_1
 2953 T:0dec  c6 b9                              dec TXTPTR+1
 2954 T:0dee  c6 b8                    L_FRM_RELATIONAL_1 dec TXTPTR
 2955 T:0df0  a0 1b                              ldy #M_REL-MATHTBL     ; POINT AT RELOPS ENTRY
 2956 T:0df2  85 89                              sta CPRTYP
 2957 T:0df4  d0 d7                              bne FRM_PRECEDENCE_TEST             ; ...ALWAYS
 2958 T:0df6                                    ; --------------------------------
 2959 T:0df6  d9 b2 00                 PREFNC    cmp MATHTBL,Y
 2960 T:0df9  b0 48                              bcs FRM_PERFORM_2                ; DO NOW IF HIGHER PRECEDENCE
 2961 T:0dfb  90 d9                              bcc NXOP             ; ...ALWAYS
 2962 T:0dfd                                    ; --------------------------------
 2963 T:0dfd                                    ; STACK THIS OPERATION AND CALL FRMEVL FOR
 2964 T:0dfd                                    ; ANOTHER ONE
 2965 T:0dfd                                    ; --------------------------------
 2966 T:0dfd                           FRM_RECURSE 
 2967 T:0dfd  b9 b4 00                           lda MATHTBL+2,Y
 2968 T:0e00  48                                 pha                    ; PUSH ADDRESS OF OPERATION PERFORMER
 2969 T:0e01  b9 b3 00                           lda MATHTBL+1,Y
 2970 T:0e04  48                                 pha 
 2971 T:0e05  20 10 0e                           jsr FRM_STACK_1                ; STACK FAC.SIGN AND FAC
 2972 T:0e08  a5 89                              lda CPRTYP                ; A=RELOP FLAGS, X=PRECEDENCE BYTE
 2973 T:0e0a  4c 86 0d                           jmp FRMEVL_1             ; RECURSIVELY CALL FRMEVL
 2974 T:0e0d                                    ; --------------------------------
 2975 T:0e0d  4c c9 0e                 SNTXERR   jmp SYNERR
 2976 T:0e10                                    ; --------------------------------
 2977 T:0e10                                    ; STACK (FAC)
 2978 T:0e10                                    ; 
 2979 T:0e10                                    ; THREE ENTRY POINTS:
 2980 T:0e10                                    ; L_SNTXERR_1, FROM FRMEVL
 2981 T:0e10                                    ; L_SNTXERR_2, FROM "STEP"
 2982 T:0e10                                    ; L_SNTXERR_3, FROM "FOR"
 2983 T:0e10                                    ; --------------------------------
 2984 T:0e10                           FRM_STACK_1 
 2985 T:0e10  a5 a2                              lda FAC_SIGN                ; GET FAC.SIGN TO PUSH IT
 2986 T:0e12                                    ; Note: XA65 assembler (Andre Fachat) requires ! here when asm with "xa -R -bt 0" for some reason:
 2987 T:0e12  be b2 00                           ldx !MATHTBL,Y                   ; PRECEDENCE BYTE FROM MATHTBL
 2988 T:0e15                                    ; --------------------------------
 2989 T:0e15                                    ; ENTER HERE FROM "STEP", TO PUSH STEP SIGN AND VALUE
 2990 T:0e15                                    ; --------------------------------
 2991 T:0e15                           FRM_STACK_2 
 2992 T:0e15  a8                                 tay                    ; FAC.SIGN OR SGN(STEP VALUE)
 2993 T:0e16  68                                 pla                    ; PULL RETURN ADDRESS AND ADD 1
 2994 T:0e17  85 5e                              sta INDEX                ; <<< ASSUMES NOT ON PAGE BOUNDARY! >>>
 2995 T:0e19  e6 5e                              inc INDEX                ; PLACE BUMPED RETURN ADDRESS IN
 2996 T:0e1b  68                                 pla                    ; INDEX,INDEX+1
 2997 T:0e1c  85 5f                              sta INDEX+1          ; 
 2998 T:0e1e  98                                 tya                    ; FAC.SIGN OR SGN(STEP VALUE)
 2999 T:0e1f  48                                 pha                    ; PUSH FAC.SIGN OR SGN(STEP VALUE)
 3000 T:0e20                                    ; --------------------------------
 3001 T:0e20                                    ; ENTER HERE FROM "FOR", WITH (INDEX) = STEP,
 3002 T:0e20                                    ; TO PUSH INITIAL VALUE OF "FOR" VARIABLE
 3003 T:0e20                                    ; --------------------------------
 3004 T:0e20                           FRM_STACK_3 
 3005 T:0e20  20 72 1b                           jsr ROUND_FAC                ; ROUND TO 32 BITS
 3006 T:0e23  a5 a1                              lda FAC+4          ; PUSH (FAC)
 3007 T:0e25  48                                 pha 
 3008 T:0e26  a5 a0                              lda FAC+3
 3009 T:0e28  48                                 pha 
 3010 T:0e29  a5 9f                              lda FAC+2
 3011 T:0e2b  48                                 pha 
 3012 T:0e2c  a5 9e                              lda FAC+1
 3013 T:0e2e  48                                 pha 
 3014 T:0e2f  a5 9d                              lda FAC
 3015 T:0e31  48                                 pha 
 3016 T:0e32  6c 5e 00                           jmp (INDEX)              ; DO RTS FUNNY WAY
 3017 T:0e35                                    ; --------------------------------
 3018 T:0e35                                    ; 
 3019 T:0e35                                    ; --------------------------------
 3020 T:0e35  a0 ff                    NOTMATH   ldy #$ff          ; SET UP TO EXIT ROUTINE
 3021 T:0e37  68                                 pla 
 3022 T:0e38  f0 23                    GOEX      beq EXIT             ; EXIT IF NO MATH TO DO
 3023 T:0e3a                                    ; --------------------------------
 3024 T:0e3a                                    ; PERFORM STACKED OPERATION
 3025 T:0e3a                                    ; 
 3026 T:0e3a                                    ; (A) = PRECEDENCE BYTE
 3027 T:0e3a                                    ; STACK:  1 -- CPRMASK
 3028 T:0e3a                                    ; 5 -- (ARG)
 3029 T:0e3a                                    ; 2 -- ADDR OF PERFORMER
 3030 T:0e3a                                    ; --------------------------------
 3031 T:0e3a                           FRM_PERFORM_1 
 3032 T:0e3a  c9 64                              cmp #P_REL               ; WAS IT RELATIONAL OPERATOR?
 3033 T:0e3c  f0 03                              beq L_FRM_PERFORM_1_1                ; YES, ALLOW STRING COMPARE
 3034 T:0e3e  20 6a 0d                           jsr CHKNUM             ; MUST BE NUMERIC VALUE
 3035 T:0e41  84 87                    L_FRM_PERFORM_1_1 sty LASTOP             ; 
 3036 T:0e43                                    ; --------------------------------
 3037 T:0e43                           FRM_PERFORM_2                  ; 
 3038 T:0e43  68                                 pla                    ; GET 0000<=>C FROM STACK
 3039 T:0e44  4a                                 lsr                    ; SHIFT TO 00000<=> FORM
 3040 T:0e45  85 16                              sta CPRMASK                ; 00000<=>
 3041 T:0e47  68                                 pla                    ; 
 3042 T:0e48  85 a5                              sta ARG                ; GET FLOATING POINT VALUE OFF STACK,
 3043 T:0e4a  68                                 pla                    ; AND PUT IT IN ARG
 3044 T:0e4b  85 a6                              sta ARG+1          ; 
 3045 T:0e4d  68                                 pla                    ; 
 3046 T:0e4e  85 a7                              sta ARG+2          ; 
 3047 T:0e50  68                                 pla                    ; 
 3048 T:0e51  85 a8                              sta ARG+3          ; 
 3049 T:0e53  68                                 pla                    ; 
 3050 T:0e54  85 a9                              sta ARG+4          ; 
 3051 T:0e56  68                                 pla                    ; 
 3052 T:0e57  85 aa                              sta ARG+5          ; 
 3053 T:0e59  45 a2                              eor FAC_SIGN                ; SAVE EOR OF SIGNS OF THE OPERANDS,
 3054 T:0e5b  85 ab                              sta SGNCPR                ; IN CASE OF MULTIPLY OR DIVIDE
 3055 T:0e5d  a5 9d                    EXIT      lda FAC             ; FAC EXPONENT IN A-REG
 3056 T:0e5f  60                                 rts                    ; STATUS EQU. IF (FAC)=0
 3057 T:0e60                                    ; RTS GOES TO PERFORM OPERATION
 3058 T:0e60                                    ; --------------------------------
 3059 T:0e60                                    ; GET ELEMENT IN EXPRESSION
 3060 T:0e60                                    ; 
 3061 T:0e60                                    ; GET VALUE OF VARIABLE OR NUMBER AT TXTPNT, OR POINT
 3062 T:0e60                                    ; TO STRING DESCRIPTOR IF A STRING, AND PUT IN FAC.
 3063 T:0e60                                    ; --------------------------------
 3064 T:0e60                           FRM_ELEMENT                  ; 
 3065 T:0e60  a9 00                              lda #0             ; ASSUME NUMERIC
 3066 T:0e62  85 11                              sta VALTYP                ; 
 3067 T:0e64  20 b1 00                 L_FRM_ELEMENT_1 jsr CHRGET             ; 
 3068 T:0e67  b0 03                              bcs L_FRM_ELEMENT_3                ; NOT A DIGIT
 3069 T:0e69  4c 4a 1c                 L_FRM_ELEMENT_2 jmp FIN             ; NUMERIC CONSTANT
 3070 T:0e6c  20 7d 10                 L_FRM_ELEMENT_3 jsr ISLETC             ; VARIABLE NAME?
 3071 T:0e6f  b0 64                              bcs FRM_VARIABLE                ; YES
 3072 T:0e71  c9 2e                              cmp #("."&%01111111)     ; DECIMAL POINT
 3073 T:0e73  f0 f4                              beq L_FRM_ELEMENT_2             ; YES, NUMERIC CONSTANT
 3074 T:0e75  c9 c9                              cmp #TOKEN_MINUS               ; UNARY MINUS?
 3075 T:0e77  f0 55                              beq MIN                ; YES
 3076 T:0e79  c9 c8                              cmp #TOKEN_PLUS               ; UNARY PLUS
 3077 T:0e7b  f0 e7                              beq L_FRM_ELEMENT_1             ; YES
 3078 T:0e7d  c9 22                              cmp #$22             ; STRING CONSTANT?
 3079 T:0e7f  d0 0f                              bne NOT_                ; NO
 3080 T:0e81                                    ; --------------------------------
 3081 T:0e81                                    ; STRING CONSTANT ELEMENT
 3082 T:0e81                                    ; 
 3083 T:0e81                                    ; SET Y,A = (TXTPTR)+CARRY
 3084 T:0e81                                    ; --------------------------------
 3085 T:0e81  a5 b8                    STRTXT    lda TXTPTR             ; ADD (CARRY) TO GET ADDRESS OF 1ST CHAR
 3086 T:0e83  a4 b9                              ldy TXTPTR+1          ; OF STRING IN Y,A
 3087 T:0e85  69 00                              adc #0             ; 
 3088 T:0e87  90 01                              bcc L_STRTXT_1                ; 
 3089 T:0e89  c8                                 iny                    ; 
 3090 T:0e8a  20 e7 13                 L_STRTXT_1 jsr STRLIT             ; BUILD DESCRIPTOR TO STRING
 3091 T:0e8d                                    ; GET ADDRESS OF DESCRIPTOR IN FAC
 3092 T:0e8d  4c 3d 17                           jmp POINT                ; POINT TXTPTR AFTER TRAILING QUOTE
 3093 T:0e90                                    ; --------------------------------
 3094 T:0e90                                    ; "NOT" FUNCTION
 3095 T:0e90                                    ; IF FAC=0, RETURN FAC=1
 3096 T:0e90                                    ; IF FAC<>0, RETURN FAC=0
 3097 T:0e90                                    ; --------------------------------
 3098 T:0e90  c9 c6                    NOT_      cmp #TOKEN_NOT
 3099 T:0e92  d0 10                              bne FN_                ; NOT "NOT", TRY "FN"
 3100 T:0e94  a0 18                              ldy #MEQUU-MATHTBL     ; POINT AT = COMPARISON
 3101 T:0e96  d0 38                              bne EQUL                ; ...ALWAYS
 3102 T:0e98                                    ; --------------------------------
 3103 T:0e98                                    ; COMPARISON FOR EQUALITY (= OPERATOR)
 3104 T:0e98                                    ; ALSO USED TO EVALUATE "NOT" FUNCTION
 3105 T:0e98                                    ; --------------------------------
 3106 T:0e98  a5 9d                    EQUOP     lda FAC             ; SET "TRUE" IF (FAC) = ZERO
 3107 T:0e9a  d0 03                              bne L_EQUOP_1                ; FALSE
 3108 T:0e9c  a0 01                              ldy #1             ; TRUE
 3109 T:0e9e  2c                                 .byt $2c              ; TRICK TO SKIP NEXT 2 BYTES
 3110 T:0e9f  a0 00                    L_EQUOP_1 ldy #0          ; FALSE
 3111 T:0ea1  4c 01 13                           jmp SNGFLT                ; 
 3112 T:0ea4                                    ; --------------------------------
 3113 T:0ea4  c9 c2                    FN_       cmp #TOKEN_FN
 3114 T:0ea6  d0 03                              bne SGN_
 3115 T:0ea8  4c 54 13                           jmp FUNCT
 3116 T:0eab                                    ; --------------------------------
 3117 T:0eab  c9 d2                    SGN_      cmp #TOKEN_SGN
 3118 T:0ead  90 03                              bcc PARCHK
 3119 T:0eaf  4c 0c 0f                           jmp UNARY
 3120 T:0eb2                                    ; --------------------------------
 3121 T:0eb2                                    ; EVALUATE "(EXPRESSION)"
 3122 T:0eb2                                    ; --------------------------------
 3123 T:0eb2  20 bb 0e                 PARCHK    jsr CHKOPN             ; IS THERE A '(' AT TXTPTR?
 3124 T:0eb5  20 7b 0d                           jsr FRMEVL             ; YES, EVALUATE EXPRESSION
 3125 T:0eb8                                    ; --------------------------------
 3126 T:0eb8  a9 29                    CHKCLS    lda #$29          ; CHECK FOR ')'
 3127 T:0eba  2c                                 .byt $2c              ; TRICK
 3128 T:0ebb                                    ; --------------------------------
 3129 T:0ebb  a9 28                    CHKOPN    lda #$28          ; 
 3130 T:0ebd  2c                                 .byt $2c              ; TRICK
 3131 T:0ebe                                    ; --------------------------------
 3132 T:0ebe  a9 2c                    CHKCOM    lda #(","&%01111111)  ; COMMA AT TXTPTR?
 3133 T:0ec0                                    ; --------------------------------
 3134 T:0ec0                                    ; UNLESS CHAR AT TXTPTR = (A), SYNTAX ERROR
 3135 T:0ec0                                    ; --------------------------------
 3136 T:0ec0  a0 00                    SYNCHR    ldy #0
 3137 T:0ec2  d1 b8                              cmp (TXTPTR),Y
 3138 T:0ec4  d0 03                              bne SYNERR
 3139 T:0ec6  4c b1 00                           jmp CHRGET                ; MATCH, GET NEXT CHAR & RETURN
 3140 T:0ec9                                    ; --------------------------------
 3141 T:0ec9  a2 10                    SYNERR    ldx #ERR_SYNTAX
 3142 T:0ecb  4c 12 04                           jmp ERROR
 3143 T:0ece                                    ; --------------------------------
 3144 T:0ece  a0 15                    MIN       ldy #M_NEG-MATHTBL  ; POINT AT UNARY MINUS
 3145 T:0ed0  68                       EQUL      pla 
 3146 T:0ed1  68                                 pla 
 3147 T:0ed2  4c d7 0d                           jmp SAVOP
 3148 T:0ed5                                    ; --------------------------------
 3149 T:0ed5                           FRM_VARIABLE 
 3150 T:0ed5  20 e3 0f                           jsr PTRGET
 3151 T:0ed8                                    FRM_VARIABLE_CALL=*-1         ; SO PTRGET CAN TELL WE CALLED
 3152 T:0ed8  85 a0                              sta VPNT                ; ADDRESS OF VARIABLE
 3153 T:0eda  84 a1                              sty VPNT+1          ; 
 3154 T:0edc  a6 11                              ldx VALTYP                ; NUMERIC OR STRING?
 3155 T:0ede  f0 05                              beq L_FRM_VARIABLE_CALL_1                ; NUMERIC
 3156 T:0ee0  a2 00                              ldx #0             ; STRING
 3157 T:0ee2  86 ac                              stx STRNG1+1          ; 
 3158 T:0ee4  60                                 rts                    ; 
 3159 T:0ee5  a6 12                    L_FRM_VARIABLE_CALL_1 ldx VALTYP+1       ; NUMERIC, WHICH TYPE?
 3160 T:0ee7  10 0d                              bpl L_FRM_VARIABLE_CALL_2                ; FLOATING POINT
 3161 T:0ee9  a0 00                              ldy #0             ; INTEGER
 3162 T:0eeb  b1 a0                              lda (VPNT),Y                    ; 
 3163 T:0eed  aa                                 tax                    ; GET VALUE IN A,Y
 3164 T:0eee  c8                                 iny                    ; 
 3165 T:0eef  b1 a0                              lda (VPNT),Y                    ; 
 3166 T:0ef1  a8                                 tay                    ; 
 3167 T:0ef2  8a                                 txa                    ; 
 3168 T:0ef3  4c f2 12                           jmp GIVAYF                ; CONVERT A,Y TO FLOATING POINT
 3169 T:0ef6  4c f9 1a                 L_FRM_VARIABLE_CALL_2 jmp LOAD_FAC_FROM_YA
 3170 T:0ef9                                    ; --------------------------------
 3171 T:0ef9                                    ; --------------------------------
 3172 T:0ef9                                    ; "SCRN(" FUNCTION
 3173 T:0ef9                                    ; --------------------------------
 3174 T:0ef9  20 b1 00                 SCREEN    jsr CHRGET
 3175 T:0efc  20 ec 21                           jsr PLOTFNS                ; GET COLUMN AND ROW
 3176 T:0eff  8a                                 txa                    ; ROW
 3177 T:0f00  a4 f0                              ldy FIRST                ; COLUMN
 3178 T:0f02  20 71 f8                           jsr MON_SCRN                ; GET 4-BIT COLOR THERE
 3179 T:0f05  a8                                 tay                    ; 
 3180 T:0f06  20 01 13                           jsr SNGFLT                ; CONVERT (Y) TO REAL IN FAC
 3181 T:0f09  4c b8 0e                           jmp CHKCLS             ; REQUIRE ")"
 3182 T:0f0c                                    ; --------------------------------
 3183 T:0f0c                                    ; PROCESS UNARY OPERATORS (FUNCTIONS)
 3184 T:0f0c                                    ; --------------------------------
 3185 T:0f0c  c9 d7                    UNARY     cmp #TOKEN_SCRN            ; NOT UNARY, DO SPECIAL
 3186 T:0f0e  f0 e9                              beq SCREEN
 3187 T:0f10  0a                                 asl                    ; DOUBLE TOKEN TO GET INDEX
 3188 T:0f11  48                                 pha 
 3189 T:0f12  aa                                 tax 
 3190 T:0f13  20 b1 00                           jsr CHRGET
 3191 T:0f16  e0 cf                              cpx #<(TOKEN_LEFTSTR*2-1); LEFT$, RIGHT$, AND MID$
 3192 T:0f18  90 20                              bcc L_UNARY_1                ; NOT ONE OF THE STRING FUNCTIONS
 3193 T:0f1a  20 bb 0e                           jsr CHKOPN             ; STRING FUNCTION, NEED "("
 3194 T:0f1d  20 7b 0d                           jsr FRMEVL             ; EVALUATE EXPRESSION FOR STRING
 3195 T:0f20  20 be 0e                           jsr CHKCOM             ; REQUIRE A COMMA
 3196 T:0f23  20 6c 0d                           jsr CHKSTR             ; MAKE SURE EXPRESSION IS A STRING
 3197 T:0f26  68                                 pla                    ; 
 3198 T:0f27  aa                                 tax                    ; RETRIEVE ROUTINE POINTER
 3199 T:0f28  a5 a1                              lda VPNT+1          ; STACK ADDRESS OF STRING
 3200 T:0f2a  48                                 pha                    ; 
 3201 T:0f2b  a5 a0                              lda VPNT                ; 
 3202 T:0f2d  48                                 pha                    ; 
 3203 T:0f2e  8a                                 txa                    ; 
 3204 T:0f2f  48                                 pha                    ; STACK DOUBLED TOKEN
 3205 T:0f30  20 f8 16                           jsr GETBYT                ; CONVERT NEXT EXPRESSION TO BYTE IN X-REG
 3206 T:0f33  68                                 pla                    ; GET DOUBLED TOKEN OFF STACK
 3207 T:0f34  a8                                 tay                    ; USE AS INDEX TO BRANCH
 3208 T:0f35  8a                                 txa                    ; VALUE OF SECOND PARAMETER
 3209 T:0f36  48                                 pha                    ; PUSH 2ND PARAM
 3210 T:0f37  4c 3f 0f                           jmp L_UNARY_2                ; JOIN UNARY FUNCTIONS
 3211 T:0f3a  20 b2 0e                 L_UNARY_1 jsr PARCHK          ; REQUIRE "(EXPRESSION)"
 3212 T:0f3d  68                                 pla 
 3213 T:0f3e  a8                                 tay                    ; INDEX INTO FUNCTION ADDRESS TABLE
 3214 T:0f3f  b9 dc ff                 L_UNARY_2 lda UNFNC-TOKEN_SGN-TOKEN_SGN+$0100,Y
 3215 T:0f42  85 91                              sta JMPADRS+1          ; PREPARE TO JSR TO ADDRESS
 3216 T:0f44  b9 dd ff                           lda UNFNC-TOKEN_SGN-TOKEN_SGN+$0101,Y
 3217 T:0f47  85 92                              sta JMPADRS+2
 3218 T:0f49  20 90 00                           jsr JMPADRS                ; DOES NOT RETURN FOR
 3219 T:0f4c                                    ; CHR$, LEFT$, RIGHT$, OR MID$
 3220 T:0f4c  4c 6a 0d                           jmp CHKNUM             ; REQUIRE NUMERIC RESULT
 3221 T:0f4f                                    ; --------------------------------
 3222 T:0f4f  a5 a5                    OR        lda ARG             ; "OR" OPERATOR
 3223 T:0f51  05 9d                              ora FAC                ; IF RESULT NONZERO, IT IS TRUE
 3224 T:0f53  d0 0b                              bne TRUE                ; 
 3225 T:0f55                                    ; --------------------------------
 3226 T:0f55  a5 a5                    ANDOP     lda ARG             ; "AND" OPERATOR
 3227 T:0f57  f0 04                              beq FALSE                ; IF EITHER IS ZERO, RESULT IS FALSE
 3228 T:0f59  a5 9d                              lda FAC                ; 
 3229 T:0f5b  d0 03                              bne TRUE                ; 
 3230 T:0f5d                                    ; --------------------------------
 3231 T:0f5d  a0 00                    FALSE     ldy #0          ; RETURN FAC=0
 3232 T:0f5f  2c                                 .byt $2c              ; TRICK
 3233 T:0f60                                    ; --------------------------------
 3234 T:0f60  a0 01                    TRUE      ldy #1          ; RETURN FAC=1
 3235 T:0f62  4c 01 13                           jmp SNGFLT                ; 
 3236 T:0f65                                    ; --------------------------------
 3237 T:0f65                                    ; PERFORM RELATIONAL OPERATIONS
 3238 T:0f65                                    ; --------------------------------
 3239 T:0f65  20 6d 0d                 RELOPS    jsr CHKVAL          ; MAKE SURE FAC IS CORRECT TYPE
 3240 T:0f68  b0 13                              bcs STRCMP                ; TYPE MATCHES, BRANCH IF STRINGS
 3241 T:0f6a  a5 aa                              lda ARG_SIGN                ; NUMERIC COMPARISON
 3242 T:0f6c  09 7f                              ora #$7f             ; RE-PACK VALUE IN ARG FOR FCOMP
 3243 T:0f6e  25 a6                              and ARG+1          ; 
 3244 T:0f70  85 a6                              sta ARG+1          ; 
 3245 T:0f72  a9 a5                              lda #<ARG              ; 
 3246 T:0f74  a0 00                              ldy #>ARG              ; 
 3247 T:0f76  20 b2 1b                           jsr FCOMP                ; RETURN A-REG = -1,0,1
 3248 T:0f79  aa                                 tax                    ; AS ARG <,=,> FAC
 3249 T:0f7a  4c b0 0f                           jmp NUMCMP                ; 
 3250 T:0f7d                                    ; --------------------------------
 3251 T:0f7d                                    ; STRING COMPARISON
 3252 T:0f7d                                    ; --------------------------------
 3253 T:0f7d  a9 00                    STRCMP    lda #0          ; SET RESULT TYPE TO NUMERIC
 3254 T:0f7f  85 11                              sta VALTYP                ; 
 3255 T:0f81  c6 89                              dec CPRTYP                ; MAKE CPRTYP 0000<=>0
 3256 T:0f83  20 00 16                           jsr FREFAC                ; 
 3257 T:0f86  85 9d                              sta FAC                ; STRING LENGTH
 3258 T:0f88  86 9e                              stx FAC+1
 3259 T:0f8a  84 9f                              sty FAC+2
 3260 T:0f8c  a5 a8                              lda ARG+3
 3261 T:0f8e  a4 a9                              ldy ARG+4
 3262 T:0f90  20 04 16                           jsr FRETMP
 3263 T:0f93  86 a8                              stx ARG+3
 3264 T:0f95  84 a9                              sty ARG+4
 3265 T:0f97  aa                                 tax                    ; LEN (ARG) STRING
 3266 T:0f98  38                                 sec                    ; 
 3267 T:0f99  e5 9d                              sbc FAC                ; SET X TO SMALLER LEN
 3268 T:0f9b  f0 08                              beq L_STRCMP_1                ; 
 3269 T:0f9d  a9 01                              lda #1             ; 
 3270 T:0f9f  90 04                              bcc L_STRCMP_1                ; 
 3271 T:0fa1  a6 9d                              ldx FAC                ; 
 3272 T:0fa3  a9 ff                              lda #$ff             ; 
 3273 T:0fa5  85 a2                    L_STRCMP_1 sta FAC_SIGN             ; FLAG WHICH SHORTER
 3274 T:0fa7  a0 ff                              ldy #$ff             ; 
 3275 T:0fa9  e8                                 inx                    ; 
 3276 T:0faa                           STRCMP_1                   ; 
 3277 T:0faa  c8                                 iny                    ; 
 3278 T:0fab  ca                                 dex                    ; 
 3279 T:0fac  d0 07                              bne STRCMP_2                ; MORE CHARS IN BOTH STRINGS
 3280 T:0fae  a6 a2                              ldx FAC_SIGN                ; IF = SO FAR, DECIDE BY LENGTH
 3281 T:0fb0                                    ; --------------------------------
 3282 T:0fb0  30 0f                    NUMCMP    bmi CMPDONE             ; 
 3283 T:0fb2  18                                 clc                    ; 
 3284 T:0fb3  90 0c                              bcc CMPDONE                ; ...ALWAYS
 3285 T:0fb5                                    ; --------------------------------
 3286 T:0fb5                           STRCMP_2                   ; 
 3287 T:0fb5  b1 a8                              lda (ARG+3),Y                   ; 
 3288 T:0fb7  d1 9e                              cmp (FAC+1),Y                   ; 
 3289 T:0fb9  f0 ef                              beq STRCMP_1             ; SAME, KEEP COMPARING
 3290 T:0fbb  a2 ff                              ldx #$ff             ; IN CASE ARG GREATER
 3291 T:0fbd  b0 02                              bcs CMPDONE                ; IT IS
 3292 T:0fbf  a2 01                              ldx #1             ; FAC GREATER
 3293 T:0fc1                                    ; --------------------------------
 3294 T:0fc1                           CMPDONE                    ; 
 3295 T:0fc1  e8                                 inx                    ; CONVERT FF,0,1 TO 0,1,2
 3296 T:0fc2  8a                                 txa                    ; 
 3297 T:0fc3  2a                                 rol                    ; AND TO 0,2,4 IF C=0, ELSE 1,2,5
 3298 T:0fc4  25 16                              and CPRMASK                ; 00000<=>
 3299 T:0fc6  f0 02                              beq L_CMPDONE_1                ; IF NO MATCH: FALSE
 3300 T:0fc8  a9 01                              lda #1             ; AT LEAST ONE MATCH: TRUE
 3301 T:0fca  4c 93 1b                 L_CMPDONE_1 jmp FLOAT             ; 
 3302 T:0fcd                                    ; --------------------------------
 3303 T:0fcd                                    ; "PDL" FUNCTION
 3304 T:0fcd                                    ; <<< NOTE: ARG<4 IS NOT CHECKED >>>
 3305 T:0fcd                                    ; --------------------------------
 3306 T:0fcd  20 fb 16                 PDL       jsr CONINT             ; GET # IN X
 3307 T:0fd0  20 1e fb                           jsr MON_PREAD                ; READ PADDLE
 3308 T:0fd3  4c 01 13                           jmp SNGFLT                ; FLOAT RESULT
 3309 T:0fd6                                    ; --------------------------------
 3310 T:0fd6                                    ; "DIM" STATEMENT
 3311 T:0fd6                                    ; --------------------------------
 3312 T:0fd6  20 be 0e                 NXDIM     jsr CHKCOM          ; SEPARATED BY COMMAS
 3313 T:0fd9  aa                       DIM       tax                 ; NON-ZERO, FLAGS PTRGET DIM CALLED
 3314 T:0fda  20 e8 0f                           jsr PTRGET2                ; ALLOCATE THE ARRAY
 3315 T:0fdd  20 b7 00                           jsr CHRGOT                ; NEXT CHAR
 3316 T:0fe0  d0 f4                              bne NXDIM             ; NOT END OF STATEMENT
 3317 T:0fe2  60                                 rts                    ; 
 3318 T:0fe3                                    ; --------------------------------
 3319 T:0fe3                                    ; PTRGET -- GENERAL VARIABLE SCAN
 3320 T:0fe3                                    ; 
 3321 T:0fe3                                    ; SCANS VARIABLE NAME AT TXTPTR, AND SEARCHES THE
 3322 T:0fe3                                    ; VARTAB AND ARYTAB FOR THE NAME.
 3323 T:0fe3                                    ; IF NOT FOUND, CREATE VARIABLE OF APPROPRIATE TYPE.
 3324 T:0fe3                                    ; RETURN WITH ADDRESS IN VARPNT AND Y,A
 3325 T:0fe3                                    ; 
 3326 T:0fe3                                    ; ACTUAL ACTIVITY CONTROLLED SOMEWHAT BY TWO FLAGS:
 3327 T:0fe3                                    ; DIMFLG -- NONZERO IF CALLED FROM "DIM"
 3328 T:0fe3                                    ; ELSE = 0
 3329 T:0fe3                                    ; 
 3330 T:0fe3                                    ; SUBFLG -- = $00
 3331 T:0fe3                                    ; = $40 IF CALLED FROM "GETARYPT"
 3332 T:0fe3                                    ; = $80 IF CALLED FROM "DEF FN"
 3333 T:0fe3                                    ; = $C1-DA IF CALLED FROM "FN"
 3334 T:0fe3                                    ; --------------------------------
 3335 T:0fe3  a2 00                    PTRGET    ldx #0          ; 
 3336 T:0fe5  20 b7 00                           jsr CHRGOT                ; GET FIRST CHAR OF VARIABLE NAME
 3337 T:0fe8                                    ; --------------------------------
 3338 T:0fe8                           PTRGET2                    ; 
 3339 T:0fe8  86 10                              stx DIMFLG                ; X IS NONZERO IF FROM DIM
 3340 T:0fea                                    ; --------------------------------
 3341 T:0fea                           PTRGET3                    ; 
 3342 T:0fea  85 81                              sta VARNAM                ; 
 3343 T:0fec  20 b7 00                           jsr CHRGOT                ; 
 3344 T:0fef  20 7d 10                           jsr ISLETC                ; IS IT A LETTER?
 3345 T:0ff2  b0 03                              bcs NAMOK                ; YES, OKAY SO FAR
 3346 T:0ff4  4c c9 0e                 BADNAM    jmp SYNERR          ; NO, SYNTAX ERROR
 3347 T:0ff7  a2 00                    NAMOK     ldx #0          ; 
 3348 T:0ff9  86 11                              stx VALTYP                ; 
 3349 T:0ffb  86 12                              stx VALTYP+1          ; 
 3350 T:0ffd  4c 07 10                           jmp PTRGET4                ; TO BRANCH ACROSS $E000 VECTORS
 3351 T:1000                                    ; --------------------------------
 3352 T:1000                                    ; DOS AND MONITOR CALL BASIC AT $E000 AND $E003
 3353 T:1000                                    ; --------------------------------
 3354 T:1000  4c 28 21                 BASIC     jmp COLD_START
 3355 T:1003  4c 3c 04                 BASIC2    jmp RESTART
 3356 T:1006  00                                 brk                    ; <<< WASTED BYTE >>>
 3357 T:1007                                    ; --------------------------------
 3358 T:1007                           PTRGET4   
 3359 T:1007  20 b1 00                           jsr CHRGET                ; SECOND CHAR OF VARIABLE NAME
 3360 T:100a  90 05                              bcc L_PTRGET4_1                ; NUMERIC
 3361 T:100c  20 7d 10                           jsr ISLETC                ; LETTER?
 3362 T:100f  90 0b                              bcc L_PTRGET4_3                ; NO, END OF NAME
 3363 T:1011  aa                       L_PTRGET4_1 tax                 ; SAVE SECOND CHAR OF NAME IN X
 3364 T:1012  20 b1 00                 L_PTRGET4_2 jsr CHRGET             ; SCAN TO END OF VARIABLE NAME
 3365 T:1015  90 fb                              bcc L_PTRGET4_2             ; NUMERIC
 3366 T:1017  20 7d 10                           jsr ISLETC                ; 
 3367 T:101a  b0 f6                              bcs L_PTRGET4_2             ; ALPHA
 3368 T:101c  c9 24                    L_PTRGET4_3 cmp #("$"&%01111111)  ; STRING?
 3369 T:101e  d0 06                              bne L_PTRGET4_4                ; NO
 3370 T:1020  a9 ff                              lda #$ff             ; 
 3371 T:1022  85 11                              sta VALTYP                ; 
 3372 T:1024  d0 10                              bne L_PTRGET4_5                ; ...ALWAYS
 3373 T:1026  c9 25                    L_PTRGET4_4 cmp #("%"&%01111111)  ; INTEGER?
 3374 T:1028  d0 13                              bne L_PTRGET4_6                ; NO
 3375 T:102a  a5 14                              lda SUBFLG                ; YES; INTEGER VARIABLE ALLOWED?
 3376 T:102c  30 c6                              bmi BADNAM             ; NO, SYNTAX ERROR
 3377 T:102e  a9 80                              lda #$80             ; YES
 3378 T:1030  85 12                              sta VALTYP+1          ; FLAG INTEGER MODE
 3379 T:1032  05 81                              ora VARNAM                ; 
 3380 T:1034  85 81                              sta VARNAM                ; SET SIGN BIT ON VARNAME
 3381 T:1036  8a                       L_PTRGET4_5 txa                 ; SECOND CHAR OF NAME
 3382 T:1037  09 80                              ora #$80             ; SET SIGN
 3383 T:1039  aa                                 tax                    ; 
 3384 T:103a  20 b1 00                           jsr CHRGET                ; GET TERMINATING CHAR
 3385 T:103d  86 82                    L_PTRGET4_6 stx VARNAM+1       ; STORE SECOND CHAR OF NAME
 3386 T:103f  38                                 sec                    ; 
 3387 T:1040  05 14                              ora SUBFLG                ; $00 OR $40 IF SUBSCRIPTS OK, ELSE $80
 3388 T:1042  e9 28                              sbc #$28             ; IF SUBFLG=$00 AND CHAR="("...
 3389 T:1044  d0 03                              bne L_PTRGET4_8                ; NOPE
 3390 T:1046  4c 1e 11                 L_PTRGET4_7 jmp ARRAY             ; YES
 3391 T:1049  24 14                    L_PTRGET4_8 bit SUBFLG             ; CHECK TOP TWO BITS OF SUBFLG
 3392 T:104b  30 02                              bmi L_PTRGET4_9                ; $80
 3393 T:104d  70 f7                              bvs L_PTRGET4_7             ; $40, CALLED FROM GETARYPT
 3394 T:104f  a9 00                    L_PTRGET4_9 lda #0          ; CLEAR SUBFLG
 3395 T:1051  85 14                              sta SUBFLG                ; 
 3396 T:1053  a5 69                              lda VARTAB                ; START LOWTR AT SIMPLE VARIABLE TABLE
 3397 T:1055  a6 6a                              ldx VARTAB+1          ; 
 3398 T:1057  a0 00                              ldy #0             ; 
 3399 T:1059  86 9c                    L_PTRGET4_10 stx LOWTR+1       ; 
 3400 T:105b  85 9b                    L_PTRGET4_11 sta LOWTR             ; 
 3401 T:105d  e4 6c                              cpx ARYTAB+1          ; END OF SIMPLE VARIABLES?
 3402 T:105f  d0 04                              bne L_PTRGET4_12                ; NO, GO ON
 3403 T:1061  c5 6b                              cmp ARYTAB                ; YES; END OF ARRAYS?
 3404 T:1063  f0 22                              beq NAME_NOT_FOUND                ; YES, MAKE ONE
 3405 T:1065  a5 81                    L_PTRGET4_12 lda VARNAM             ; SAME FIRST LETTER?
 3406 T:1067  d1 9b                              cmp (LOWTR),Y                   ; 
 3407 T:1069  d0 08                              bne L_PTRGET4_13                ; NOT SAME FIRST LETTER
 3408 T:106b  a5 82                              lda VARNAM+1          ; SAME SECOND LETTER?
 3409 T:106d  c8                                 iny 
 3410 T:106e  d1 9b                              cmp (LOWTR),Y
 3411 T:1070  f0 6c                              beq SET_VARPNT_AND_YA                ; YES, SAME VARIABLE NAME
 3412 T:1072  88                                 dey                    ; NO, BUMP TO NEXT NAME
 3413 T:1073  18                       L_PTRGET4_13 clc 
 3414 T:1074  a5 9b                              lda LOWTR
 3415 T:1076  69 07                              adc #7
 3416 T:1078  90 e1                              bcc L_PTRGET4_11
 3417 T:107a  e8                                 inx 
 3418 T:107b  d0 dc                              bne L_PTRGET4_10             ; ...ALWAYS
 3419 T:107d                                    ; --------------------------------
 3420 T:107d                                    ; CHECK IF (A) IS ASCII LETTER A-Z
 3421 T:107d                                    ; 
 3422 T:107d                                    ; RETURN CARRY = 1 IF A-Z
 3423 T:107d                                    ; = 0 IF NOT
 3424 T:107d                                    ; 
 3425 T:107d                                    ; <<<NOTE FASTER AND SHORTER CODE:    >>>
 3426 T:107d                                    ; <<<    CMP #LOCHAR(`Z')+1  COMPARE HI END
 3427 T:107d                                    ; <<<    BCS L_PTRGET4_1      ABOVE A-Z
 3428 T:107d                                    ; <<<    CMP #LOCHAR(`A')    COMPARE LO END
 3429 T:107d                                    ; <<<    RTS         C=0 IF LO, C=1 IF A-Z
 3430 T:107d                                    ; <<<L_PTRGET4_1  CLC         C=0 IF HI
 3431 T:107d                                    ; <<<    RTS
 3432 T:107d                                    ; --------------------------------
 3433 T:107d  c9 41                    ISLETC    cmp #("A"&%01111111)  ; COMPARE LO END
 3434 T:107f  90 05                              bcc L_ISLETC_1                ; C=0 IF LOW
 3435 T:1081  e9 5b                              sbc #("Z"&%01111111)+1; PREPARE HI END TEST
 3436 T:1083  38                                 sec                    ; TEST HI END, RESTORING (A)
 3437 T:1084  e9 a5                              sbc #255-'Z'       ; C=0 IF LO, C=1 IF A-Z
 3438 T:1086  60                       L_ISLETC_1 rts 
 3439 T:1087                                    ; --------------------------------
 3440 T:1087                                    ; VARIABLE NOT FOUND, SO MAKE ONE
 3441 T:1087                                    ; --------------------------------
 3442 T:1087                           NAME_NOT_FOUND 
 3443 T:1087  68                                 pla                    ; LOOK AT RETURN ADDRESS ON STACK TO
 3444 T:1088  48                                 pha                    ; SEE IF CALLED FROM FRM.VARIABLE
 3445 T:1089  c9 d7                              cmp #<FRM_VARIABLE_CALL
 3446 T:108b  d0 0f                              bne MAKE_NEW_VARIABLE                ; NO
 3447 T:108d  ba                                 tsx 
 3448 T:108e  bd 02 01                           lda STACK+2,X
 3449 T:1091  c9 0e                              cmp #>FRM_VARIABLE_CALL
 3450 T:1093  d0 07                              bne MAKE_NEW_VARIABLE                ; NO
 3451 T:1095  a9 9a                              lda #<C_ZERO              ; YES, CALLED FROM FRM.VARIABLE
 3452 T:1097  a0 10                              ldy #>C_ZERO              ; POINT TO A CONSTANT ZERO
 3453 T:1099  60                                 rts                    ; NEW VARIABLE USED IN EXPRESSION = 0
 3454 T:109a                                    ; --------------------------------
 3455 T:109a  00 00                    C_ZERO    .byt 0,0     ; INTEGER OR REAL ZERO, OR NULL STRING
 3456 T:109c                                    ; --------------------------------
 3457 T:109c                                    ; MAKE A NEW SIMPLE VARIABLE
 3458 T:109c                                    ; 
 3459 T:109c                                    ; MOVE ARRAYS UP 7 BYTES TO MAKE ROOM FOR NEW VARIABLE
 3460 T:109c                                    ; ENTER 7-BYTE VARIABLE DATA IN THE HOLE
 3461 T:109c                                    ; --------------------------------
 3462 T:109c                           MAKE_NEW_VARIABLE 
 3463 T:109c  a5 6b                              lda ARYTAB                ; SET UP CALL TO BLTU TO
 3464 T:109e  a4 6c                              ldy ARYTAB+1          ; TO MOVE FROM ARYTAB THRU STREND-1
 3465 T:10a0  85 9b                              sta LOWTR                ; 7 BYTES HIGHER
 3466 T:10a2  84 9c                              sty LOWTR+1          ; 
 3467 T:10a4  a5 6d                              lda STREND                ; 
 3468 T:10a6  a4 6e                              ldy STREND+1          ; 
 3469 T:10a8  85 96                              sta HIGHTR                ; 
 3470 T:10aa  84 97                              sty HIGHTR+1          ; 
 3471 T:10ac  18                                 clc                    ; 
 3472 T:10ad  69 07                              adc #7             ; 
 3473 T:10af  90 01                              bcc L_MAKE_NEW_VARIABLE_1                ; 
 3474 T:10b1  c8                                 iny                    ; 
 3475 T:10b2  85 94                    L_MAKE_NEW_VARIABLE_1 sta ARYPNT             ; 
 3476 T:10b4  84 95                              sty ARYPNT+1          ; 
 3477 T:10b6  20 93 03                           jsr BLTU             ; MOVE ARRAY BLOCK UP
 3478 T:10b9  a5 94                              lda ARYPNT                ; STORE NEW START OF ARRAYS
 3479 T:10bb  a4 95                              ldy ARYPNT+1          ; 
 3480 T:10bd  c8                                 iny                    ; 
 3481 T:10be  85 6b                              sta ARYTAB                ; 
 3482 T:10c0  84 6c                              sty ARYTAB+1          ; 
 3483 T:10c2  a0 00                              ldy #0             ; 
 3484 T:10c4  a5 81                              lda VARNAM                ; FIRST CHAR OF NAME
 3485 T:10c6  91 9b                              sta (LOWTR),Y                   ; 
 3486 T:10c8  c8                                 iny                    ; 
 3487 T:10c9  a5 82                              lda VARNAM+1          ; SECOND CHAR OF NAME
 3488 T:10cb  91 9b                              sta (LOWTR),Y                   ; 
 3489 T:10cd  a9 00                              lda #0             ; SET FIVE-BYTE VALUE TO 0
 3490 T:10cf  c8                                 iny                    ; 
 3491 T:10d0  91 9b                              sta (LOWTR),Y                   ; 
 3492 T:10d2  c8                                 iny                    ; 
 3493 T:10d3  91 9b                              sta (LOWTR),Y                   ; 
 3494 T:10d5  c8                                 iny                    ; 
 3495 T:10d6  91 9b                              sta (LOWTR),Y                   ; 
 3496 T:10d8  c8                                 iny                    ; 
 3497 T:10d9  91 9b                              sta (LOWTR),Y                   ; 
 3498 T:10db  c8                                 iny                    ; 
 3499 T:10dc  91 9b                              sta (LOWTR),Y                   ; 
 3500 T:10de                                    ; --------------------------------
 3501 T:10de                                    ; PUT ADDRESS OF VALUE OF VARIABLE IN VARPNT AND Y,A
 3502 T:10de                                    ; --------------------------------
 3503 T:10de                           SET_VARPNT_AND_YA                  ; 
 3504 T:10de  a5 9b                              lda LOWTR                ; LOWTR POINTS AT NAME OF VARIABLE,
 3505 T:10e0  18                                 clc                    ; SO ADD 2 TO GET TO VALUE
 3506 T:10e1  69 02                              adc #2             ; 
 3507 T:10e3  a4 9c                              ldy LOWTR+1          ; 
 3508 T:10e5  90 01                              bcc L_SET_VARPNT_AND_YA_1                ; 
 3509 T:10e7  c8                                 iny                    ; 
 3510 T:10e8  85 83                    L_SET_VARPNT_AND_YA_1 sta VARPNT             ; ADDRESS IN VARPNT AND Y,A
 3511 T:10ea  84 84                              sty VARPNT+1          ; 
 3512 T:10ec  60                                 rts                    ; 
 3513 T:10ed                                    ; --------------------------------
 3514 T:10ed                                    ; COMPUTE ADDRESS OF FIRST VALUE IN ARRAY
 3515 T:10ed                                    ; ARYPNT = (LOWTR) + #DIMS*2 + 5
 3516 T:10ed                                    ; --------------------------------
 3517 T:10ed  a5 0f                    GETARY    lda NUMDIM             ; GET # OF DIMENSIONS
 3518 T:10ef                                    ; --------------------------------
 3519 T:10ef                           GETARY2                    ; 
 3520 T:10ef  0a                                 asl                    ; #DIMS*2 (SIZE OF EACH DIM IN 2 BYTES)
 3521 T:10f0  69 05                              adc #5             ; + 5 (2 FOR NAME, 2 FOR OFFSET TO NEXT
 3522 T:10f2                                    ; ARRAY, AND 1 FOR #DIMS
 3523 T:10f2  65 9b                              adc LOWTR                ; ADDRESS OF TH IS ARRAY IN ARYTAB
 3524 T:10f4  a4 9c                              ldy LOWTR+1          ; 
 3525 T:10f6  90 01                              bcc L_GETARY2_1                ; 
 3526 T:10f8  c8                                 iny                    ; 
 3527 T:10f9  85 94                    L_GETARY2_1 sta ARYPNT             ; ADDRESS OF FIRST VALUE IN ARRAY
 3528 T:10fb  84 95                              sty ARYPNT+1          ; 
 3529 T:10fd  60                                 rts                    ; 
 3530 T:10fe                                    ; --------------------------------

 3532 T:10fe  90 80 00 00              NEG32768  .byt $90,$80,$00,$00; -32768.00049 IN FLOATING POINT
 3533 T:1102                                    ; <<<  MEANT TO BE -32768, WHICH WOULD BE 9080000000 >>>
 3534 T:1102                                    ; <<<  1 BYTE SHORT, SO PICKS UP $20 FROM NEXT INSTRUCTION
 3535 T:1102                                    ; --------------------------------
 3536 T:1102                                    ; EVALUATE NUMERIC FORMULA AT TXTPTR
 3537 T:1102                                    ; CONVERTING RESULT TO INTEGER 0 <= X <= 32767
 3538 T:1102                                    ; IN FAC+3,4
 3539 T:1102                                    ; --------------------------------
 3540 T:1102  20 b1 00                 MAKINT    jsr CHRGET
 3541 T:1105  20 67 0d                           jsr FRMNUM
 3542 T:1108                                    ; --------------------------------
 3543 T:1108                                    ; CONVERT FAC TO INTEGER
 3544 T:1108                                    ; MUST BE POSITIVE AND LESS THAN 32768
 3545 T:1108                                    ; --------------------------------
 3546 T:1108  a5 a2                    MKINT     lda FAC_SIGN             ; ERROR IF -
 3547 T:110a  30 0d                              bmi MI1
 3548 T:110c                                    ; --------------------------------
 3549 T:110c                                    ; CONVERT FAC TO INTEGER
 3550 T:110c                                    ; MUST BE -32767 <= FAC <= 32767
 3551 T:110c                                    ; --------------------------------
 3552 T:110c  a5 9d                    AYINT     lda FAC             ; EXPONENT OF VALUE IN FAC
 3553 T:110e  c9 90                              cmp #$90             ; ABS(VALUE) < 32768?
 3554 T:1110  90 09                              bcc MI2                ; YES, OK FOR INTEGER
 3555 T:1112  a9 fe                              lda #<NEG32768           ; NO; NEXT FEW LINES ARE SUPPOSED TO
 3556 T:1114  a0 10                              ldy #>NEG32768           ; ALLOW -32768 ($8000), BUT DO NOT!
 3557 T:1116  20 b2 1b                           jsr FCOMP                ; BECAUSE COMPARED TO -32768.00049
 3558 T:1119                                    ; <<< BUG:  A=-32768.00049:A%=A IS ACCEPTED >>>
 3559 T:1119                                    ; <<<       BUT PRINT A,A% SHOWS THAT       >>>
 3560 T:1119                                    ; <<<       A=-32768.0005 (OK), A%=32767    >>>
 3561 T:1119                                    ; <<<       WRONG! WRONG! WRONG!            >>>
 3562 T:1119                                    ; --------------------------------
 3563 T:1119  d0 7e                    MI1       bne IQERR             ; ILLEGAL QUANTITY
 3564 T:111b  4c f2 1b                 MI2       jmp QINT             ; CONVERT TO INTEGER
 3565 T:111e                                    ; --------------------------------
 3566 T:111e                                    ; LOCATE ARRAY ELEMENT OR CREATE AN ARRAY
 3567 T:111e                                    ; --------------------------------
 3568 T:111e  a5 14                    ARRAY     lda SUBFLG             ; SUBSCRIPTS GIVEN?
 3569 T:1120  d0 47                              bne L_ARRAY_2                ; NO
 3570 T:1122                                    ; --------------------------------
 3571 T:1122                                    ; PARSE THE SUBSCRIPT LIST
 3572 T:1122                                    ; --------------------------------
 3573 T:1122  a5 10                              lda DIMFLG                ; YES
 3574 T:1124  05 12                              ora VALTYP+1          ; SET HIGH BIT IF %
 3575 T:1126  48                                 pha                    ; SAVE VALTYP AND DIMFLG ON STACK
 3576 T:1127  a5 11                              lda VALTYP                ; 
 3577 T:1129  48                                 pha                    ; 
 3578 T:112a  a0 00                              ldy #0             ; COUNT # DIMENSIONS IN Y-REG
 3579 T:112c  98                       L_ARRAY_1 tya                 ; SAVE #DIMS ON STACK
 3580 T:112d  48                                 pha                    ; 
 3581 T:112e  a5 82                              lda VARNAM+1          ; SAVE VARIABLE NAME ON STACK
 3582 T:1130  48                                 pha                    ; 
 3583 T:1131  a5 81                              lda VARNAM                ; 
 3584 T:1133  48                                 pha                    ; 
 3585 T:1134  20 02 11                           jsr MAKINT             ; EVALUATE SUBSCRIPT AS INTEGER
 3586 T:1137  68                                 pla                    ; RESTORE VARIABLE NAME
 3587 T:1138  85 81                              sta VARNAM                ; 
 3588 T:113a  68                                 pla                    ; 
 3589 T:113b  85 82                              sta VARNAM+1          ; 
 3590 T:113d  68                                 pla                    ; RESTORE # DIMS TO Y-REG
 3591 T:113e  a8                                 tay                    ; 
 3592 T:113f  ba                                 tsx                    ; COPY VALTYP AND DIMFLG ON STACK
 3593 T:1140  bd 02 01                           lda STACK+2,X                   ; TO LEAVE ROOM FOR THE SUBSCRIPT
 3594 T:1143  48                                 pha                    ; 
 3595 T:1144  bd 01 01                           lda STACK+1,X                   ; 
 3596 T:1147  48                                 pha                    ; 
 3597 T:1148  a5 a0                              lda FAC+3          ; GET SUBSCRIPT VALUE AND PLACE IN THE
 3598 T:114a  9d 02 01                           sta STACK+2,X                   ; STACK WHERE VALTYP & DIMFLG WERE
 3599 T:114d  a5 a1                              lda FAC+4          ; 
 3600 T:114f  9d 01 01                           sta STACK+1,X                   ; 
 3601 T:1152  c8                                 iny                    ; COUNT THE SUBSCRIPT
 3602 T:1153  20 b7 00                           jsr CHRGOT                ; NEXT CHAR
 3603 T:1156  c9 2c                              cmp #(","&%01111111)     ; 
 3604 T:1158  f0 d2                              beq L_ARRAY_1             ; COMMA, PARSE ANOTHER SUBSCRIPT
 3605 T:115a  84 0f                              sty NUMDIM                ; NO MORE SUBSCRIPTS, SAVE #
 3606 T:115c  20 b8 0e                           jsr CHKCLS             ; NOW NEED ")"
 3607 T:115f  68                                 pla                    ; RESTORE VALTYPE AND DIMFLG
 3608 T:1160  85 11                              sta VALTYP                ; 
 3609 T:1162  68                                 pla                    ; 
 3610 T:1163  85 12                              sta VALTYP+1          ; 
 3611 T:1165  29 7f                              and #$7f             ; ISOLATE DIMFLG
 3612 T:1167  85 10                              sta DIMFLG                ; 
 3613 T:1169                                    ; --------------------------------
 3614 T:1169                                    ; SEARCH ARRAY TABLE FOR THIS ARRAY NAME
 3615 T:1169                                    ; --------------------------------
 3616 T:1169  a6 6b                    L_ARRAY_2 ldx ARYTAB             ; (A,X) = START OF ARRAY TABLE
 3617 T:116b  a5 6c                              lda ARYTAB+1          ; 
 3618 T:116d  86 9b                    L_ARRAY_3 stx LOWTR             ; USE LOWTR FOR RUNNING POINTER
 3619 T:116f  85 9c                              sta LOWTR+1          ; 
 3620 T:1171  c5 6e                              cmp STREND+1          ; DID WE REACH THE END OF ARRAYS YET?
 3621 T:1173  d0 04                              bne L_ARRAY_4                ; NO, KEEP SEARCHING
 3622 T:1175  e4 6d                              cpx STREND                ; 
 3623 T:1177  f0 3f                              beq MAKE_NEW_ARRAY                ; YES, THIS IS A NEW ARRAY NAME
 3624 T:1179  a0 00                    L_ARRAY_4 ldy #0          ; POINT AT 1ST CHAR OF ARRAY NAME
 3625 T:117b  b1 9b                              lda (LOWTR),Y                   ; GET 1ST CHAR OF NAME
 3626 T:117d  c8                                 iny                    ; POINT AT 2ND CHAR
 3627 T:117e  c5 81                              cmp VARNAM                ; 1ST CHAR SAME?
 3628 T:1180  d0 06                              bne L_ARRAY_5                ; NO, MOVE TO NEXT ARRAY
 3629 T:1182  a5 82                              lda VARNAM+1          ; YES, TRY 2ND CHAR
 3630 T:1184  d1 9b                              cmp (LOWTR),Y                   ; SAME?
 3631 T:1186  f0 16                              beq USE_OLD_ARRAY                ; YES, ARRAY FOUND
 3632 T:1188  c8                       L_ARRAY_5 iny                 ; POINT AT OFFSET TO NEXT ARRAY
 3633 T:1189  b1 9b                              lda (LOWTR),Y                   ; ADD OFFSET TO RUNNING POINTER
 3634 T:118b  18                                 clc 
 3635 T:118c  65 9b                              adc LOWTR
 3636 T:118e  aa                                 tax 
 3637 T:118f  c8                                 iny 
 3638 T:1190  b1 9b                              lda (LOWTR),Y
 3639 T:1192  65 9c                              adc LOWTR+1
 3640 T:1194  90 d7                              bcc L_ARRAY_3             ; ...ALWAYS
 3641 T:1196                                    ; --------------------------------
 3642 T:1196                                    ; ERROR:  BAD SUBSCRIPTS
 3643 T:1196                                    ; --------------------------------
 3644 T:1196  a2 6b                    SUBERR    ldx #ERR_BADSUBS
 3645 T:1198  2c                                 .byt $2c              ; TRICK TO SKIP NEXT LINE
 3646 T:1199                                    ; --------------------------------
 3647 T:1199                                    ; ERROR:  ILLEGAL QUANTITY
 3648 T:1199                                    ; --------------------------------
 3649 T:1199  a2 35                    IQERR     ldx #ERR_ILLQTY
 3650 T:119b  4c 12 04                 JER       jmp ERROR
 3651 T:119e                                    ; --------------------------------
 3652 T:119e                                    ; FOUND THE ARRAY
 3653 T:119e                                    ; --------------------------------
 3654 T:119e                           USE_OLD_ARRAY 
 3655 T:119e  a2 78                              ldx #ERR_REDIMD               ; SET UP FOR REDIM'D ARRAY ERROR
 3656 T:11a0  a5 10                              lda DIMFLG                ; CALLED FROM "DIM" STATEMENT?
 3657 T:11a2  d0 f7                              bne JER             ; YES, ERROR
 3658 T:11a4  a5 14                              lda SUBFLG                ; NO, CHECK IF ANY SUBSCRIPTS
 3659 T:11a6  f0 02                              beq L_USE_OLD_ARRAY_1                ; YES, NEED TO CHECK THE NUMBER
 3660 T:11a8  38                                 sec                    ; NO, SIGNAL ARRAY FOUND
 3661 T:11a9  60                                 rts 
 3662 T:11aa                                    ; --------------------------------
 3663 T:11aa  20 ed 10                 L_USE_OLD_ARRAY_1 jsr GETARY          ; SET (ARYPNT) = ADDR OF FIRST ELEMENT
 3664 T:11ad  a5 0f                              lda NUMDIM                ; COMPARE NUMBER OF DIMENSIONS
 3665 T:11af  a0 04                              ldy #4
 3666 T:11b1  d1 9b                              cmp (LOWTR),Y
 3667 T:11b3  d0 e1                              bne SUBERR             ; NOT SAME, SUBSCRIPT ERROR
 3668 T:11b5  4c 4b 12                           jmp FIND_ARRAY_ELEMENT
 3669 T:11b8                                    ; --------------------------------
 3670 T:11b8                                    ; --------------------------------
 3671 T:11b8                                    ; CREATE A NEW ARRAY, UNLESS CALLED FROM GETARYPT
 3672 T:11b8                                    ; --------------------------------
 3673 T:11b8                           MAKE_NEW_ARRAY 
 3674 T:11b8  a5 14                              lda SUBFLG                ; CALLED FROM GETARYPT?
 3675 T:11ba  f0 05                              beq L_MAKE_NEW_ARRAY_1                ; NO
 3676 T:11bc  a2 2a                              ldx #ERR_NODATA               ; YES, GIVE "OUT OF DATA" ERROR
 3677 T:11be  4c 12 04                           jmp ERROR
 3678 T:11c1  20 ed 10                 L_MAKE_NEW_ARRAY_1 jsr GETARY          ; PUT ADDR OF 1ST ELEMENT IN ARYPNT
 3679 T:11c4  20 e3 03                           jsr REASON             ; MAKE SURE ENOUGH MEMORY LEFT
 3680 T:11c7                                    ; --------------------------------
 3681 T:11c7                                    ; <<< NEXT 3 LINES COULD BE WRITTEN:   >>>
 3682 T:11c7                                    ; LDY #0
 3683 T:11c7                                    ; STY STRNG2+1
 3684 T:11c7                                    ; --------------------------------
 3685 T:11c7  a9 00                              lda #0             ; POINT Y-REG AT VARIABLE NAME SLOT
 3686 T:11c9  a8                                 tay                    ; 
 3687 T:11ca  85 ae                              sta STRNG2+1          ; START SIZE COMPUTATION
 3688 T:11cc  a2 05                              ldx #5             ; ASSUME 5-BYTES PER ELEMENT
 3689 T:11ce  a5 81                              lda VARNAM                ; STUFF VARIABLE NAME IN ARRAY
 3690 T:11d0  91 9b                              sta (LOWTR),Y                   ; 
 3691 T:11d2  10 01                              bpl L_MAKE_NEW_ARRAY_2                ; NOT INTEGER ARRAY
 3692 T:11d4  ca                                 dex                    ; INTEGER ARRAY, DECR. SIZE TO 4-BYTES
 3693 T:11d5  c8                       L_MAKE_NEW_ARRAY_2 iny                 ; POINT Y-REG AT NEXT CHAR OF NAME
 3694 T:11d6  a5 82                              lda VARNAM+1          ; REST OF ARRAY NAME
 3695 T:11d8  91 9b                              sta (LOWTR),Y                   ; 
 3696 T:11da  10 02                              bpl L_MAKE_NEW_ARRAY_3                ; REAL ARRAY, STICK WITH SIZE = 5 BYTES
 3697 T:11dc  ca                                 dex                    ; INTEGER OR STRING ARRAY, ADJUST SIZE
 3698 T:11dd  ca                                 dex                    ; TO INTEGER=3, STRING=2 BYTES
 3699 T:11de  86 ad                    L_MAKE_NEW_ARRAY_3 stx STRNG2             ; STORE LOW-BYTE OF ARRAY ELEMENT SIZE
 3700 T:11e0  a5 0f                              lda NUMDIM                ; STORE NUMBER OF DIMENSIONS
 3701 T:11e2  c8                                 iny                    ; IN 5TH BYTE OF ARRAY
 3702 T:11e3  c8                                 iny                    ; 
 3703 T:11e4  c8                                 iny                    ; 
 3704 T:11e5  91 9b                              sta (LOWTR),Y                   ; 
 3705 T:11e7  a2 0b                    L_MAKE_NEW_ARRAY_4 ldx #11          ; DEFAULT DIMENSION = 11 ELEMENTS
 3706 T:11e9  a9 00                              lda #0             ; FOR HI-BYTE OF DIMENSION IF DEFAULT
 3707 T:11eb  24 10                              bit DIMFLG                ; DIMENSIONED ARRAY?
 3708 T:11ed  50 08                              bvc L_MAKE_NEW_ARRAY_5                ; NO, USE DEFAULT VALUE
 3709 T:11ef  68                                 pla                    ; GET SPECIFIED DIM IN A,X
 3710 T:11f0  18                                 clc                    ; # ELEMENTS IS 1 LARGER THAN
 3711 T:11f1  69 01                              adc #1             ; DIMENSION VALUE
 3712 T:11f3  aa                                 tax                    ; 
 3713 T:11f4  68                                 pla                    ; 
 3714 T:11f5  69 00                              adc #0             ; 
 3715 T:11f7  c8                       L_MAKE_NEW_ARRAY_5 iny                 ; ADD THIS DIMENSION TO ARRAY DESCRIPTOR
 3716 T:11f8  91 9b                              sta (LOWTR),Y
 3717 T:11fa  c8                                 iny 
 3718 T:11fb  8a                                 txa 
 3719 T:11fc  91 9b                              sta (LOWTR),Y
 3720 T:11fe  20 ad 12                           jsr MULTIPLY_SUBSCRIPT                ; MULTIPLY THIS
 3721 T:1201                                    ; DIMENSION BY RUNNING SIZE
 3722 T:1201                                    ; ((LOWTR)) * (STRNG2) --> A,X
 3723 T:1201  86 ad                              stx STRNG2                ; STORE RUNNING SIZE IN STRNG2
 3724 T:1203  85 ae                              sta STRNG2+1          ; 
 3725 T:1205  a4 5e                              ldy INDEX                ; RETRIEVE Y SAVED BY MULTIPLY.SUBSCRIPT
 3726 T:1207  c6 0f                              dec NUMDIM                ; COUNT DOWN # DIMS
 3727 T:1209  d0 dc                              bne L_MAKE_NEW_ARRAY_4             ; LOOP TILL DONE
 3728 T:120b                                    ; --------------------------------
 3729 T:120b                                    ; NOW A,X HAS TOTAL # BYTES OF ARRAY ELEMENTS
 3730 T:120b                                    ; --------------------------------
 3731 T:120b  65 95                              adc ARYPNT+1          ; COMPUTE ADDRESS OF END OF THIS ARRAY
 3732 T:120d  b0 5d                              bcs GME                ; ...TOO LARGE, ERROR
 3733 T:120f  85 95                              sta ARYPNT+1          ; 
 3734 T:1211  a8                                 tay                    ; 
 3735 T:1212  8a                                 txa                    ; 
 3736 T:1213  65 94                              adc ARYPNT                ; 
 3737 T:1215  90 03                              bcc L_MAKE_NEW_ARRAY_6                ; 
 3738 T:1217  c8                                 iny                    ; 
 3739 T:1218  f0 52                              beq GME                ; ...TOO LARGE, ERROR
 3740 T:121a  20 e3 03                 L_MAKE_NEW_ARRAY_6 jsr REASON          ; MAKE SURE THERE IS ROOM UP TO Y,A
 3741 T:121d  85 6d                              sta STREND                ; THERE IS ROOM SO SAVE NEW END OF TABLE
 3742 T:121f  84 6e                              sty STREND+1          ; AND ZERO THE ARRAY
 3743 T:1221  a9 00                              lda #0             ; 
 3744 T:1223  e6 ae                              inc STRNG2+1          ; PREPARE FOR FAST ZEROING LOOP
 3745 T:1225  a4 ad                              ldy STRNG2                ; # BYTES MOD 256
 3746 T:1227  f0 05                              beq L_MAKE_NEW_ARRAY_8                ; FULL PAGE
 3747 T:1229  88                       L_MAKE_NEW_ARRAY_7 dey                 ; CLEAR PAGE FULL
 3748 T:122a  91 94                              sta (ARYPNT),Y
 3749 T:122c  d0 fb                              bne L_MAKE_NEW_ARRAY_7
 3750 T:122e  c6 95                    L_MAKE_NEW_ARRAY_8 dec ARYPNT+1       ; POINT TO NEXT PAGE
 3751 T:1230  c6 ae                              dec STRNG2+1          ; COUNT THE PAGES
 3752 T:1232  d0 f5                              bne L_MAKE_NEW_ARRAY_7             ; STILL MORE TO CLEAR
 3753 T:1234  e6 95                              inc ARYPNT+1          ; RECOVER LAST DEC, POINT AT 1ST ELEMENT
 3754 T:1236  38                                 sec                    ; 
 3755 T:1237  a5 6d                              lda STREND                ; COMPUTE OFFSET TO END OF ARRAYS
 3756 T:1239  e5 9b                              sbc LOWTR                ; AND STORE IN ARRAY DESCRIPTOR
 3757 T:123b  a0 02                              ldy #2             ; 
 3758 T:123d  91 9b                              sta (LOWTR),Y                   ; 
 3759 T:123f  a5 6e                              lda STREND+1          ; 
 3760 T:1241  c8                                 iny                    ; 
 3761 T:1242  e5 9c                              sbc LOWTR+1          ; 
 3762 T:1244  91 9b                              sta (LOWTR),Y                   ; 
 3763 T:1246  a5 10                              lda DIMFLG                ; WAS THIS CALLED FROM "DIM" STATEMENT?
 3764 T:1248  d0 62                              bne RTS_9                ; YES, WE ARE FINISHED
 3765 T:124a  c8                                 iny                    ; NO, NOW NEED TO FIND THE ELEMENT
 3766 T:124b                                    ; --------------------------------
 3767 T:124b                                    ; FIND SPECIFIED ARRAY ELEMENT
 3768 T:124b                                    ; 
 3769 T:124b                                    ; (LOWTR),Y POINTS AT # OF DIMS IN ARRAY DESCRIPTOR
 3770 T:124b                                    ; THE SUBSCRIPTS ARE ALL ON THE STACK AS INTEGERS
 3771 T:124b                                    ; --------------------------------
 3772 T:124b                           FIND_ARRAY_ELEMENT 
 3773 T:124b  b1 9b                              lda (LOWTR),Y                   ; GET # OF DIMENSIONS
 3774 T:124d  85 0f                              sta NUMDIM                ; 
 3775 T:124f  a9 00                              lda #0             ; ZERO SUBSCRIPT ACCUMULATOR
 3776 T:1251  85 ad                              sta STRNG2                ; 
 3777 T:1253  85 ae                    FAE_1     sta STRNG2+1       ; 
 3778 T:1255  c8                                 iny                    ; 
 3779 T:1256  68                                 pla                    ; PULL NEXT SUBSCRIPT FROM STACK
 3780 T:1257  aa                                 tax                    ; SAVE IN FAC+3,4
 3781 T:1258  85 a0                              sta FAC+3          ; AND COMPARE WITH DIMENSIONED SIZE
 3782 T:125a  68                                 pla                    ; 
 3783 T:125b  85 a1                              sta FAC+4          ; 
 3784 T:125d  d1 9b                              cmp (LOWTR),Y                   ; 
 3785 T:125f  90 0e                              bcc FAE_2                ; SUBSCRIPT NOT TOO LARGE
 3786 T:1261  d0 06                              bne GSE                ; SUBSCRIPT IS TOO LARGE
 3787 T:1263  c8                                 iny                    ; CHECK LOW-BYTE OF SUBSCRIPT
 3788 T:1264  8a                                 txa                    ; 
 3789 T:1265  d1 9b                              cmp (LOWTR),Y                   ; 
 3790 T:1267  90 07                              bcc FAE_3                ; NOT TOO LARGE
 3791 T:1269                                    ; --------------------------------
 3792 T:1269  4c 96 11                 GSE       jmp SUBERR          ; BAD SUBSCRIPTS ERROR
 3793 T:126c  4c 10 04                 GME       jmp MEMERR          ; MEM FULL ERROR
 3794 T:126f                                    ; --------------------------------
 3795 T:126f  c8                       FAE_2     iny                 ; BUMP POINTER INTO DESCRIPTOR
 3796 T:1270  a5 ae                    FAE_3     lda STRNG2+1       ; BYPASS MULTIPLICATION IF VALUE SO
 3797 T:1272  05 ad                              ora STRNG2                ; FAR = 0
 3798 T:1274  18                                 clc                    ; 
 3799 T:1275  f0 0a                              beq L_FAE_3_1                ; IT IS ZERO SO FAR
 3800 T:1277  20 ad 12                           jsr MULTIPLY_SUBSCRIPT                ; NOT ZERO, SO MULTIPLY
 3801 T:127a  8a                                 txa                    ; ADD CURRENT SUBSCRIPT
 3802 T:127b  65 a0                              adc FAC+3          ; 
 3803 T:127d  aa                                 tax                    ; 
 3804 T:127e  98                                 tya                    ; 
 3805 T:127f  a4 5e                              ldy INDEX                ; RETRIEVE Y SAVED BY MULTIPLY.SUBSCRIPT
 3806 T:1281  65 a1                    L_FAE_3_1 adc FAC+4       ; FINISH ADDING CURRENT SUBSCRIPT
 3807 T:1283  86 ad                              stx STRNG2                ; STORE ACCUMULATED OFFSET
 3808 T:1285  c6 0f                              dec NUMDIM                ; LAST SUBSCRIPT YET?
 3809 T:1287  d0 ca                              bne FAE_1             ; NO, LOOP TILL DONE
 3810 T:1289  85 ae                              sta STRNG2+1          ; YES, NOW MULTIPLY BE ELEMENT SIZE
 3811 T:128b  a2 05                              ldx #5             ; START WITH SIZE = 5
 3812 T:128d  a5 81                              lda VARNAM                ; DETERMINE VARIABLE TYPE
 3813 T:128f  10 01                              bpl L_FAE_3_2                ; NOT INTEGER
 3814 T:1291  ca                                 dex                    ; INTEGER, BACK DOWN SIZE TO 4 BYTES
 3815 T:1292  a5 82                    L_FAE_3_2 lda VARNAM+1       ; DISCRIMINATE BETWEEN REAL AND STR
 3816 T:1294  10 02                              bpl L_FAE_3_3                ; IT IS REAL
 3817 T:1296  ca                                 dex                    ; SIZE = 3 IF STRING, =2 IF INTEGER
 3818 T:1297  ca                                 dex                    ; 
 3819 T:1298  86 64                    L_FAE_3_3 stx RESULT+2       ; SET UP MULTIPLIER
 3820 T:129a  a9 00                              lda #0             ; HI-BYTE OF MULTIPLIER
 3821 T:129c  20 b6 12                           jsr MULTIPLY_SUBS_1                ; (STRNG2) BY ELEMENT SIZE
 3822 T:129f  8a                                 txa                    ; ADD ACCUMULATED OFFSET
 3823 T:12a0  65 94                              adc ARYPNT                ; TO ADDRESS OF 1ST ELEMENT
 3824 T:12a2  85 83                              sta VARPNT                ; TO GET ADDRESS OF SPECIFIED ELEMENT
 3825 T:12a4  98                                 tya                    ; 
 3826 T:12a5  65 95                              adc ARYPNT+1          ; 
 3827 T:12a7  85 84                              sta VARPNT+1          ; 
 3828 T:12a9  a8                                 tay                    ; RETURN WITH ADDR IN VARPNT
 3829 T:12aa  a5 83                              lda VARPNT                ; AND IN Y,A
 3830 T:12ac  60                       RTS_9     rts                 ; 
 3831 T:12ad                                    ; --------------------------------
 3832 T:12ad                                    ; MULTIPLY (STRNG2) BY ((LOWTR),Y)
 3833 T:12ad                                    ; LEAVING PRODUCT IN A,X.  (HI-BYTE ALSO IN Y.)
 3834 T:12ad                                    ; USED ONLY BY ARRAY SUBSCRIPT ROUTINES
 3835 T:12ad                                    ; --------------------------------
 3836 T:12ad                           MULTIPLY_SUBSCRIPT 
 3837 T:12ad  84 5e                              sty INDEX                ; SAVE Y-REG
 3838 T:12af  b1 9b                              lda (LOWTR),Y                   ; GET MULTIPLIER
 3839 T:12b1  85 64                              sta RESULT+2          ; SAVE IN RESULT+2,3
 3840 T:12b3  88                                 dey                    ; 
 3841 T:12b4  b1 9b                              lda (LOWTR),Y                   ; 
 3842 T:12b6                                    ; --------------------------------
 3843 T:12b6                           MULTIPLY_SUBS_1                  ; 
 3844 T:12b6  85 65                              sta RESULT+3          ; LOW BYTE OF MULTIPLIER
 3845 T:12b8  a9 10                              lda #16             ; MULTIPLY 16 BITS
 3846 T:12ba  85 99                              sta INDX                ; 
 3847 T:12bc  a2 00                              ldx #0             ; PRODUCT = 0 INITIALLY
 3848 T:12be  a0 00                              ldy #0             ; 
 3849 T:12c0  8a                       L_MULTIPLY_SUBS_1_1 txa                 ; DOUBLE PRODUCT
 3850 T:12c1  0a                                 asl                    ; LOW BYTE
 3851 T:12c2  aa                                 tax                    ; 
 3852 T:12c3  98                                 tya                    ; HIGH BYTE
 3853 T:12c4  2a                                 rol                    ; IF TOO LARGE, SET CARRY
 3854 T:12c5  a8                                 tay                    ; 
 3855 T:12c6  b0 a4                              bcs GME             ; TOO LARGE, "MEM FULL ERROR"
 3856 T:12c8  06 ad                              asl STRNG2                ; NEXT BIT OF MUTLPLICAND
 3857 T:12ca  26 ae                              rol STRNG2+1          ; INTO CARRY
 3858 T:12cc  90 0b                              bcc L_MULTIPLY_SUBS_1_2                ; BIT=0, DON'T NEED TO ADD
 3859 T:12ce  18                                 clc                    ; BIT=1, ADD INTO PARTIAL PRODUCT
 3860 T:12cf  8a                                 txa                    ; 
 3861 T:12d0  65 64                              adc RESULT+2          ; 
 3862 T:12d2  aa                                 tax                    ; 
 3863 T:12d3  98                                 tya                    ; 
 3864 T:12d4  65 65                              adc RESULT+3          ; 
 3865 T:12d6  a8                                 tay                    ; 
 3866 T:12d7  b0 93                              bcs GME             ; TOO LARGE, "MEM FULL ERROR"
 3867 T:12d9  c6 99                    L_MULTIPLY_SUBS_1_2 dec INDX             ; 16-BITS YET?
 3868 T:12db  d0 e3                              bne L_MULTIPLY_SUBS_1_1             ; NO, KEEP SHUFFLING
 3869 T:12dd  60                                 rts                    ; YES, PRODUCT IN Y,X AND A,X
 3870 T:12de                                    ; --------------------------------
 3871 T:12de                                    ; "FRE" FUNCTION
 3872 T:12de                                    ; 
 3873 T:12de                                    ; COLLECTS GARBAGE AND RETURNS # BYTES OF MEMORY LEFT
 3874 T:12de                                    ; --------------------------------
 3875 T:12de  a5 11                    FRE       lda VALTYP             ; LOOK AT VALUE OF ARGUMENT
 3876 T:12e0  f0 03                              beq L_FRE_1                ; =0 MEANS REAL, =$FF MEANS STRING
 3877 T:12e2  20 00 16                           jsr FREFAC                ; STRING, SO SET IT FREE IS TEMP
 3878 T:12e5  20 84 14                 L_FRE_1   jsr GARBAG             ; COLLECT ALL THE GARBAGE IN SIGHT
 3879 T:12e8  38                                 sec                    ; COMPUTE SPACE BETWEEN ARRAYS AND
 3880 T:12e9  a5 6f                              lda FRETOP                ; STRING TEMP AREA
 3881 T:12eb  e5 6d                              sbc STREND                ; 
 3882 T:12ed  a8                                 tay                    ; 
 3883 T:12ee  a5 70                              lda FRETOP+1          ; 
 3884 T:12f0  e5 6e                              sbc STREND+1          ; FREE SPACE IN Y,A
 3885 T:12f2                                    ; FALL INTO GIVAYF TO FLOAT THE VALUE
 3886 T:12f2                                    ; NOTE THAT VALUES OVER 32767 WILL RETURN AS NEGATIVE
 3887 T:12f2                                    ; --------------------------------
 3888 T:12f2                                    ; FLOAT THE SIGNED INTEGER IN A,Y
 3889 T:12f2                                    ; --------------------------------
 3890 T:12f2  a2 00                    GIVAYF    ldx #0          ; MARK FAC VALUE TYPE REAL
 3891 T:12f4  86 11                              stx VALTYP                ; 
 3892 T:12f6  85 9e                              sta FAC+1          ; SAVE VALUE FROM A,Y IN MANTISSA
 3893 T:12f8  84 9f                              sty FAC+2          ; 
 3894 T:12fa  a2 90                              ldx #$90             ; SET EXPONENT TO 2^16
 3895 T:12fc  4c 9b 1b                           jmp FLOAT_1                ; CONVERT TO SIGNED FP
 3896 T:12ff                                    ; --------------------------------
 3897 T:12ff                                    ; "POS" FUNCTION
 3898 T:12ff                                    ; 
 3899 T:12ff                                    ; RETURNS CURRENT LINE POSITION FROM MON.CH
 3900 T:12ff                                    ; --------------------------------
 3901 T:12ff  a4 24                    POS       ldy MON_CH             ; GET A,Y = (MON.CH, GO TO GIVAYF
 3902 T:1301                                    ; --------------------------------
 3903 T:1301                                    ; FLOAT (Y) INTO FAC, GIVING VALUE 0-255
 3904 T:1301                                    ; --------------------------------
 3905 T:1301  a9 00                    SNGFLT    lda #0          ; MSB = 0
 3906 T:1303  38                                 sec                    ; <<< NO PURPOSE WHATSOEVER >>>
 3907 T:1304  f0 ec                              beq GIVAYF             ; ...ALWAYS
 3908 T:1306                                    ; --------------------------------
 3909 T:1306                                    ; CHECK FOR DIRECT OR RUNNING MODE
 3910 T:1306                                    ; GIVING ERROR IF DIRECT MODE
 3911 T:1306                                    ; --------------------------------
 3912 T:1306  a6 76                    ERRDIR    ldx CURLIN+1       ; =$FF IF DIRECT MODE
 3913 T:1308  e8                                 inx                    ; MAKES $FF INTO ZERO
 3914 T:1309  d0 a1                              bne RTS_9             ; RETURN IF RUNNING MODE
 3915 T:130b  a2 95                              ldx #ERR_ILLDIR               ; DIRECT MODE, GIVE ERROR
 3916 T:130d  2c                                 .byt $2c              ; TRICK TO SKIP NEXT 2 BYTES
 3917 T:130e                                    ; --------------------------------
 3918 T:130e  a2 e0                    UNDFNC    ldx #ERR_UNDEFFUNC            ; UNDEFINDED FUNCTION ERROR
 3919 T:1310  4c 12 04                           jmp ERROR
 3920 T:1313                                    ; --------------------------------
 3921 T:1313                                    ; "DEF" STATEMENT
 3922 T:1313                                    ; --------------------------------
 3923 T:1313  20 41 13                 DEF       jsr FNC_             ; PARSE "FN", FUNCTION NAME
 3924 T:1316  20 06 13                           jsr ERRDIR             ; ERROR IF IN DIRECT MODE
 3925 T:1319  20 bb 0e                           jsr CHKOPN             ; NEED "("
 3926 T:131c  a9 80                              lda #$80             ; FLAG PTRGET THAT CALLED FROM "DEF FN"
 3927 T:131e  85 14                              sta SUBFLG                ; ALLOW ONLY SIMPLE FP VARIABLE FOR ARG
 3928 T:1320  20 e3 0f                           jsr PTRGET             ; GET PNTR TO ARGUMENT
 3929 T:1323  20 6a 0d                           jsr CHKNUM             ; MUST BE NUMERIC
 3930 T:1326  20 b8 0e                           jsr CHKCLS             ; MUST HAVE ")" NOW
 3931 T:1329  a9 d0                              lda #TOKENEQUUAL               ; NOW NEED "="
 3932 T:132b  20 c0 0e                           jsr SYNCHR             ; OR ELSE SYNTAX ERROR
 3933 T:132e  48                                 pha                    ; SAVE CHAR AFTER "="
 3934 T:132f  a5 84                              lda VARPNT+1          ; SAVE PNTR TO ARGUMENT
 3935 T:1331  48                                 pha 
 3936 T:1332  a5 83                              lda VARPNT
 3937 T:1334  48                                 pha 
 3938 T:1335  a5 b9                              lda TXTPTR+1          ; SAVE TXTPTR
 3939 T:1337  48                                 pha 
 3940 T:1338  a5 b8                              lda TXTPTR
 3941 T:133a  48                                 pha 
 3942 T:133b  20 95 09                           jsr DATA             ; SCAN TO NEXT STATEMENT
 3943 T:133e  4c af 13                           jmp FNCDATA                ; STORE ABOVE 5 BYTES IN "VALUE"
 3944 T:1341                                    ; --------------------------------
 3945 T:1341                                    ; COMMON ROUTINE FOR "DEFFN" AND "FN", TO
 3946 T:1341                                    ; PARSE "FN" AND THE FUNCTION NAME
 3947 T:1341                                    ; --------------------------------
 3948 T:1341  a9 c2                    FNC_      lda #TOKEN_FN            ; MUST NOW SEE "FN" TOKEN
 3949 T:1343  20 c0 0e                           jsr SYNCHR             ; OR ELSE SYNTAX ERROR
 3950 T:1346  09 80                              ora #$80             ; SET SIGN BIT ON 1ST CHAR OF NAME,
 3951 T:1348  85 14                              sta SUBFLG                ; MAKING $C0 < SUBFLG < $DB
 3952 T:134a  20 ea 0f                           jsr PTRGET3             ; WHICH TELLS PTRGET WHO CALLED
 3953 T:134d  85 8a                              sta FNCNAM                ; FOUND VALID FUNCTION NAME, SO
 3954 T:134f  84 8b                              sty FNCNAM+1          ; SAVE ADDRESS
 3955 T:1351  4c 6a 0d                           jmp CHKNUM             ; MUST BE NUMERIC
 3956 T:1354                                    ; --------------------------------
 3957 T:1354                                    ; "FN" FUNCTION CALL
 3958 T:1354                                    ; --------------------------------
 3959 T:1354  20 41 13                 FUNCT     jsr FNC_          ; PARSE "FN", FUNCTION NAME
 3960 T:1357  a5 8b                              lda FNCNAM+1          ; STACK FUNCTION ADDRESS
 3961 T:1359  48                                 pha                    ; IN CASE OF A NESTED FN CALL
 3962 T:135a  a5 8a                              lda FNCNAM                ; 
 3963 T:135c  48                                 pha                    ; 
 3964 T:135d  20 b2 0e                           jsr PARCHK             ; MUST NOW HAVE "(EXPRESSION)"
 3965 T:1360  20 6a 0d                           jsr CHKNUM             ; MUST BE NUMERIC EXPRESSION
 3966 T:1363  68                                 pla                    ; GET FUNCTION ADDRESS BACK
 3967 T:1364  85 8a                              sta FNCNAM                ; 
 3968 T:1366  68                                 pla                    ; 
 3969 T:1367  85 8b                              sta FNCNAM+1          ; 
 3970 T:1369  a0 02                              ldy #2             ; POINT AT ADD OF ARGUMENT VARIABLE
 3971 T:136b  b1 8a                              lda (FNCNAM),Y
 3972 T:136d  85 83                              sta VARPNT
 3973 T:136f  aa                                 tax 
 3974 T:1370  c8                                 iny 
 3975 T:1371  b1 8a                              lda (FNCNAM),Y
 3976 T:1373  f0 99                              beq UNDFNC             ; UNDEFINED FUNCTION
 3977 T:1375  85 84                              sta VARPNT+1
 3978 T:1377  c8                                 iny                    ; Y=4 NOW
 3979 T:1378  b1 83                    L_FUNCT_1 lda (VARPNT),Y                  ; SAVE OLD VALUE OF ARGUMENT VARIABLE
 3980 T:137a  48                                 pha                    ; ON STACK, IN CASE ALSO USED AS
 3981 T:137b  88                                 dey                    ; A NORMAL VARIABLE!
 3982 T:137c  10 fa                              bpl L_FUNCT_1
 3983 T:137e  a4 84                              ldy VARPNT+1          ; (Y,X)= ADDRESS, STORE FAC IN VARIABLE
 3984 T:1380  20 2b 1b                           jsr STORE_FACDB_YX_ROUNDED
 3985 T:1383  a5 b9                              lda TXTPTR+1          ; REMEMBER TXTPTR AFTER FN CALL
 3986 T:1385  48                                 pha 
 3987 T:1386  a5 b8                              lda TXTPTR
 3988 T:1388  48                                 pha 
 3989 T:1389  b1 8a                              lda (FNCNAM),Y                  ; Y=0 FROM MOVMF
 3990 T:138b  85 b8                              sta TXTPTR                ; POINT TO FUNCTION DEF'N
 3991 T:138d  c8                                 iny 
 3992 T:138e  b1 8a                              lda (FNCNAM),Y
 3993 T:1390  85 b9                              sta TXTPTR+1
 3994 T:1392  a5 84                              lda VARPNT+1          ; SAVE ADDRESS OF ARGUMENT VARIABLE
 3995 T:1394  48                                 pha                    ; 
 3996 T:1395  a5 83                              lda VARPNT                ; 
 3997 T:1397  48                                 pha                    ; 
 3998 T:1398  20 67 0d                           jsr FRMNUM             ; EVALUATE THE FUNCTION EXPRESSION
 3999 T:139b  68                                 pla                    ; GET ADDRESS OF ARGUMENT VARIABLE
 4000 T:139c  85 8a                              sta FNCNAM                ; AND SAVE IT
 4001 T:139e  68                                 pla                    ; 
 4002 T:139f  85 8b                              sta FNCNAM+1          ; 
 4003 T:13a1  20 b7 00                           jsr CHRGOT                ; MUST BE AT ":" OR EOL
 4004 T:13a4  f0 03                              beq L_FUNCT_2                ; WE ARE
 4005 T:13a6  4c c9 0e                           jmp SYNERR             ; WE ARE NOT, SLYNTAX ERROR
 4006 T:13a9  68                       L_FUNCT_2 pla                 ; RETRIEVE TXTPTR AFTER "FN" CALL
 4007 T:13aa  85 b8                              sta TXTPTR
 4008 T:13ac  68                                 pla 
 4009 T:13ad  85 b9                              sta TXTPTR+1
 4010 T:13af                                    ; STACK NOW HAS 5-BYTE VALUE
 4011 T:13af                                    ; OF THE ARGUMENT VARIABLE,
 4012 T:13af                                    ; AND FNCNAM POINTS AT THE VARIABLE
 4013 T:13af                                    ; --------------------------------
 4014 T:13af                                    ; STORE FIVE BYTES FROM STACK AT (FNCNAM)
 4015 T:13af                                    ; --------------------------------
 4016 T:13af                           FNCDATA   
 4017 T:13af  a0 00                              ldy #0
 4018 T:13b1  68                                 pla 
 4019 T:13b2  91 8a                              sta (FNCNAM),Y
 4020 T:13b4  68                                 pla 
 4021 T:13b5  c8                                 iny 
 4022 T:13b6  91 8a                              sta (FNCNAM),Y
 4023 T:13b8  68                                 pla 
 4024 T:13b9  c8                                 iny 
 4025 T:13ba  91 8a                              sta (FNCNAM),Y
 4026 T:13bc  68                                 pla 
 4027 T:13bd  c8                                 iny 
 4028 T:13be  91 8a                              sta (FNCNAM),Y
 4029 T:13c0  68                                 pla 
 4030 T:13c1  c8                                 iny 
 4031 T:13c2  91 8a                              sta (FNCNAM),Y
 4032 T:13c4  60                                 rts 
 4033 T:13c5                                    ; --------------------------------
 4034 T:13c5                                    ; "STR$" FUNCTION
 4035 T:13c5                                    ; --------------------------------
 4036 T:13c5  20 6a 0d                 STR       jsr CHKNUM          ; EXPRESSION MUST BE NUMERIC
 4037 T:13c8  a0 00                              ldy #0             ; START STRING AT STACK-1 ($00FF)
 4038 T:13ca                                    ; SO STRLIT CAN DIFFRENTIATE STR$ CALLS
 4039 T:13ca  20 36 1d                           jsr FOUT_1                ; CONVERT FAC TO STRING
 4040 T:13cd  68                                 pla                    ; POP RETURN OFF STACK
 4041 T:13ce  68                                 pla                    ; 
 4042 T:13cf  a9 ff                              lda #<STACK-1        ; POINT TO STACK-1
 4043 T:13d1  a0 00                              ldy #>STACK-1        ; (WHICH=0)
 4044 T:13d3  f0 12                              beq STRLIT                ; ...ALWAYS, CREATE DESC & MOVE STRING
 4045 T:13d5                                    ; --------------------------------
 4046 T:13d5                                    ; GET SPACE AND MAKE DESCRIPTOR FOR STRING WHOSE
 4047 T:13d5                                    ; ADDRESS IS IN FAC+3,4 AND WHOSE LENGTH IS IN A-REG
 4048 T:13d5                                    ; --------------------------------
 4049 T:13d5  a6 a0                    STRINI    ldx FAC+3       ; Y,X = STRING ADDRESS
 4050 T:13d7  a4 a1                              ldy FAC+4          ; 
 4051 T:13d9  86 8c                              stx DSCPTR                ; 
 4052 T:13db  84 8d                              sty DSCPTR+1          ; 
 4053 T:13dd                                    ; --------------------------------
 4054 T:13dd                                    ; GET SPACE AND MAKE DESCRIPTOR FOR STRING WHOSE
 4055 T:13dd                                    ; ADDRESS IS IN Y,X AND WHOSE LENGTH IS IN A-REG
 4056 T:13dd                                    ; --------------------------------
 4057 T:13dd  20 52 14                 STRSPA    jsr GETSPA             ; A HOLDS LENGTH
 4058 T:13e0  86 9e                              stx FAC+1          ; SAVE DESCRIPTOR IN FAC
 4059 T:13e2  84 9f                              sty FAC+2          ; ---FAC--- --FAC+1-- --FAC+2--
 4060 T:13e4  85 9d                              sta FAC                ; <LENGTH>  <ADDR-LO> <ADDR-HI>
 4061 T:13e6  60                                 rts                    ; 
 4062 T:13e7                                    ; --------------------------------
 4063 T:13e7                                    ; BUILD A DESCRIPTOR FOR STRING STARTING AT Y,A
 4064 T:13e7                                    ; AND TERMINATED BY $00 OR QUOTATION MARK
 4065 T:13e7                                    ; RETURN WITH DESCRIPTOR IN A TEMPORARY
 4066 T:13e7                                    ; AND ADDRESS OF DESCRIPTOR IN FAC+3,4
 4067 T:13e7                                    ; --------------------------------
 4068 T:13e7  a2 22                    STRLIT    ldx #$22          ; SET UP LITERAL SCAN TO STOP ON
 4069 T:13e9  86 0d                              stx CHARAC                ; QUOTATION MARK OR $00
 4070 T:13eb  86 0e                              stx ENDCHR                ; 
 4071 T:13ed                                    ; --------------------------------
 4072 T:13ed                                    ; BUILD A DESCRIPTOR FOR STRING STARTING AT Y,A
 4073 T:13ed                                    ; AND TERMINATED BY $00, (CHARAC), OR (ENDCHR)
 4074 T:13ed                                    ; 
 4075 T:13ed                                    ; RETURN WITH DESCRIPTOR IN A TEMPORARY
 4076 T:13ed                                    ; AND ADDRESS OF DESCRIPTOR IN FAC+3,4
 4077 T:13ed                                    ; --------------------------------
 4078 T:13ed  85 ab                    STRLT2    sta STRNG1             ; SAVE ADDRESS OF STRING
 4079 T:13ef  84 ac                              sty STRNG1+1          ; 
 4080 T:13f1  85 9e                              sta FAC+1          ; ...AGAIN
 4081 T:13f3  84 9f                              sty FAC+2          ; 
 4082 T:13f5  a0 ff                              ldy #$ff             ; 
 4083 T:13f7  c8                       L_STRLT2_1 iny                 ; FIND END OF STRING
 4084 T:13f8  b1 ab                              lda (STRNG1),Y                  ; NEXT STRING CHAR
 4085 T:13fa  f0 0c                              beq L_STRLT2_3                ; END OF STRING
 4086 T:13fc  c5 0d                              cmp CHARAC                ; ALTERNATE TERMINATOR # 1?
 4087 T:13fe  f0 04                              beq L_STRLT2_2                ; YES
 4088 T:1400  c5 0e                              cmp ENDCHR                ; ALTERNATE TERMINATOR # 2?
 4089 T:1402  d0 f3                              bne L_STRLT2_1             ; NO, KEEP SCANNING
 4090 T:1404  c9 22                    L_STRLT2_2 cmp #$22          ; IS STRING ENDED WITH QUOTE MARK?
 4091 T:1406  f0 01                              beq L_STRLT2_4                ; YES, C=1 TO INCLUDE " IN STRING
 4092 T:1408  18                       L_STRLT2_3 clc                 ; 
 4093 T:1409  84 9d                    L_STRLT2_4 sty FAC             ; SAVE LENGTH
 4094 T:140b  98                                 tya                    ; 
 4095 T:140c  65 ab                              adc STRNG1                ; COMPUTE ADDRESS OF END OF STRING
 4096 T:140e  85 ad                              sta STRNG2                ; (OF 00 BYTE, OR JUST AFTER ")
 4097 T:1410  a6 ac                              ldx STRNG1+1          ; 
 4098 T:1412  90 01                              bcc L_STRLT2_5                ; 
 4099 T:1414  e8                                 inx                    ; 
 4100 T:1415  86 ae                    L_STRLT2_5 stx STRNG2+1       ; 
 4101 T:1417  a5 ac                              lda STRNG1+1          ; WHERE DOES THE STRING START?
 4102 T:1419  f0 04                              beq L_STRLT2_6                ; PAGE 0, MUST BE FROM STR$ FUNCTION
 4103 T:141b  c9 02                              cmp #2             ; PAGE 2?
 4104 T:141d  d0 0b                              bne PUTNEW                ; NO, NOT PAGE 0 OR 2
 4105 T:141f  98                       L_STRLT2_6 tya                 ; LENGTH OF STRING
 4106 T:1420  20 d5 13                           jsr STRINI             ; MAKE SPACE FOR STRING
 4107 T:1423  a6 ab                              ldx STRNG1                ; 
 4108 T:1425  a4 ac                              ldy STRNG1+1          ; 
 4109 T:1427  20 e2 15                           jsr MOVSTR                ; MOVE IT IN
 4110 T:142a                                    ; --------------------------------
 4111 T:142a                                    ; STORE DESCRIPTOR IN TEMPORARY DESCRIPTOR STACK
 4112 T:142a                                    ; 
 4113 T:142a                                    ; THE DESCRIPTOR IS NOW IN FAC, FAC+1, FAC+2
 4114 T:142a                                    ; PUT ADDRESS OF TEMP DESCRIPTOR IN FAC+3,4
 4115 T:142a                                    ; --------------------------------
 4116 T:142a  a6 52                    PUTNEW    ldx TEMPPT             ; POINTER TO NEXT TEMP STRING SLOT
 4117 T:142c  e0 5e                              cpx #TEMPST+9         ; MAX OF 3 TEMP STRINGS
 4118 T:142e  d0 05                              bne PUTEMP                ; ROOM FOR ANOTHER ONE
 4119 T:1430  a2 bf                              ldx #ERR_FRMCPX               ; TOO MANY, FORMULA TOO COMPLEX
 4120 T:1432  4c 12 04                 JERR      jmp ERROR
 4121 T:1435                                    ; --------------------------------
 4122 T:1435  a5 9d                    PUTEMP    lda FAC             ; COPY TEMP DESCRIPTOR INTO TEMP STACK
 4123 T:1437  95 00                              sta 0,X
 4124 T:1439  a5 9e                              lda FAC+1
 4125 T:143b  95 01                              sta 1,X
 4126 T:143d  a5 9f                              lda FAC+2
 4127 T:143f  95 02                              sta 2,X
 4128 T:1441  a0 00                              ldy #0
 4129 T:1443  86 a0                              stx FAC+3          ; ADDRESS OF TEMP DESCRIPTOR
 4130 T:1445  84 a1                              sty FAC+4          ; IN Y,X AND FAC+3,4
 4131 T:1447  88                                 dey                    ; Y=$FF
 4132 T:1448  84 11                              sty VALTYP                ; FLAG (FAC ) AS STRING
 4133 T:144a  86 53                              stx LASTPT                ; INDEX OF LAST POINTER
 4134 T:144c  e8                                 inx                    ; UPDATE FOR NEXT TEMP ENTRY
 4135 T:144d  e8                                 inx 
 4136 T:144e  e8                                 inx 
 4137 T:144f  86 52                              stx TEMPPT
 4138 T:1451  60                                 rts 
 4139 T:1452                                    ; --------------------------------
 4140 T:1452                                    ; MAKE SPACE FOR STRING AT BOTTOM OF STRING SPACE
 4141 T:1452                                    ; (A)=# BYTES SPACE TO MAKE
 4142 T:1452                                    ; 
 4143 T:1452                                    ; RETURN WITH (A) SAME,
 4144 T:1452                                    ; AND Y,X = ADDRESS OF SPACE ALLOCATED
 4145 T:1452                                    ; --------------------------------
 4146 T:1452  46 13                    GETSPA    lsr GARFLG             ; CLEAR SIGNBIT OF FLAG
 4147 T:1454  48                       L_GETSPA_1 pha                 ; A HOLDS LENGTH
 4148 T:1455  49 ff                              eor #$ff             ; GET -LENGTH
 4149 T:1457  38                                 sec                    ; 
 4150 T:1458  65 6f                              adc FRETOP                ; COMPUTE STARTING ADDRESS OF SPACE
 4151 T:145a  a4 70                              ldy FRETOP+1          ; FOR THE STRING
 4152 T:145c  b0 01                              bcs L_GETSPA_2                ; 
 4153 T:145e  88                                 dey                    ; 
 4154 T:145f  c4 6e                    L_GETSPA_2 cpy STREND+1       ; SEE IF FITS IN REMAINING MEMORY
 4155 T:1461  90 11                              bcc L_GETSPA_4                ; NO, TRY GARBAGE
 4156 T:1463  d0 04                              bne L_GETSPA_3                ; YES, IT FITS
 4157 T:1465  c5 6d                              cmp STREND                ; HAVE TO CHECK LOWER BYTES
 4158 T:1467  90 0b                              bcc L_GETSPA_4                ; NOT ENUF ROOM YET
 4159 T:1469  85 6f                    L_GETSPA_3 sta FRETOP             ; THERE IS ROOM SO SAVE NEW FRETOP
 4160 T:146b  84 70                              sty FRETOP+1          ; 
 4161 T:146d  85 71                              sta FRESPC                ; 
 4162 T:146f  84 72                              sty FRESPC+1          ; 
 4163 T:1471  aa                                 tax                    ; ADDR IN Y,X
 4164 T:1472  68                                 pla                    ; LENGTH IN A
 4165 T:1473  60                                 rts 
 4166 T:1474  a2 4d                    L_GETSPA_4 ldx #ERR_MEMFULL
 4167 T:1476  a5 13                              lda GARFLG                ; GARBAGE DONE YET?
 4168 T:1478  30 b8                              bmi JERR             ; YES, MEMORY IS REALLY FULL
 4169 T:147a  20 84 14                           jsr GARBAG                ; NO, TRY COLLECTING NOW
 4170 T:147d  a9 80                              lda #$80             ; FLAG THAT COLLECTED GARBAGE ALREADY
 4171 T:147f  85 13                              sta GARFLG                ; 
 4172 T:1481  68                                 pla                    ; GET STRING LENGTH AGAIN
 4173 T:1482  d0 d0                              bne L_GETSPA_1             ; ...ALWAYS
 4174 T:1484                                    ; --------------------------------
 4175 T:1484                                    ; SHOVE ALL REFERENCED STRINGS AS HIGH AS POSSIBLE
 4176 T:1484                                    ; IN MEMORY (AGAINST HIMEM), FREEING UP SPACE
 4177 T:1484                                    ; BELOW STRING AREA DOWN TO STREND.
 4178 T:1484                                    ; --------------------------------
 4179 T:1484  a6 73                    GARBAG    ldx MEMSIZ             ; COLLECT FROM TOP DOWN
 4180 T:1486  a5 74                              lda MEMSIZ+1          ; 
 4181 T:1488                           FIND_HIGHEST_STRING                  ; 
 4182 T:1488  86 6f                              stx FRETOP                ; ONE PASS THROUGH ALL VARS
 4183 T:148a  85 70                              sta FRETOP+1          ; FOR EACH ACTIVE STRING!
 4184 T:148c  a0 00                              ldy #0             ; 
 4185 T:148e  84 8b                              sty FNCNAM+1          ; FLAG IN CASE NO STRINGS TO COLLECT
 4186 T:1490  a5 6d                              lda STREND                ; 
 4187 T:1492  a6 6e                              ldx STREND+1          ; 
 4188 T:1494  85 9b                              sta LOWTR                ; 
 4189 T:1496  86 9c                              stx LOWTR+1          ; 
 4190 T:1498                                    ; --------------------------------
 4191 T:1498                                    ; START BY COLLECTING TEMPORARIES
 4192 T:1498                                    ; --------------------------------
 4193 T:1498  a9 55                              lda #<TEMPST              ; 
 4194 T:149a  a2 00                              ldx #>TEMPST              ; 
 4195 T:149c  85 5e                              sta INDEX                ; 
 4196 T:149e  86 5f                              stx INDEX+1          ; 
 4197 T:14a0  c5 52                    L_FIND_HIGHEST_STRING_1 cmp TEMPPT             ; FINISHED WITH TEMPS YET?
 4198 T:14a2  f0 05                              beq L_FIND_HIGHEST_STRING_2                ; YES, NOW DO SIMPLE VARIABLES
 4199 T:14a4  20 23 15                           jsr CHECK_VARIABLE                ; DO A TEMP
 4200 T:14a7  f0 f7                              beq L_FIND_HIGHEST_STRING_1             ; ...ALWAYS
 4201 T:14a9                                    ; --------------------------------
 4202 T:14a9                                    ; NOW COLLECT SIMPLE VARIABLES
 4203 T:14a9                                    ; --------------------------------
 4204 T:14a9  a9 07                    L_FIND_HIGHEST_STRING_2 lda #7          ; LENGTH OF EACH VARIABLE IS 7 BYTES
 4205 T:14ab  85 8f                              sta DSCLEN                ; 
 4206 T:14ad  a5 69                              lda VARTAB                ; START AT BEGINNING OF VARTAB
 4207 T:14af  a6 6a                              ldx VARTAB+1
 4208 T:14b1  85 5e                              sta INDEX
 4209 T:14b3  86 5f                              stx INDEX+1
 4210 T:14b5  e4 6c                    L_FIND_HIGHEST_STRING_3 cpx ARYTAB+1       ; FINISHED WITH SIMPLE VARIABLES?
 4211 T:14b7  d0 04                              bne L_FIND_HIGHEST_STRING_4                ; NO
 4212 T:14b9  c5 6b                              cmp ARYTAB                ; MAYBE, CHECK LO-BYTE
 4213 T:14bb  f0 05                              beq L_FIND_HIGHEST_STRING_5                ; YES, NOW DO ARRAYS
 4214 T:14bd  20 19 15                 L_FIND_HIGHEST_STRING_4 jsr CHECK_SIMPLE_VARIABLE
 4215 T:14c0  f0 f3                              beq L_FIND_HIGHEST_STRING_3             ; ...ALWAYS
 4216 T:14c2                                    ; --------------------------------
 4217 T:14c2                                    ; NOW COLLECT ARRAY VARIABLES
 4218 T:14c2                                    ; --------------------------------
 4219 T:14c2  85 94                    L_FIND_HIGHEST_STRING_5 sta ARYPNT
 4220 T:14c4  86 95                              stx ARYPNT+1
 4221 T:14c6  a9 03                              lda #3             ; DESCRIPTORS IN ARRAYS ARE 3-BYTES EACH
 4222 T:14c8  85 8f                              sta DSCLEN                ; 
 4223 T:14ca  a5 94                    L_FIND_HIGHEST_STRING_6 lda ARYPNT             ; COMPARE TO END OF ARRAYS
 4224 T:14cc  a6 95                              ldx ARYPNT+1          ; 
 4225 T:14ce  e4 6e                    L_FIND_HIGHEST_STRING_7 cpx STREND+1       ; FINISHED WITH ARRAYS YET?
 4226 T:14d0  d0 07                              bne L_FIND_HIGHEST_STRING_8                ; NOT YET
 4227 T:14d2  c5 6d                              cmp STREND                ; MAYBE, CHECK LO-BYTE
 4228 T:14d4  d0 03                              bne L_FIND_HIGHEST_STRING_8                ; NOT FINISHED YET
 4229 T:14d6  4c 62 15                           jmp MOVE_HIGHEST_STRING_TO_TOP                ; FINISHED
 4230 T:14d9  85 5e                    L_FIND_HIGHEST_STRING_8 sta INDEX             ; SET UP PNTR TO START OF ARRAY
 4231 T:14db  86 5f                              stx INDEX+1          ; 
 4232 T:14dd  a0 00                              ldy #0             ; POINT AT NAME OF ARRAY
 4233 T:14df  b1 5e                              lda (INDEX),Y                   ; 
 4234 T:14e1  aa                                 tax                    ; 1ST LETTER OF NAME IN X-REG
 4235 T:14e2  c8                                 iny                    ; 
 4236 T:14e3  b1 5e                              lda (INDEX),Y                   ; 
 4237 T:14e5  08                                 php                    ; STATUS FROM SECOND LETTER OF NAME
 4238 T:14e6  c8                                 iny                    ; 
 4239 T:14e7  b1 5e                              lda (INDEX),Y                   ; OFFSET TO NEXT ARRAY
 4240 T:14e9  65 94                              adc ARYPNT                ; (CARRY ALWAYS CLEAR)
 4241 T:14eb  85 94                              sta ARYPNT                ; CALCULATE START OF NEXT ARRAY
 4242 T:14ed  c8                                 iny                    ; 
 4243 T:14ee  b1 5e                              lda (INDEX),Y                   ; HI-BYTE OF OFFSET
 4244 T:14f0  65 95                              adc ARYPNT+1          ; 
 4245 T:14f2  85 95                              sta ARYPNT+1          ; 
 4246 T:14f4  28                                 plp                    ; GET STATUS FROM 2ND CHAR OF NAME
 4247 T:14f5  10 d3                              bpl L_FIND_HIGHEST_STRING_6             ; NOT A STRING ARRAY
 4248 T:14f7  8a                                 txa                    ; SET STATUS WITH 1ST CHAR OF NAME
 4249 T:14f8  30 d0                              bmi L_FIND_HIGHEST_STRING_6             ; NOT A STRING ARRAY
 4250 T:14fa  c8                                 iny                    ; 
 4251 T:14fb  b1 5e                              lda (INDEX),Y                   ; # OF DIMENSIONS FOR THIS ARRAY
 4252 T:14fd  a0 00                              ldy #0             ; 
 4253 T:14ff  0a                                 asl                    ; PREAMBLE SIZE = 2*#DIMS + 5
 4254 T:1500  69 05                              adc #5             ; 
 4255 T:1502  65 5e                              adc INDEX                ; MAKE INDEX POINT AT FIRST ELEMENT
 4256 T:1504  85 5e                              sta INDEX                ; IN THE ARRAY
 4257 T:1506  90 02                              bcc L_FIND_HIGHEST_STRING_9                ; 
 4258 T:1508  e6 5f                              inc INDEX+1          ; 
 4259 T:150a                           L_FIND_HIGHEST_STRING_9                  ; 
 4260 T:150a  a6 5f                              ldx INDEX+1          ; STEP THRU EACH STRING IN THIS ARRAY
 4261 T:150c  e4 95                    L_FIND_HIGHEST_STRING_10 cpx ARYPNT+1       ; ARRAY DONE?
 4262 T:150e  d0 04                              bne L_FIND_HIGHEST_STRING_11                ; NO, PROCESS NEXT ELEMENT
 4263 T:1510  c5 94                              cmp ARYPNT                ; MAYBE, CHECK LO-BYTE
 4264 T:1512  f0 ba                              beq L_FIND_HIGHEST_STRING_7             ; YES, MOVE TO NEXT ARRAY
 4265 T:1514  20 23 15                 L_FIND_HIGHEST_STRING_11 jsr CHECK_VARIABLE             ; PROCESS THE ARRAY
 4266 T:1517  f0 f3                              beq L_FIND_HIGHEST_STRING_10             ; ...ALWAYS
 4267 T:1519                                    ; --------------------------------
 4268 T:1519                                    ; PROCESS A SIMPLE VARIABLE
 4269 T:1519                                    ; --------------------------------
 4270 T:1519                           CHECK_SIMPLE_VARIABLE 
 4271 T:1519  b1 5e                              lda (INDEX),Y                   ; LOOK AT 1ST CHAR OF NAME
 4272 T:151b  30 35                              bmi CHECK_BUMP                ; NOT A STRING VARIABLE
 4273 T:151d  c8                                 iny                    ; 
 4274 T:151e  b1 5e                              lda (INDEX),Y                   ; LOOK AT 2ND CHAR OF NAME
 4275 T:1520  10 30                              bpl CHECK_BUMP                ; NOT A STRING VARIABLE
 4276 T:1522  c8                                 iny                    ; 
 4277 T:1523                                    ; --------------------------------
 4278 T:1523                                    ; IF STRING IS NOT EMPTY, CHECK IF IT IS HIGHEST
 4279 T:1523                                    ; --------------------------------
 4280 T:1523                           CHECK_VARIABLE                  ; 
 4281 T:1523  b1 5e                              lda (INDEX),Y                   ; GET LENGTH OF STRING
 4282 T:1525  f0 2b                              beq CHECK_BUMP                ; IGNORE STRING IF LENGTH IS ZERO
 4283 T:1527  c8                                 iny                    ; 
 4284 T:1528  b1 5e                              lda (INDEX),Y                   ; GET ADDRESS OF STRING
 4285 T:152a  aa                                 tax                    ; 
 4286 T:152b  c8                                 iny                    ; 
 4287 T:152c  b1 5e                              lda (INDEX),Y                   ; 
 4288 T:152e  c5 70                              cmp FRETOP+1          ; CHECK IF ALREADY COLLECTED
 4289 T:1530  90 06                              bcc L_CHECK_VARIABLE_1                ; NO, BELOW FRETOP
 4290 T:1532  d0 1e                              bne CHECK_BUMP                ; YES, ABOVE FRETOP
 4291 T:1534  e4 6f                              cpx FRETOP                ; MAYBE, CHECK LO-BYTE
 4292 T:1536  b0 1a                              bcs CHECK_BUMP                ; YES, ABOVE FRETOP
 4293 T:1538  c5 9c                    L_CHECK_VARIABLE_1 cmp LOWTR+1       ; ABOVE HIGHEST STRING FOUND?
 4294 T:153a  90 16                              bcc CHECK_BUMP                ; NO, IGNORE FOR NOW
 4295 T:153c  d0 04                              bne L_CHECK_VARIABLE_2                ; YES, THIS IS THE NEW HIGHEST
 4296 T:153e  e4 9b                              cpx LOWTR                ; MAYBE, TRY LO-BYTE
 4297 T:1540  90 10                              bcc CHECK_BUMP                ; NO, IGNORE FOR NOW
 4298 T:1542  86 9b                    L_CHECK_VARIABLE_2 stx LOWTR             ; MAKE THIS THE HIGHEST STRING
 4299 T:1544  85 9c                              sta LOWTR+1
 4300 T:1546  a5 5e                              lda INDEX                ; SAVE ADDRESS OF DESCRIPTOR TOO
 4301 T:1548  a6 5f                              ldx INDEX+1
 4302 T:154a  85 8a                              sta FNCNAM
 4303 T:154c  86 8b                              stx FNCNAM+1
 4304 T:154e  a5 8f                              lda DSCLEN
 4305 T:1550  85 91                              sta LENGTH
 4306 T:1552                                    ; --------------------------------
 4307 T:1552                                    ; ADD (DSCLEN) TO PNTR IN INDEX
 4308 T:1552                                    ; RETURN WITH Y=0, PNTR ALSO IN X,A
 4309 T:1552                                    ; --------------------------------
 4310 T:1552                           CHECK_BUMP 
 4311 T:1552  a5 8f                              lda DSCLEN                ; BUMP TO NEXT VARIABLE
 4312 T:1554  18                                 clc 
 4313 T:1555  65 5e                              adc INDEX
 4314 T:1557  85 5e                              sta INDEX
 4315 T:1559  90 02                              bcc CHECK_EXIT
 4316 T:155b  e6 5f                              inc INDEX+1
 4317 T:155d                                    ; --------------------------------
 4318 T:155d                           CHECK_EXIT 
 4319 T:155d  a6 5f                              ldx INDEX+1
 4320 T:155f  a0 00                              ldy #0
 4321 T:1561  60                                 rts 
 4322 T:1562                                    ; --------------------------------
 4323 T:1562                                    ; FOUND HIGHEST NON-EMPTY STRING, SO MOVE IT
 4324 T:1562                                    ; TO TOP AND GO BACK FOR ANOTHER
 4325 T:1562                                    ; --------------------------------
 4326 T:1562                           MOVE_HIGHEST_STRING_TO_TOP 
 4327 T:1562  a6 8b                              ldx FNCNAM+1          ; ANY STRING FOUND?
 4328 T:1564  f0 f7                              beq CHECK_EXIT             ; NO, RETURN
 4329 T:1566  a5 91                              lda LENGTH                ; GET LENGTH OF VARIABLE ELEMENT
 4330 T:1568  29 04                              and #4             ; WAS 7 OR 3, MAKE 4 OR 0
 4331 T:156a  4a                                 lsr                    ; 2 0R 0; IN SIMPLE VARIABLES,
 4332 T:156b  a8                                 tay                    ; NAME PRECEDES DESCRIPTOR
 4333 T:156c  85 91                              sta LENGTH                ; 2 OR 0
 4334 T:156e  b1 8a                              lda (FNCNAM),Y                  ; GET LENGTH FROM DESCRIPTOR
 4335 T:1570  65 9b                              adc LOWTR                ; CARRY ALREADY CLEARED BY LSR
 4336 T:1572  85 96                              sta HIGHTR                ; STRING IS BTWN (LOWTR) AND (HIGHTR)
 4337 T:1574  a5 9c                              lda LOWTR+1          ; 
 4338 T:1576  69 00                              adc #0             ; 
 4339 T:1578  85 97                              sta HIGHTR+1          ; 
 4340 T:157a  a5 6f                              lda FRETOP                ; HIGH END DESTINATION
 4341 T:157c  a6 70                              ldx FRETOP+1          ; 
 4342 T:157e  85 94                              sta HIGHDS                ; 
 4343 T:1580  86 95                              stx HIGHDS+1          ; 
 4344 T:1582  20 9a 03                           jsr BLTU2             ; MOVE STRING UP
 4345 T:1585  a4 91                              ldy LENGTH                ; FIX ITS DESCRIPTOR
 4346 T:1587  c8                                 iny                    ; POINT AT ADDRESS IN DESCRIPTOR
 4347 T:1588  a5 94                              lda HIGHDS                ; STORE NEW ADDRESS
 4348 T:158a  91 8a                              sta (FNCNAM),Y
 4349 T:158c  aa                                 tax 
 4350 T:158d  e6 95                              inc HIGHDS+1          ; CORRECT BLTU'S OVERSHOOT
 4351 T:158f  a5 95                              lda HIGHDS+1
 4352 T:1591  c8                                 iny 
 4353 T:1592  91 8a                              sta (FNCNAM),Y
 4354 T:1594  4c 88 14                           jmp FIND_HIGHEST_STRING
 4355 T:1597                                    ; --------------------------------
 4356 T:1597                                    ; --------------------------------
 4357 T:1597                                    ; CONCATENATE TWO STRINGS
 4358 T:1597                                    ; --------------------------------
 4359 T:1597  a5 a1                    CAT       lda FAC+4       ; SAVE ADDRESS OF FIRST DESCRIPTOR
 4360 T:1599  48                                 pha 
 4361 T:159a  a5 a0                              lda FAC+3
 4362 T:159c  48                                 pha 
 4363 T:159d  20 60 0e                           jsr FRM_ELEMENT             ; GET SECOND STRING ELEMENT
 4364 T:15a0  20 6c 0d                           jsr CHKSTR             ; MUST BE A STRING
 4365 T:15a3  68                                 pla                    ; RECOVER ADDRES OF 1ST DESCRIPTOR
 4366 T:15a4  85 ab                              sta STRNG1
 4367 T:15a6  68                                 pla 
 4368 T:15a7  85 ac                              sta STRNG1+1
 4369 T:15a9  a0 00                              ldy #0
 4370 T:15ab  b1 ab                              lda (STRNG1),Y                  ; ADD LENGTHS, GET CONCATENATED SIZE
 4371 T:15ad  18                                 clc 
 4372 T:15ae  71 a0                              adc (FAC+3),Y
 4373 T:15b0  90 05                              bcc L_CAT_1                ; OK IF < $100
 4374 T:15b2  a2 b0                              ldx #ERR_STRLONG
 4375 T:15b4  4c 12 04                           jmp ERROR
 4376 T:15b7  20 d5 13                 L_CAT_1   jsr STRINI          ; GET SPACE FOR CONCATENATED STRINGS
 4377 T:15ba  20 d4 15                           jsr MOVINS                ; MOVE 1ST STRING
 4378 T:15bd  a5 8c                              lda DSCPTR                ; 
 4379 T:15bf  a4 8d                              ldy DSCPTR+1          ; 
 4380 T:15c1  20 04 16                           jsr FRETMP                ; 
 4381 T:15c4  20 e6 15                           jsr MOVSTR_1                ; MOVE 2ND STRING
 4382 T:15c7  a5 ab                              lda STRNG1                ; 
 4383 T:15c9  a4 ac                              ldy STRNG1+1          ; 
 4384 T:15cb  20 04 16                           jsr FRETMP                ; 
 4385 T:15ce  20 2a 14                           jsr PUTNEW             ; SET UP DESCRIPTOR
 4386 T:15d1  4c 95 0d                           jmp FRMEVL_2             ; FINISH EXPRESSION
 4387 T:15d4                                    ; --------------------------------
 4388 T:15d4                                    ; GET STRING DESCRIPTOR POINTED AT BY (STRNG1)
 4389 T:15d4                                    ; AND MOVE DESCRIBED STRING TO (FRESPC)
 4390 T:15d4                                    ; --------------------------------
 4391 T:15d4  a0 00                    MOVINS    ldy #0
 4392 T:15d6  b1 ab                              lda (STRNG1),Y
 4393 T:15d8  48                                 pha                    ; LENGTH
 4394 T:15d9  c8                                 iny 
 4395 T:15da  b1 ab                              lda (STRNG1),Y
 4396 T:15dc  aa                                 tax                    ; PUT STRING POINTER IN X,Y
 4397 T:15dd  c8                                 iny 
 4398 T:15de  b1 ab                              lda (STRNG1),Y
 4399 T:15e0  a8                                 tay 
 4400 T:15e1  68                                 pla                    ; RETRIEVE LENGTH
 4401 T:15e2                                    ; --------------------------------
 4402 T:15e2                                    ; MOVE STRING AT (Y,X) WITH LENGTH (A)
 4403 T:15e2                                    ; TO DESTINATION WHOSE ADDRESS IS IN FRESPC,FRESPC+1
 4404 T:15e2                                    ; --------------------------------
 4405 T:15e2  86 5e                    MOVSTR    stx INDEX             ; PUT POINTER IN INDEX
 4406 T:15e4  84 5f                              sty INDEX+1          ; 
 4407 T:15e6                           MOVSTR_1                   ; 
 4408 T:15e6  a8                                 tay                    ; LENGTH TO Y-REG
 4409 T:15e7  f0 0a                              beq L_MOVSTR_1_2                ; IF LENGTH IS ZERO, FINISHED
 4410 T:15e9  48                                 pha                    ; SAVE LENGTH ON STACK
 4411 T:15ea  88                       L_MOVSTR_1_1 dey                 ; MOVE BYTES FROM (INDEX) TO (FRESPC)
 4412 T:15eb  b1 5e                              lda (INDEX),Y
 4413 T:15ed  91 71                              sta (FRESPC),Y
 4414 T:15ef  98                                 tya                    ; TEST IF ANY LEFT TO MOVE
 4415 T:15f0  d0 f8                              bne L_MOVSTR_1_1             ; YES, KEEP MOVING
 4416 T:15f2  68                                 pla                    ; NO, FINISHED.  GET LENGTH
 4417 T:15f3  18                       L_MOVSTR_1_2 clc                 ; AND ADD TO FRESPC, SO
 4418 T:15f4  65 71                              adc FRESPC                ; FRESPC POINTS TO NEXT HIGHER
 4419 T:15f6  85 71                              sta FRESPC                ; BYTE.  (USED BY CONCATENATION)
 4420 T:15f8  90 02                              bcc L_MOVSTR_1_3
 4421 T:15fa  e6 72                              inc FRESPC+1
 4422 T:15fc  60                       L_MOVSTR_1_3 rts 
 4423 T:15fd                                    ; --------------------------------
 4424 T:15fd                                    ; IF (FAC) IS A TEMPORARY STRING, RELEASE DESCRIPTOR
 4425 T:15fd                                    ; --------------------------------
 4426 T:15fd  20 6c 0d                 FRESTR    jsr CHKSTR          ; LAST RESULT A STRING?
 4427 T:1600                                    ; --------------------------------
 4428 T:1600                                    ; IF STRING DESCRIPTOR POINTED TO BY FAC+3,4 IS
 4429 T:1600                                    ; A TEMPORARY STRING, RELEASE IT.
 4430 T:1600                                    ; --------------------------------
 4431 T:1600  a5 a0                    FREFAC    lda FAC+3       ; GET DESCRIPTOR POINTER
 4432 T:1602  a4 a1                              ldy FAC+4
 4433 T:1604                                    ; --------------------------------
 4434 T:1604                                    ; IF STRING DESCRIPTOR WHOSE ADDRESS IS IN Y,A IS
 4435 T:1604                                    ; A TEMPORARY STRING, RELEASE IT.
 4436 T:1604                                    ; --------------------------------
 4437 T:1604  85 5e                    FRETMP    sta INDEX             ; SAVE THE ADDRESS OF THE DESCRIPTOR
 4438 T:1606  84 5f                              sty INDEX+1          ; 
 4439 T:1608  20 35 16                           jsr FRETMS                ; FREE DESCRIPTOR IF IT IS TEMPORARY
 4440 T:160b  08                                 php                    ; REMEMBER IF TEMP
 4441 T:160c  a0 00                              ldy #0             ; POINT AT LENGTH OF STRING
 4442 T:160e  b1 5e                              lda (INDEX),Y                   ; 
 4443 T:1610  48                                 pha                    ; SAVE LENGTH ON STACK
 4444 T:1611  c8                                 iny                    ; 
 4445 T:1612  b1 5e                              lda (INDEX),Y                   ; 
 4446 T:1614  aa                                 tax                    ; GET ADDRESS OF STRING IN Y,X
 4447 T:1615  c8                                 iny                    ; 
 4448 T:1616  b1 5e                              lda (INDEX),Y                   ; 
 4449 T:1618  a8                                 tay                    ; 
 4450 T:1619  68                                 pla                    ; LENGTH IN A
 4451 T:161a  28                                 plp                    ; RETRIEVE STATUS, Z=1 IF TEMP
 4452 T:161b  d0 13                              bne L_FRETMP_2                ; NOT A TEMPORARY STRING
 4453 T:161d  c4 70                              cpy FRETOP+1          ; IS IT THE LOWEST STRING?
 4454 T:161f  d0 0f                              bne L_FRETMP_2                ; NO
 4455 T:1621  e4 6f                              cpx FRETOP                ; 
 4456 T:1623  d0 0b                              bne L_FRETMP_2                ; NO
 4457 T:1625  48                                 pha                    ; YES, PUSH LENGTH AGAIN
 4458 T:1626  18                                 clc                    ; RECOVER THE SPACE USED BY
 4459 T:1627  65 6f                              adc FRETOP                ; THE STRING
 4460 T:1629  85 6f                              sta FRETOP                ; 
 4461 T:162b  90 02                              bcc L_FRETMP_1                ; 
 4462 T:162d  e6 70                              inc FRETOP+1          ; 
 4463 T:162f  68                       L_FRETMP_1 pla                 ; RETRIEVE LENGTH AGAIN
 4464 T:1630  86 5e                    L_FRETMP_2 stx INDEX             ; ADDRESS OF STRING IN Y,X
 4465 T:1632  84 5f                              sty INDEX+1          ; LENGTH OF STRING IN A-REG
 4466 T:1634  60                                 rts                    ; 
 4467 T:1635                                    ; --------------------------------
 4468 T:1635                                    ; RELEASE TEMPORARY DESCRIPTOR IF Y,A = LASTPT
 4469 T:1635                                    ; --------------------------------
 4470 T:1635  c4 54                    FRETMS    cpy LASTPT+1       ; COMPARE Y,A TO LATEST TEMP
 4471 T:1637  d0 0c                              bne L_FRETMS_1                ; NOT SAME ONE, CANNOT RELEASE
 4472 T:1639  c5 53                              cmp LASTPT                ; 
 4473 T:163b  d0 08                              bne L_FRETMS_1                ; NOT SAME ONE, CANNOT RELEASE
 4474 T:163d  85 52                              sta TEMPPT                ; UPDATE TEMPT FOR NEXT TEMP
 4475 T:163f  e9 03                              sbc #3             ; BACK OFF LASTPT
 4476 T:1641  85 53                              sta LASTPT                ; 
 4477 T:1643  a0 00                              ldy #0             ; NOW Y,A POINTS TO TOP TEMP
 4478 T:1645  60                       L_FRETMS_1 rts                 ; Z=0 IF NOT TEMP, Z=1 IF TEMP
 4479 T:1646                                    ; --------------------------------
 4480 T:1646                                    ; "CHR$" FUNCTION
 4481 T:1646                                    ; --------------------------------
 4482 T:1646  20 fb 16                 CHRSTR    jsr CONINT             ; CONVERT ARGUMENT TO BYTE IN X
 4483 T:1649  8a                                 txa                    ; 
 4484 T:164a  48                                 pha                    ; SAVE IT
 4485 T:164b  a9 01                              lda #1             ; GET SPACE FOR STRING OF LENGTH 1
 4486 T:164d  20 dd 13                           jsr STRSPA             ; 
 4487 T:1650  68                                 pla                    ; RECALL THE CHARACTER
 4488 T:1651  a0 00                              ldy #0             ; PUT IN STRING
 4489 T:1653  91 9e                              sta (FAC+1),Y                   ; 
 4490 T:1655  68                                 pla                    ; POP RETURN ADDRESS
 4491 T:1656  68                                 pla                    ; 
 4492 T:1657  4c 2a 14                           jmp PUTNEW             ; MAKE IT A TEMPORARY STRING
 4493 T:165a                                    ; --------------------------------
 4494 T:165a                                    ; "LEFT$" FUNCTION
 4495 T:165a                                    ; --------------------------------
 4496 T:165a                           LEFTSTR   
 4497 T:165a  20 b9 16                           jsr SUBSTRING_SETUP
 4498 T:165d  d1 8c                              cmp (DSCPTR),Y                  ; COMPARE 1ST PARAMETER TO LENGTH
 4499 T:165f  98                                 tya                    ; Y=A=0
 4500 T:1660                           SUBSTRING_1                  ; 
 4501 T:1660  90 04                              bcc L_SUBSTRING_1_1                ; 1ST PARAMETER SMALLER, USE IT
 4502 T:1662  b1 8c                              lda (DSCPTR),Y                  ; 1ST IS LONGER, USE STRING LENGTH
 4503 T:1664  aa                                 tax                    ; IN X-REG
 4504 T:1665  98                                 tya                    ; Y=A=0 AGAIN
 4505 T:1666  48                       L_SUBSTRING_1_1 pha                 ; PUSH LEFT END OF SUBSTRING
 4506 T:1667                           SUBSTRING_2                  ; 
 4507 T:1667  8a                                 txa                    ; 
 4508 T:1668                           SUBSTRING_3                  ; 
 4509 T:1668  48                                 pha                    ; PUSH LENGTH OF SUBSTRING
 4510 T:1669  20 dd 13                           jsr STRSPA             ; MAKE ROOM FOR STRING OF (A) BYTES
 4511 T:166c  a5 8c                              lda DSCPTR                ; RELEASE PARAMETER STRING IF TEMP
 4512 T:166e  a4 8d                              ldy DSCPTR+1          ; 
 4513 T:1670  20 04 16                           jsr FRETMP             ; 
 4514 T:1673  68                                 pla                    ; GET LENGTH OF SUBSTRING
 4515 T:1674  a8                                 tay                    ; IN Y-REG
 4516 T:1675  68                                 pla                    ; GET LEFT END OF SUBSTRING
 4517 T:1676  18                                 clc                    ; ADD TO POINTER TO STRING
 4518 T:1677  65 5e                              adc INDEX                ; 
 4519 T:1679  85 5e                              sta INDEX                ; 
 4520 T:167b  90 02                              bcc L_SUBSTRING_3_1                ; 
 4521 T:167d  e6 5f                              inc INDEX+1          ; 
 4522 T:167f  98                       L_SUBSTRING_3_1 tya                 ; LENGTH
 4523 T:1680  20 e6 15                           jsr MOVSTR_1             ; COPY STRING INTO SPACE
 4524 T:1683  4c 2a 14                           jmp PUTNEW             ; ADD TO TEMPS
 4525 T:1686                                    ; --------------------------------
 4526 T:1686                                    ; "RIGHT$" FUNCTION
 4527 T:1686                                    ; --------------------------------
 4528 T:1686                           RIGHTSTR  
 4529 T:1686  20 b9 16                           jsr SUBSTRING_SETUP
 4530 T:1689  18                                 clc                    ; COMPUTE LENGTH-WIDTH OF SUBSTRING
 4531 T:168a  f1 8c                              sbc (DSCPTR),Y                  ; TO GET STARTING POINT IN STRING
 4532 T:168c  49 ff                              eor #$ff
 4533 T:168e  4c 60 16                           jmp SUBSTRING_1             ; JOIN LEFT$
 4534 T:1691                                    ; --------------------------------
 4535 T:1691                                    ; "MID$" FUNCTION
 4536 T:1691                                    ; --------------------------------
 4537 T:1691  a9 ff                    MIDSTR    lda #$ff          ; FLAG WHETHER 2ND PARAMETER
 4538 T:1693  85 a1                              sta FAC+4          ; 
 4539 T:1695  20 b7 00                           jsr CHRGOT                ; SEE IF ")" YET
 4540 T:1698  c9 29                              cmp #(")"&%01111111)     ; 
 4541 T:169a  f0 06                              beq L_MIDSTR_1                ; YES, NO 2ND PARAMETER
 4542 T:169c  20 be 0e                           jsr CHKCOM             ; NO, MUST HAVE COMMA
 4543 T:169f  20 f8 16                           jsr GETBYT                ; GET 2ND PARAM IN X-REG
 4544 T:16a2  20 b9 16                 L_MIDSTR_1 jsr SUBSTRING_SETUP
 4545 T:16a5  ca                                 dex                    ; 1ST PARAMETER - 1
 4546 T:16a6  8a                                 txa 
 4547 T:16a7  48                                 pha 
 4548 T:16a8  18                                 clc 
 4549 T:16a9  a2 00                              ldx #0
 4550 T:16ab  f1 8c                              sbc (DSCPTR),Y
 4551 T:16ad  b0 b8                              bcs SUBSTRING_2
 4552 T:16af  49 ff                              eor #$ff
 4553 T:16b1  c5 a1                              cmp FAC+4          ; USE SMALLER OF TWO
 4554 T:16b3  90 b3                              bcc SUBSTRING_3
 4555 T:16b5  a5 a1                              lda FAC+4
 4556 T:16b7  b0 af                              bcs SUBSTRING_3             ; ...ALWAYS
 4557 T:16b9                                    ; --------------------------------
 4558 T:16b9                                    ; COMMON SETUP ROUTINE FOR LEFT$, RIGHT$, MID$:
 4559 T:16b9                                    ; REQUIRE ")"; POP RETURN ADRS, GET DESCRIPTOR
 4560 T:16b9                                    ; ADDRESS, GET 1ST PARAMETER OF COMMAND
 4561 T:16b9                                    ; --------------------------------
 4562 T:16b9                           SUBSTRING_SETUP 
 4563 T:16b9  20 b8 0e                           jsr CHKCLS             ; REQUIRE ")"
 4564 T:16bc  68                                 pla                    ; SAVE RETURN ADDRESS
 4565 T:16bd  a8                                 tay                    ; IN Y-REG AND LENGTH
 4566 T:16be  68                                 pla                    ; 
 4567 T:16bf  85 91                              sta LENGTH                ; 
 4568 T:16c1  68                                 pla                    ; POP PREVIOUS RETURN ADDRESS
 4569 T:16c2  68                                 pla                    ; (FROM GOROUT).
 4570 T:16c3  68                                 pla                    ; RETRIEVE 1ST PARAMETER
 4571 T:16c4  aa                                 tax                    ; 
 4572 T:16c5  68                                 pla                    ; GET ADDRESS OF STRING DESCRIPTOR
 4573 T:16c6  85 8c                              sta DSCPTR                ; 
 4574 T:16c8  68                                 pla                    ; 
 4575 T:16c9  85 8d                              sta DSCPTR+1          ; 
 4576 T:16cb  a5 91                              lda LENGTH                ; RESTORE RETURN ADDRESS
 4577 T:16cd  48                                 pha                    ; 
 4578 T:16ce  98                                 tya                    ; 
 4579 T:16cf  48                                 pha                    ; 
 4580 T:16d0  a0 00                              ldy #0             ; 
 4581 T:16d2  8a                                 txa                    ; GET 1ST PARAMETER IN A-REG
 4582 T:16d3  f0 1d                              beq GOIQ                ; ERROR IF 0
 4583 T:16d5  60                                 rts 
 4584 T:16d6                                    ; --------------------------------
 4585 T:16d6                                    ; "LEN" FUNCTION
 4586 T:16d6                                    ; --------------------------------
 4587 T:16d6  20 dc 16                 LEN       jsr GETSTR             ; GET LENTGH IN Y-REG, MAKE FAC NUMERIC
 4588 T:16d9  4c 01 13                           jmp SNGFLT             ; FLOAT Y-REG INTO FAC
 4589 T:16dc                                    ; --------------------------------
 4590 T:16dc                                    ; IF LAST RESULT IS A TEMPORARY STRING, FREE IT
 4591 T:16dc                                    ; MAKE VALTYP NUMERIC, RETURN LENGTH IN Y-REG
 4592 T:16dc                                    ; --------------------------------
 4593 T:16dc  20 fd 15                 GETSTR    jsr FRESTR          ; IF LAST RESULT IS A STRING, FREE IT
 4594 T:16df  a2 00                              ldx #0             ; MAKE VALTYP NUMERIC
 4595 T:16e1  86 11                              stx VALTYP                ; 
 4596 T:16e3  a8                                 tay                    ; LENGTH OF STRING TO Y-REG
 4597 T:16e4  60                                 rts 
 4598 T:16e5                                    ; --------------------------------
 4599 T:16e5                                    ; "ASC" FUNCTION
 4600 T:16e5                                    ; --------------------------------
 4601 T:16e5  20 dc 16                 ASC       jsr GETSTR          ; GET STRING, GET LENGTH IN Y-REG
 4602 T:16e8  f0 08                              beq GOIQ                ; ERROR IF LENGTH 0
 4603 T:16ea  a0 00                              ldy #0             ; 
 4604 T:16ec  b1 5e                              lda (INDEX),Y                   ; GET 1ST CHAR OF STRING
 4605 T:16ee  a8                                 tay                    ; 
 4606 T:16ef  4c 01 13                           jmp SNGFLT             ; FLOAT Y-REG INTO FAC
 4607 T:16f2                                    ; --------------------------------
 4608 T:16f2  4c 99 11                 GOIQ      jmp IQERR          ; ILLEGAL QUANTITY ERROR
 4609 T:16f5                                    ; --------------------------------
 4610 T:16f5                                    ; SCAN TO NEXT CHARACTER AND CONVERT EXPRESSION
 4611 T:16f5                                    ; TO SINGLE BYTE IN X-REG
 4612 T:16f5                                    ; --------------------------------
 4613 T:16f5  20 b1 00                 GTBYTC    jsr CHRGET
 4614 T:16f8                                    ; --------------------------------
 4615 T:16f8                                    ; EVALUATE EXPRESSION AT TXTPTR, AND
 4616 T:16f8                                    ; CONVERT IT TO SINGLE BYTE IN X-REG
 4617 T:16f8                                    ; --------------------------------
 4618 T:16f8  20 67 0d                 GETBYT    jsr FRMNUM
 4619 T:16fb                                    ; --------------------------------
 4620 T:16fb                                    ; CONVERT (FAC) TO SINGLE BYTE INTEGER IN X-REG
 4621 T:16fb                                    ; --------------------------------
 4622 T:16fb  20 08 11                 CONINT    jsr MKINT          ; CONVERT IF IN RANGE -32767 TO +32767
 4623 T:16fe  a6 a0                              ldx FAC+3          ; HI-BYTE MUST BE ZERO
 4624 T:1700  d0 f0                              bne GOIQ             ; VALUE > 255, ERROR
 4625 T:1702  a6 a1                              ldx FAC+4          ; VALUE IN X-REG
 4626 T:1704  4c b7 00                           jmp CHRGOT                ; GET NEXT CHAR IN A-REG
 4627 T:1707                                    ; --------------------------------
 4628 T:1707                                    ; "VAL" FUNCTION
 4629 T:1707                                    ; --------------------------------
 4630 T:1707  20 dc 16                 VAL       jsr GETSTR          ; GET POINTER TO STRING IN INDEX
 4631 T:170a  d0 03                              bne L_VAL_1                ; LENGTH NON-ZERO
 4632 T:170c  4c 4e 18                           jmp ZERO_FAC                ; RETURN 0 IF LENGTH=0
 4633 T:170f  a6 b8                    L_VAL_1   ldx TXTPTR             ; SAVE CURRENT TXTPTR
 4634 T:1711  a4 b9                              ldy TXTPTR+1          ; 
 4635 T:1713  86 ad                              stx STRNG2                ; 
 4636 T:1715  84 ae                              sty STRNG2+1          ; 
 4637 T:1717  a6 5e                              ldx INDEX                ; 
 4638 T:1719  86 b8                              stx TXTPTR                ; POINT TXTPTR TO START OF STRING
 4639 T:171b  18                                 clc                    ; 
 4640 T:171c  65 5e                              adc INDEX                ; ADD LENGTH
 4641 T:171e  85 60                              sta DEST                ; POINT DEST TO END OF STRING + 1
 4642 T:1720  a6 5f                              ldx INDEX+1          ; 
 4643 T:1722  86 b9                              stx TXTPTR+1          ; 
 4644 T:1724  90 01                              bcc L_VAL_2                ; 
 4645 T:1726  e8                                 inx                    ; 
 4646 T:1727  86 61                    L_VAL_2   stx DEST+1       ; 
 4647 T:1729  a0 00                              ldy #0             ; SAVE BYTE THAT FOLLOWS STRING
 4648 T:172b  b1 60                              lda (DEST),Y                    ; ON STACK
 4649 T:172d  48                                 pha                    ; 
 4650 T:172e  a9 00                              lda #0             ; AND STORE $00 IN ITS PLACE
 4651 T:1730  91 60                              sta (DEST),Y                    ; 
 4652 T:1732                                    ; <<< THAT CAUSES A BUG IF HIMEM = $BFFF, >>>
 4653 T:1732                                    ; <<< BECAUSE STORING $00 AT $C000 IS NO  >>>
 4654 T:1732                                    ; <<< USE; $C000 WILL ALWAYS BE LAST CHAR >>>
 4655 T:1732                                    ; <<< TYPED, SO FIN WON'T TERMINATE UNTIL >>>
 4656 T:1732                                    ; <<< IT SEES A ZERO AT $C010!            >>>
 4657 T:1732  20 b7 00                           jsr CHRGOT                ; PRIME THE PUMP
 4658 T:1735  20 4a 1c                           jsr FIN                ; EVALUATE STRING
 4659 T:1738  68                                 pla                    ; GET BYTE THAT SHOULD FOLLOW STRING
 4660 T:1739  a0 00                              ldy #0             ; AND PUT IT BACK
 4661 T:173b  91 60                              sta (DEST),Y                    ; 
 4662 T:173d                                    ; RESTORE TXTPTR
 4663 T:173d                                    ; --------------------------------
 4664 T:173d                                    ; COPY STRNG2 INTO TXTPTR
 4665 T:173d                                    ; --------------------------------
 4666 T:173d  a6 ad                    POINT     ldx STRNG2             ; 
 4667 T:173f  a4 ae                              ldy STRNG2+1          ; 
 4668 T:1741  86 b8                              stx TXTPTR                ; 
 4669 T:1743  84 b9                              sty TXTPTR+1          ; 
 4670 T:1745  60                                 rts                    ; 
 4671 T:1746                                    ; --------------------------------
 4672 T:1746                                    ; EVALUATE "EXP1,EXP2"
 4673 T:1746                                    ; 
 4674 T:1746                                    ; CONVERT EXP1 TO 16-BIT NUMBER IN LINNUM
 4675 T:1746                                    ; CONVERT EXP2 TO 8-BIT NUMBER IN X-REG
 4676 T:1746                                    ; --------------------------------
 4677 T:1746  20 67 0d                 GTNUM     jsr FRMNUM          ; 
 4678 T:1749  20 52 17                           jsr GETADR                ; 
 4679 T:174c                                    ; --------------------------------
 4680 T:174c                                    ; EVALUATE ",EXPRESSION"
 4681 T:174c                                    ; CONVERT EXPRESSION TO SINGLE BYTE IN X-REG
 4682 T:174c                                    ; --------------------------------
 4683 T:174c                           COMBYTE                    ; 
 4684 T:174c  20 be 0e                           jsr CHKCOM             ; MUST HAVE COMMA FIRST
 4685 T:174f  4c f8 16                           jmp GETBYT             ; CONVERT EXPRESSION TO BYTE IN X-REG
 4686 T:1752                                    ; --------------------------------
 4687 T:1752                                    ; CONVERT (FAC) TO A 16-BIT VALUE IN LINNUM
 4688 T:1752                                    ; --------------------------------
 4689 T:1752  a5 9d                    GETADR    lda FAC             ; FAC < 2^16?
 4690 T:1754  c9 91                              cmp #$91             ; 
 4691 T:1756  b0 9a                              bcs GOIQ             ; NO, ILLEGAL QUANTITY
 4692 T:1758  20 f2 1b                           jsr QINT                ; CONVERT TO INTEGER
 4693 T:175b  a5 a0                              lda FAC+3          ; COPY IT INTO LINNUM
 4694 T:175d  a4 a1                              ldy FAC+4          ; 
 4695 T:175f  84 50                              sty LINNUM                ; TO LINNUM
 4696 T:1761  85 51                              sta LINNUM+1          ; 
 4697 T:1763  60                                 rts                    ; 
 4698 T:1764                                    ; --------------------------------
 4699 T:1764                                    ; "PEEK" FUNCTION
 4700 T:1764                                    ; --------------------------------
 4701 T:1764  a5 50                    PEEK      lda LINNUM             ; SAVE (LINNUM) ON STACK DURING PEEK
 4702 T:1766  48                                 pha                    ; 
 4703 T:1767  a5 51                              lda LINNUM+1          ; 
 4704 T:1769  48                                 pha                    ; 
 4705 T:176a  20 52 17                           jsr GETADR             ; GET ADDRESS PEEKING AT
 4706 T:176d  a0 00                              ldy #0
 4707 T:176f  b1 50                              lda (LINNUM),Y                  ; TAKE A QUICK LOOK
 4708 T:1771  a8                                 tay                    ; VALUE IN Y-REG
 4709 T:1772  68                                 pla                    ; RESTORE LINNUM FROM STACK
 4710 T:1773  85 51                              sta LINNUM+1          ; 
 4711 T:1775  68                                 pla                    ; 
 4712 T:1776  85 50                              sta LINNUM                ; 
 4713 T:1778  4c 01 13                           jmp SNGFLT             ; FLOAT Y-REG INTO FAC
 4714 T:177b                                    ; --------------------------------
 4715 T:177b                                    ; "POKE" STATEMENT
 4716 T:177b                                    ; --------------------------------
 4717 T:177b  20 46 17                 POKE      jsr GTNUM          ; GET THE ADDRESS AND VALUE
 4718 T:177e  8a                                 txa                    ; VALUE IN A,
 4719 T:177f  a0 00                              ldy #0             ; 
 4720 T:1781  91 50                              sta (LINNUM),Y                  ; STORE IT AWAY,
 4721 T:1783  60                                 rts                    ; AND THAT'S ALL FOR TODAY
 4722 T:1784                                    ; --------------------------------
 4723 T:1784                                    ; "WAIT" STATEMENT
 4724 T:1784                                    ; --------------------------------
 4725 T:1784  20 46 17                 WAIT      jsr GTNUM          ; GET ADDRESS IN LINNUM, MASK IN X
 4726 T:1787  86 85                              stx FORPNT                ; SAVE MASK
 4727 T:1789  a2 00                              ldx #0             ; 
 4728 T:178b  20 b7 00                           jsr CHRGOT                ; ANOTHER PARAMETER?
 4729 T:178e  f0 03                              beq L_WAIT_1                ; NO, USE $00 FOR EXCLUSIVE-OR
 4730 T:1790  20 4c 17                           jsr COMBYTE             ; GET XOR-MASK
 4731 T:1793  86 86                    L_WAIT_1  stx FORPNT+1       ; SAVE XOR-MASK HERE
 4732 T:1795  a0 00                              ldy #0
 4733 T:1797  b1 50                    L_WAIT_2  lda (LINNUM),Y                  ; GET BYTE AT ADDRESS
 4734 T:1799  45 86                              eor FORPNT+1          ; INVERT SPECIFIED BITS
 4735 T:179b  25 85                              and FORPNT                ; SELECT SPECIFIED BITS
 4736 T:179d  f0 f8                              beq L_WAIT_2             ; LOOP TILL NOT 0
 4737 T:179f  60                       RTS_10    rts 
 4738 T:17a0                                    ; --------------------------------
 4739 T:17a0                                    ; ADD 0L_RTS_10_5 TO FAC
 4740 T:17a0                                    ; --------------------------------
 4741 T:17a0  a9 64                    FADDH     lda #<CON_HALF           ; FAC+1/2 -> FAC
 4742 T:17a2  a0 1e                              ldy #>CON_HALF
 4743 T:17a4  4c be 17                           jmp FADD
 4744 T:17a7                                    ; --------------------------------
 4745 T:17a7                                    ; FAC = (Y,A) - FAC
 4746 T:17a7                                    ; --------------------------------
 4747 T:17a7  20 e3 19                 FSUB      jsr LOAD_ARG_FROM_YA
 4748 T:17aa                                    ; --------------------------------
 4749 T:17aa                                    ; FAC = ARG - FAC
 4750 T:17aa                                    ; --------------------------------
 4751 T:17aa  a5 a2                    FSUBT     lda FAC_SIGN             ; COMPLEMENT FAC AND ADD
 4752 T:17ac  49 ff                              eor #$ff             ; 
 4753 T:17ae  85 a2                              sta FAC_SIGN                ; 
 4754 T:17b0  45 aa                              eor ARG_SIGN                ; FIX SGNCPR TOO
 4755 T:17b2  85 ab                              sta SGNCPR                ; 
 4756 T:17b4  a5 9d                              lda FAC                ; MAKE STATUS SHOW FAC EXPONENT
 4757 T:17b6  4c c1 17                           jmp FADDT                ; JOIN FADD
 4758 T:17b9                                    ; --------------------------------
 4759 T:17b9                                    ; SHIFT SMALLER ARGUMENT MORE THAN 7 BITS
 4760 T:17b9                                    ; --------------------------------
 4761 T:17b9  20 f0 18                 FADD_1    jsr SHIFT_RIGHT             ; ALIGN RADIX BY SHIFTING
 4762 T:17bc  90 3c                              bcc FADD_3                ; ...ALWAYS
 4763 T:17be                                    ; --------------------------------
 4764 T:17be                                    ; FAC = (Y,A) + FAC
 4765 T:17be                                    ; --------------------------------
 4766 T:17be  20 e3 19                 FADD      jsr LOAD_ARG_FROM_YA
 4767 T:17c1                                    ; --------------------------------
 4768 T:17c1                                    ; FAC = ARG + FAC
 4769 T:17c1                                    ; --------------------------------
 4770 T:17c1  d0 03                    FADDT     bne L_FADDT_1             ; FAC IS NON-ZERO
 4771 T:17c3  4c 53 1b                           jmp COPY_ARG_TO_FAC                ; FAC = 0 + ARG
 4772 T:17c6  a6 ac                    L_FADDT_1 ldx FAC_EXTENSION
 4773 T:17c8  86 92                              stx ARG_EXTENSION
 4774 T:17ca  a2 a5                              ldx #ARG               ; SET UP TO SHIFT ARG
 4775 T:17cc  a5 a5                              lda ARG                ; EXPONENT
 4776 T:17ce                                    ; --------------------------------
 4777 T:17ce  a8                       FADD_2    tay 
 4778 T:17cf  f0 ce                              beq RTS_10             ; IF ARG=0, WE ARE FINISHED
 4779 T:17d1  38                                 sec                    ; 
 4780 T:17d2  e5 9d                              sbc FAC                ; GET DIFFNCE OF EXP
 4781 T:17d4  f0 24                              beq FADD_3                ; GO ADD IF SAME EXP
 4782 T:17d6  90 12                              bcc L_FADD_2_1                ; ARG HAS SMALLER EXPONENT
 4783 T:17d8  84 9d                              sty FAC                ; EXP HAS SMALLER EXPONENT
 4784 T:17da  a4 aa                              ldy ARG_SIGN                ; 
 4785 T:17dc  84 a2                              sty FAC_SIGN                ; 
 4786 T:17de  49 ff                              eor #$ff             ; COMPLEMENT SHIFT COUNT
 4787 T:17e0  69 00                              adc #0             ; CARRY WAS SET
 4788 T:17e2  a0 00                              ldy #0
 4789 T:17e4  84 92                              sty ARG_EXTENSION
 4790 T:17e6  a2 9d                              ldx #FAC               ; SET UP TO SHIFT FAC
 4791 T:17e8  d0 04                              bne L_FADD_2_2                ; ...ALWAYS
 4792 T:17ea  a0 00                    L_FADD_2_1 ldy #0
 4793 T:17ec  84 ac                              sty FAC_EXTENSION
 4794 T:17ee  c9 f9                    L_FADD_2_2 cmp #$f9          ; SHIFT MORE THAN 7 BITS?
 4795 T:17f0  30 c7                              bmi FADD_1             ; YES
 4796 T:17f2  a8                                 tay                    ; INDEX TO # OF SHIFTS
 4797 T:17f3  a5 ac                              lda FAC_EXTENSION
 4798 T:17f5  56 01                              lsr 1,X                         ; START SHIFTING...
 4799 T:17f7  20 07 19                           jsr SHIFT_RIGHT_4                ; ...COMPLETE SHIFTING
 4800 T:17fa  24 ab                    FADD_3    bit SGNCPR             ; DO FAC AND ARG HAVE SAME SIGNS?
 4801 T:17fc  10 57                              bpl FADD_4                ; YES, ADD THE MANTISSAS
 4802 T:17fe  a0 9d                              ldy #FAC               ; NO, SUBTRACT SMALLER FROM LARGER
 4803 T:1800  e0 a5                              cpx #ARG               ; WHICH WAS ADJUSTED?
 4804 T:1802  f0 02                              beq L_FADD_3_1                ; IF ARG, DO FAC-ARG
 4805 T:1804  a0 a5                              ldy #ARG               ; IF FAC, DO ARG-FAC
 4806 T:1806  38                       L_FADD_3_1 sec                 ; SUBTRACT SMALLER FROM LARGER (WE HOPE)
 4807 T:1807  49 ff                              eor #$ff             ; (IF EXPONENTS WERE EQUAL, WE MIGHT BE
 4808 T:1809  65 92                              adc ARG_EXTENSION                ; SUBTRACTING LARGER FROM SMALLER)
 4809 T:180b  85 ac                              sta FAC_EXTENSION
 4810 T:180d  b9 04 00                           lda 4,Y
 4811 T:1810  f5 04                              sbc 4,X
 4812 T:1812  85 a1                              sta FAC+4
 4813 T:1814  b9 03 00                           lda 3,Y
 4814 T:1817  f5 03                              sbc 3,X
 4815 T:1819  85 a0                              sta FAC+3
 4816 T:181b  b9 02 00                           lda 2,Y
 4817 T:181e  f5 02                              sbc 2,X
 4818 T:1820  85 9f                              sta FAC+2
 4819 T:1822  b9 01 00                           lda 1,Y
 4820 T:1825  f5 01                              sbc 1,X
 4821 T:1827  85 9e                              sta FAC+1
 4822 T:1829                                    ; --------------------------------
 4823 T:1829                                    ; NORMALIZE VALUE IN FAC
 4824 T:1829                                    ; --------------------------------
 4825 T:1829                           NORMALIZE_FAC_1 
 4826 T:1829  b0 03                              bcs NORMALIZE_FAC_2
 4827 T:182b  20 9e 18                           jsr COMPLEMENT_FAC
 4828 T:182e                                    ; --------------------------------
 4829 T:182e                           NORMALIZE_FAC_2 
 4830 T:182e  a0 00                              ldy #0             ; SHIFT UP SIGNIF DIGIT
 4831 T:1830  98                                 tya                    ; START A=0, COUNT SHIFTS IN A-REG
 4832 T:1831  18                                 clc 
 4833 T:1832  a6 9e                    L_NORMALIZE_FAC_2_1 ldx FAC+1       ; LOOK AT MOST SIGNIFICANT BYTE
 4834 T:1834  d0 4a                              bne NORMALIZE_FAC_4                ; SOME 1-BITS HERE
 4835 T:1836  a6 9f                              ldx FAC+2          ; HI-BYTE OF MANTISSA STILL ZERO,
 4836 T:1838  86 9e                              stx FAC+1          ; SO DO A FAST 8-BIT SHUFFLE
 4837 T:183a  a6 a0                              ldx FAC+3
 4838 T:183c  86 9f                              stx FAC+2
 4839 T:183e  a6 a1                              ldx FAC+4
 4840 T:1840  86 a0                              stx FAC+3
 4841 T:1842  a6 ac                              ldx FAC_EXTENSION
 4842 T:1844  86 a1                              stx FAC+4
 4843 T:1846  84 ac                              sty FAC_EXTENSION                ; ZERO EXTENSION BYTE
 4844 T:1848  69 08                              adc #8             ; BUMP SHIFT COUNT
 4845 T:184a  c9 20                              cmp #32             ; DONE 4 TIMES YET?
 4846 T:184c  d0 e4                              bne L_NORMALIZE_FAC_2_1             ; NO, STILL MIGHT BE SOME 1'S
 4847 T:184e                                    ; YES, VALUE OF FAC IS ZERO
 4848 T:184e                                    ; --------------------------------
 4849 T:184e                                    ; SET FAC = 0
 4850 T:184e                                    ; (ONLY NECESSARY TO ZERO EXPONENT AND SIGN CELLS)
 4851 T:184e                                    ; --------------------------------
 4852 T:184e                           ZERO_FAC  
 4853 T:184e  a9 00                              lda #0
 4854 T:1850                                    ; --------------------------------
 4855 T:1850                           STA_IN_FAC_SIGN_AND_EXP 
 4856 T:1850  85 9d                              sta FAC
 4857 T:1852                                    ; --------------------------------
 4858 T:1852                           STA_IN_FAC_SIGN 
 4859 T:1852  85 a2                              sta FAC_SIGN
 4860 T:1854  60                                 rts 
 4861 T:1855                                    ; --------------------------------
 4862 T:1855                                    ; ADD MANTISSAS OF FAC AND ARG INTO FAC
 4863 T:1855                                    ; --------------------------------
 4864 T:1855  65 92                    FADD_4    adc ARG_EXTENSION
 4865 T:1857  85 ac                              sta FAC_EXTENSION
 4866 T:1859  a5 a1                              lda FAC+4
 4867 T:185b  65 a9                              adc ARG+4
 4868 T:185d  85 a1                              sta FAC+4
 4869 T:185f  a5 a0                              lda FAC+3
 4870 T:1861  65 a8                              adc ARG+3
 4871 T:1863  85 a0                              sta FAC+3
 4872 T:1865  a5 9f                              lda FAC+2
 4873 T:1867  65 a7                              adc ARG+2
 4874 T:1869  85 9f                              sta FAC+2
 4875 T:186b  a5 9e                              lda FAC+1
 4876 T:186d  65 a6                              adc ARG+1
 4877 T:186f  85 9e                              sta FAC+1
 4878 T:1871  4c 8d 18                           jmp NORMALIZE_FAC_5
 4879 T:1874                                    ; --------------------------------
 4880 T:1874                                    ; FINISH NORMALIZING FAC
 4881 T:1874                                    ; --------------------------------
 4882 T:1874                           NORMALIZE_FAC_3 
 4883 T:1874  69 01                              adc #1             ; COUNT BITS SHIFTED
 4884 T:1876  06 ac                              asl FAC_EXTENSION
 4885 T:1878  26 a1                              rol FAC+4
 4886 T:187a  26 a0                              rol FAC+3
 4887 T:187c  26 9f                              rol FAC+2
 4888 T:187e  26 9e                              rol FAC+1
 4889 T:1880                                    ; --------------------------------
 4890 T:1880                           NORMALIZE_FAC_4 
 4891 T:1880  10 f2                              bpl NORMALIZE_FAC_3             ; UNTIL TOP BIT = 1
 4892 T:1882  38                                 sec 
 4893 T:1883  e5 9d                              sbc FAC                ; ADJUST EXPONENT BY BITS SHIFTED
 4894 T:1885  b0 c7                              bcs ZERO_FAC             ; UNDERFLOW, RETURN ZERO
 4895 T:1887  49 ff                              eor #$ff             ; 
 4896 T:1889  69 01                              adc #1             ; 2'S COMPLEMENT
 4897 T:188b  85 9d                              sta FAC                ; CARRY=0 NOW
 4898 T:188d                                    ; --------------------------------
 4899 T:188d                           NORMALIZE_FAC_5                  ; 
 4900 T:188d  90 0e                              bcc RTS_11                ; UNLESS MANTISSA CARRIED
 4901 T:188f                                    ; --------------------------------
 4902 T:188f                           NORMALIZE_FAC_6                  ; 
 4903 T:188f  e6 9d                              inc FAC                ; MANTISSA CARRIED, SO SHIFT RIGHT
 4904 T:1891  f0 42                              beq OVERFLOW                ; OVERFLOW IF EXPONENT TOO BIG
 4905 T:1893  66 9e                              ror FAC+1
 4906 T:1895  66 9f                              ror FAC+2
 4907 T:1897  66 a0                              ror FAC+3
 4908 T:1899  66 a1                              ror FAC+4
 4909 T:189b  66 ac                              ror FAC_EXTENSION
 4910 T:189d  60                       RTS_11    rts 
 4911 T:189e                                    ; --------------------------------
 4912 T:189e                                    ; 2'S COMPLEMENT OF FAC
 4913 T:189e                                    ; --------------------------------
 4914 T:189e                           COMPLEMENT_FAC 
 4915 T:189e  a5 a2                              lda FAC_SIGN
 4916 T:18a0  49 ff                              eor #$ff
 4917 T:18a2  85 a2                              sta FAC_SIGN
 4918 T:18a4                                    ; --------------------------------
 4919 T:18a4                                    ; 2'S COMPLEMENT OF FAC MANTISSA ONLY
 4920 T:18a4                                    ; --------------------------------
 4921 T:18a4                           COMPLEMENT_FAC_MANTISSA 
 4922 T:18a4  a5 9e                              lda FAC+1
 4923 T:18a6  49 ff                              eor #$ff
 4924 T:18a8  85 9e                              sta FAC+1
 4925 T:18aa  a5 9f                              lda FAC+2
 4926 T:18ac  49 ff                              eor #$ff
 4927 T:18ae  85 9f                              sta FAC+2
 4928 T:18b0  a5 a0                              lda FAC+3
 4929 T:18b2  49 ff                              eor #$ff
 4930 T:18b4  85 a0                              sta FAC+3
 4931 T:18b6  a5 a1                              lda FAC+4
 4932 T:18b8  49 ff                              eor #$ff
 4933 T:18ba  85 a1                              sta FAC+4
 4934 T:18bc  a5 ac                              lda FAC_EXTENSION
 4935 T:18be  49 ff                              eor #$ff
 4936 T:18c0  85 ac                              sta FAC_EXTENSION
 4937 T:18c2  e6 ac                              inc FAC_EXTENSION                ; START INCREMENTING MANTISSA
 4938 T:18c4  d0 0e                              bne RTS_12
 4939 T:18c6                                    ; --------------------------------
 4940 T:18c6                                    ; INCREMENT FAC MANTISSA
 4941 T:18c6                                    ; --------------------------------
 4942 T:18c6                           INCREMENT_FAC_MANTISSA 
 4943 T:18c6  e6 a1                              inc FAC+4          ; ADD CARRY FROM EXTRA
 4944 T:18c8  d0 0a                              bne RTS_12
 4945 T:18ca  e6 a0                              inc FAC+3
 4946 T:18cc  d0 06                              bne RTS_12
 4947 T:18ce  e6 9f                              inc FAC+2
 4948 T:18d0  d0 02                              bne RTS_12
 4949 T:18d2  e6 9e                              inc FAC+1
 4950 T:18d4  60                       RTS_12    rts 
 4951 T:18d5                                    ; --------------------------------
 4952 T:18d5                           OVERFLOW  
 4953 T:18d5  a2 45                              ldx #ERR_OVERFLOW
 4954 T:18d7  4c 12 04                           jmp ERROR
 4955 T:18da                                    ; --------------------------------
 4956 T:18da                                    ; SHIFT 1,X THRU 5,X RIGHT
 4957 T:18da                                    ; (A) = NEGATIVE OF SHIFT COUNT
 4958 T:18da                                    ; (X) = POINTER TO BYTES TO BE SHIFTED
 4959 T:18da                                    ; 
 4960 T:18da                                    ; RETURN WITH (Y)=0, CARRY=0, EXTENSION BITS IN A-REG
 4961 T:18da                                    ; --------------------------------
 4962 T:18da                           SHIFT_RIGHT_1 
 4963 T:18da  a2 61                              ldx #RESULT-1         ; SHIFT RESULT RIGHT
 4964 T:18dc                           SHIFT_RIGHT_2                  ; 
 4965 T:18dc  b4 04                              ldy 4,X                         ; SHIFT 8 BITS RIGHT
 4966 T:18de  84 ac                              sty FAC_EXTENSION                ; 
 4967 T:18e0  b4 03                              ldy 3,X                         ; 
 4968 T:18e2  94 04                              sty 4,X                         ; 
 4969 T:18e4  b4 02                              ldy 2,X                         ; 
 4970 T:18e6  94 03                              sty 3,X                         ; 
 4971 T:18e8  b4 01                              ldy 1,X                         ; 
 4972 T:18ea  94 02                              sty 2,X                         ; 
 4973 T:18ec  a4 a4                              ldy SHIFT_SIGN_EXT                ; $00 IF +, $FF IF -
 4974 T:18ee  94 01                              sty 1,X
 4975 T:18f0                                    ; --------------------------------
 4976 T:18f0                                    ; MAIN ENTRY TO RIGHT SHIFT SUBROUTINE
 4977 T:18f0                                    ; --------------------------------
 4978 T:18f0                           SHIFT_RIGHT 
 4979 T:18f0  69 08                              adc #8
 4980 T:18f2  30 e8                              bmi SHIFT_RIGHT_2             ; STILL MORE THAN 8 BITS TO GO
 4981 T:18f4  f0 e6                              beq SHIFT_RIGHT_2             ; EXACTLY 8 MORE BITS TO GO
 4982 T:18f6  e9 08                              sbc #8             ; UNDO ADC ABOVE
 4983 T:18f8  a8                                 tay                    ; REMAINING SHIFT COUNT
 4984 T:18f9  a5 ac                              lda FAC_EXTENSION                ; 
 4985 T:18fb  b0 14                              bcs SHIFT_RIGHT_5                ; FINISHED SHIFTING
 4986 T:18fd                           SHIFT_RIGHT_3                  ; 
 4987 T:18fd  16 01                    L         asl 1,X                         ; SIGN -> CARRY (SIGN EXTENSION)
 4988 T:18ff  90 02                              bcc L_L_1                ; SIGN +
 4989 T:1901  f6 01                              inc 1,X                         ; PUT SIGN IN LSB
 4990 T:1903  76 01                    L_L_1     ror 1,X                         ; RESTORE VALUE, SIGN STILL IN CARRY
 4991 T:1905  76 01                              ror 1,X                         ; START RIGHT SHIFT, INSERTING SIGN
 4992 T:1907                                    ; --------------------------------
 4993 T:1907                                    ; ENTER HERE FOR SHORT SHIFTS WITH NO SIGN EXTENSION
 4994 T:1907                                    ; --------------------------------
 4995 T:1907                           SHIFT_RIGHT_4 
 4996 T:1907  76 02                              ror 2,X
 4997 T:1909  76 03                              ror 3,X
 4998 T:190b  76 04                              ror 4,X
 4999 T:190d  6a                                 ror                    ; EXTENSION
 5000 T:190e  c8                                 iny                    ; COUNT THE SHIFT
 5001 T:190f  d0 ec                              bne SHIFT_RIGHT_3             ; 
 5002 T:1911                           SHIFT_RIGHT_5                  ; 
 5003 T:1911  18                                 clc                    ; RETURN WITH CARRY CLEAR
 5004 T:1912  60                                 rts 
 5005 T:1913                                    ; --------------------------------
 5006 T:1913                                    ; --------------------------------

 5008 T:1913  81 00 00 00 00           CON_ONE   .byt $81,$00,$00,$00,$00
 5009 T:1918                                    ; --------------------------------
 5010 T:1918  03                       POLY_LOG  .byt 3           ; # OF COEFFICIENTS - 1
 5011 T:1919  7f 5e 56 cb 79                     .byt $7f,$5e,$56,$cb,$79; * X^7 +
 5012 T:191e  80 13 9b 0b 64                     .byt $80,$13,$9b,$0b,$64; * X^5 +
 5013 T:1923  80 76 38 93 16                     .byt $80,$76,$38,$93,$16; * X^3 +
 5014 T:1928  82 38 aa 3b 20                     .byt $82,$38,$aa,$3b,$20; * X
 5015 T:192d                                    ; --------------------------------

 5017 T:192d  80 35 04 f3 34           CON_SQR_HALF .byt $80,$35,$04,$f3,$34
 5018 T:1932  81 35 04 f3 34           CON_SQR_TWO .byt $81,$35,$04,$f3,$34
 5019 T:1937  80 80 00 00 00           CON_NEG_HALF .byt $80,$80,$00,$00,$00
 5020 T:193c  80 31 72 17 f8           CON_LOG_TWO .byt $80,$31,$72,$17,$f8
 5021 T:1941                                    ; --------------------------------
 5022 T:1941                                    ; "LOG" FUNCTION
 5023 T:1941                                    ; --------------------------------
 5024 T:1941  20 82 1b                 LOG       jsr SIGN             ; GET -1,0,+1 IN A-REG FOR FAC
 5025 T:1944  f0 02                              beq GIQ                ; LOG (0) IS ILLEGAL
 5026 T:1946  10 03                              bpl LOG_2                ; >0 IS OK
 5027 T:1948  4c 99 11                 GIQ       jmp IQERR          ; <= 0 IS NO GOOD
 5028 T:194b  a5 9d                    LOG_2     lda FAC             ; FIRST GET LOG BASE 2
 5029 T:194d  e9 7f                              sbc #$7f             ; SAVE UNBIASED EXPONENT
 5030 T:194f  48                                 pha                    ; 
 5031 T:1950  a9 80                              lda #$80             ; NORMALIZE BETWEEN L_LOG_2_5 AND 1
 5032 T:1952  85 9d                              sta FAC
 5033 T:1954  a9 2d                              lda #<CON_SQR_HALF
 5034 T:1956  a0 19                              ldy #>CON_SQR_HALF
 5035 T:1958  20 be 17                           jsr FADD             ; COMPUTE VIA SERIES OF ODD
 5036 T:195b  a9 32                              lda #<CON_SQR_TWO           ; POWERS OF
 5037 T:195d  a0 19                              ldy #>CON_SQR_TWO           ; (SQR(2)X-1)/(SQR(2)X+1)
 5038 T:195f  20 66 1a                           jsr FDIV
 5039 T:1962  a9 13                              lda #<CON_ONE
 5040 T:1964  a0 19                              ldy #>CON_ONE
 5041 T:1966  20 a7 17                           jsr FSUB
 5042 T:1969  a9 18                              lda #<POLY_LOG
 5043 T:196b  a0 19                              ldy #>POLY_LOG
 5044 T:196d  20 5c 1f                           jsr POLYNOMIAL_ODD
 5045 T:1970  a9 37                              lda #<CON_NEG_HALF
 5046 T:1972  a0 19                              ldy #>CON_NEG_HALF
 5047 T:1974  20 be 17                           jsr FADD
 5048 T:1977  68                                 pla 
 5049 T:1978  20 d5 1c                           jsr ADDACC                ; ADD ORIGINAL EXPONENT
 5050 T:197b  a9 3c                              lda #<CON_LOG_TWO           ; MULTIPLY BY LOG(2) TO FORM
 5051 T:197d  a0 19                              ldy #>CON_LOG_TWO           ; NATURAL LOG OF X
 5052 T:197f                                    ; --------------------------------
 5053 T:197f                                    ; FAC = (Y,A) * FAC
 5054 T:197f                                    ; --------------------------------
 5055 T:197f  20 e3 19                 FMULT     jsr LOAD_ARG_FROM_YA
 5056 T:1982                                    ; --------------------------------
 5057 T:1982                                    ; FAC = ARG * FAC
 5058 T:1982                                    ; --------------------------------
 5059 T:1982  d0 03                    FMULTT    bne L_FMULTT_1             ; FAC .NE. ZERO
 5060 T:1984  4c e2 19                           jmp RTS_13                ; FAC = 0 * ARG = 0
 5061 T:1987                                    ; <<< WHY IS LINE ABOVE JUST "RTS"? >>>
 5062 T:1987                                    ; --------------------------------
 5063 T:1987                                    ; 
 5064 T:1987                                    ; --------------------------------
 5065 T:1987  20 0e 1a                 L_FMULTT_1 jsr ADD_EXPONENTS
 5066 T:198a  a9 00                              lda #0
 5067 T:198c  85 62                              sta RESULT                ; INIT PRODUCT = 0
 5068 T:198e  85 63                              sta RESULT+1
 5069 T:1990  85 64                              sta RESULT+2
 5070 T:1992  85 65                              sta RESULT+3
 5071 T:1994  a5 ac                              lda FAC_EXTENSION
 5072 T:1996  20 b0 19                           jsr MULTIPLY_1
 5073 T:1999  a5 a1                              lda FAC+4
 5074 T:199b  20 b0 19                           jsr MULTIPLY_1
 5075 T:199e  a5 a0                              lda FAC+3
 5076 T:19a0  20 b0 19                           jsr MULTIPLY_1
 5077 T:19a3  a5 9f                              lda FAC+2
 5078 T:19a5  20 b0 19                           jsr MULTIPLY_1
 5079 T:19a8  a5 9e                              lda FAC+1
 5080 T:19aa  20 b5 19                           jsr MULTIPLY_2
 5081 T:19ad  4c e6 1a                           jmp COPY_RESULT_INTO_FAC
 5082 T:19b0                                    ; --------------------------------
 5083 T:19b0                                    ; MULTIPLY ARG BY (A) INTO RESULT
 5084 T:19b0                                    ; --------------------------------
 5085 T:19b0                           MULTIPLY_1 
 5086 T:19b0  d0 03                              bne MULTIPLY_2                ; THIS BYTE NON-ZERO
 5087 T:19b2  4c da 18                           jmp SHIFT_RIGHT_1             ; (A)=0, JUST SHIFT ARG RIGHT 8
 5088 T:19b5                                    ; --------------------------------
 5089 T:19b5                           MULTIPLY_2                  ; 
 5090 T:19b5  4a                                 lsr                    ; SHIFT BIT INTO CARRY
 5091 T:19b6  09 80                              ora #$80             ; SUPPLY SENTINEL BIT
 5092 T:19b8  a8                       L_MULTIPLY_2_1 tay                 ; REMAINING MULTIPLIER TO Y
 5093 T:19b9  90 19                              bcc L_MULTIPLY_2_2                ; THIS MULTIPLIER BIT = 0
 5094 T:19bb  18                                 clc                    ; = 1, SO ADD ARG TO RESULT
 5095 T:19bc  a5 65                              lda RESULT+3
 5096 T:19be  65 a9                              adc ARG+4
 5097 T:19c0  85 65                              sta RESULT+3
 5098 T:19c2  a5 64                              lda RESULT+2
 5099 T:19c4  65 a8                              adc ARG+3
 5100 T:19c6  85 64                              sta RESULT+2
 5101 T:19c8  a5 63                              lda RESULT+1
 5102 T:19ca  65 a7                              adc ARG+2
 5103 T:19cc  85 63                              sta RESULT+1
 5104 T:19ce  a5 62                              lda RESULT
 5105 T:19d0  65 a6                              adc ARG+1
 5106 T:19d2  85 62                              sta RESULT
 5107 T:19d4  66 62                    L_MULTIPLY_2_2 ror RESULT             ; SHIFT RESULT RIGHT 1
 5108 T:19d6  66 63                              ror RESULT+1          ; 
 5109 T:19d8  66 64                              ror RESULT+2          ; 
 5110 T:19da  66 65                              ror RESULT+3          ; 
 5111 T:19dc  66 ac                              ror FAC_EXTENSION                ; 
 5112 T:19de  98                                 tya                    ; REMAINING MULTIPLIER
 5113 T:19df  4a                                 lsr                    ; LSB INTO CARRY
 5114 T:19e0  d0 d6                              bne L_MULTIPLY_2_1             ; IF SENTINEL STILL HERE, MULTIPLY
 5115 T:19e2  60                       RTS_13    rts                 ; 8 X 32 COMPLETED
 5116 T:19e3                                    ; --------------------------------
 5117 T:19e3                                    ; UNPACK NUMBER AT (Y,A) INTO ARG
 5118 T:19e3                                    ; --------------------------------
 5119 T:19e3                           LOAD_ARG_FROM_YA 
 5120 T:19e3  85 5e                              sta INDEX                ; USE INDEX FOR PNTR
 5121 T:19e5  84 5f                              sty INDEX+1          ; 
 5122 T:19e7  a0 04                              ldy #4             ; FIVE BYTES TO MOVE
 5123 T:19e9  b1 5e                              lda (INDEX),Y                   ; 
 5124 T:19eb  85 a9                              sta ARG+4          ; 
 5125 T:19ed  88                                 dey                    ; 
 5126 T:19ee  b1 5e                              lda (INDEX),Y                   ; 
 5127 T:19f0  85 a8                              sta ARG+3          ; 
 5128 T:19f2  88                                 dey                    ; 
 5129 T:19f3  b1 5e                              lda (INDEX),Y                   ; 
 5130 T:19f5  85 a7                              sta ARG+2          ; 
 5131 T:19f7  88                                 dey                    ; 
 5132 T:19f8  b1 5e                              lda (INDEX),Y                   ; 
 5133 T:19fa  85 aa                              sta ARG_SIGN                ; 
 5134 T:19fc  45 a2                              eor FAC_SIGN                ; SET COMBINED SIGN FOR MULT/DIV
 5135 T:19fe  85 ab                              sta SGNCPR                ; 
 5136 T:1a00  a5 aa                              lda ARG_SIGN                ; TURN ON NORMALIZED INVISIBLE BIT
 5137 T:1a02  09 80                              ora #$80             ; TO COMPLETE MANTISSA
 5138 T:1a04  85 a6                              sta ARG+1          ; 
 5139 T:1a06  88                                 dey                    ; 
 5140 T:1a07  b1 5e                              lda (INDEX),Y                   ; 
 5141 T:1a09  85 a5                              sta ARG                ; EXPONENT
 5142 T:1a0b  a5 9d                              lda FAC                ; SET STATUS BITS ON FAC EXPONENT
 5143 T:1a0d  60                                 rts                    ; 
 5144 T:1a0e                                    ; --------------------------------
 5145 T:1a0e                                    ; ADD EXPONENTS OF ARG AND FAC
 5146 T:1a0e                                    ; (CALLED BY FMULT AND FDIV)
 5147 T:1a0e                                    ; 
 5148 T:1a0e                                    ; ALSO CHECK FOR OVERFLOW, AND SET RESULT SIGN
 5149 T:1a0e                                    ; --------------------------------
 5150 T:1a0e                           ADD_EXPONENTS 
 5151 T:1a0e  a5 a5                              lda ARG
 5152 T:1a10                                    ; --------------------------------
 5153 T:1a10                           ADD_EXPONENTS_1 
 5154 T:1a10  f0 1f                              beq ZERO                ; IF ARG=0, RESULT IS ZERO
 5155 T:1a12  18                                 clc                    ; 
 5156 T:1a13  65 9d                              adc FAC                ; 
 5157 T:1a15  90 04                              bcc L_ADD_EXPONENTS_1_1                ; IN RANGE
 5158 T:1a17  30 1d                              bmi JOV                ; OVERFLOW
 5159 T:1a19  18                                 clc                    ; 
 5160 T:1a1a  2c                                 .byt $2c              ; TRICK TO SKIP
 5161 T:1a1b  10 14                    L_ADD_EXPONENTS_1_1 bpl ZERO             ; OVERFLOW
 5162 T:1a1d  69 80                              adc #$80             ; RE-BIAS
 5163 T:1a1f  85 9d                              sta FAC                ; RESULT
 5164 T:1a21  d0 03                              bne L_ADD_EXPONENTS_1_2
 5165 T:1a23  4c 52 18                           jmp STA_IN_FAC_SIGN             ; RESULT IS ZERO
 5166 T:1a26                                    ; <<< CRAZY TO JUMP WAY BACK THERE! >>>
 5167 T:1a26                                    ; <<< SAME IDENTICAL CODE IS BELOW! >>>
 5168 T:1a26                                    ; <<< INSTEAD OF BNE L_ADD_EXPONENTS_1_2, JMP STA.IN.FAC.SIGN   >>>
 5169 T:1a26                                    ; <<< ONLY NEEDED BEQ L_ADD_EXPONENTS_1_3            >>>
 5170 T:1a26  a5 ab                    L_ADD_EXPONENTS_1_2 lda SGNCPR             ; SET SIGN OF RESULT
 5171 T:1a28  85 a2                    L_ADD_EXPONENTS_1_3 sta FAC_SIGN
 5172 T:1a2a  60                                 rts 
 5173 T:1a2b                                    ; --------------------------------
 5174 T:1a2b                                    ; IF (FAC) IS POSITIVE, GIVE "OVERFLOW" ERROR
 5175 T:1a2b                                    ; IF (FAC) IS NEGATIVE, SET FAC=0, POP ONE RETURN, AND RTS
 5176 T:1a2b                                    ; CALLED FROM "EXP" FUNCTION
 5177 T:1a2b                                    ; --------------------------------
 5178 T:1a2b                           OUTOFRNG  
 5179 T:1a2b  a5 a2                              lda FAC_SIGN
 5180 T:1a2d  49 ff                              eor #$ff
 5181 T:1a2f  30 05                              bmi JOV                ; ERROR IF POSITIVE #
 5182 T:1a31                                    ; --------------------------------
 5183 T:1a31                                    ; POP RETURN ADDRESS AND SET FAC=0
 5184 T:1a31                                    ; --------------------------------
 5185 T:1a31  68                       ZERO      pla 
 5186 T:1a32  68                                 pla 
 5187 T:1a33  4c 4e 18                           jmp ZERO_FAC
 5188 T:1a36                                    ; --------------------------------
 5189 T:1a36  4c d5 18                 JOV       jmp OVERFLOW
 5190 T:1a39                                    ; --------------------------------
 5191 T:1a39                                    ; MULTIPLY FAC BY 10
 5192 T:1a39                                    ; --------------------------------
 5193 T:1a39  20 63 1b                 MUL10     jsr COPY_FAC_TO_ARG_ROUNDED
 5194 T:1a3c  aa                                 tax                    ; TEXT FAC EXPONENT
 5195 T:1a3d  f0 10                              beq L_MUL10_1                ; FINISHED IF FAC=0
 5196 T:1a3f  18                                 clc                    ; 
 5197 T:1a40  69 02                              adc #2             ; ADD 2 TO EXPONENT GIVES (FAC)*4
 5198 T:1a42  b0 f2                              bcs JOV             ; OVERFLOW
 5199 T:1a44  a2 00                              ldx #0             ; 
 5200 T:1a46  86 ab                              stx SGNCPR                ; 
 5201 T:1a48  20 ce 17                           jsr FADD_2             ; MAKES (FAC)*5
 5202 T:1a4b  e6 9d                              inc FAC                ; *2, MAKES (FAC)*10
 5203 T:1a4d  f0 e7                              beq JOV             ; OVERFLOW
 5204 T:1a4f  60                       L_MUL10_1 rts 
 5205 T:1a50                                    ; --------------------------------

 5207 T:1a50  84 20 00 00 00           CON_TEN   .byt $84,$20,$00,$00,$00
 5208 T:1a55                                    ; --------------------------------
 5209 T:1a55                                    ; DIVIDE FAC BY 10
 5210 T:1a55                                    ; --------------------------------
 5211 T:1a55  20 63 1b                 DIV10     jsr COPY_FAC_TO_ARG_ROUNDED
 5212 T:1a58  a9 50                              lda #<CON_TEN           ; SET UP TO PUT
 5213 T:1a5a  a0 1a                              ldy #>CON_TEN           ; 10 IN FAC
 5214 T:1a5c  a2 00                              ldx #0
 5215 T:1a5e                                    ; --------------------------------
 5216 T:1a5e                                    ; FAC = ARG / (Y,A)
 5217 T:1a5e                                    ; --------------------------------
 5218 T:1a5e  86 ab                    DIV       stx SGNCPR
 5219 T:1a60  20 f9 1a                           jsr LOAD_FAC_FROM_YA
 5220 T:1a63  4c 69 1a                           jmp FDIVT                ; DIVIDE ARG BY FAC
 5221 T:1a66                                    ; --------------------------------
 5222 T:1a66                                    ; FAC = (Y,A) / FAC
 5223 T:1a66                                    ; --------------------------------
 5224 T:1a66  20 e3 19                 FDIV      jsr LOAD_ARG_FROM_YA
 5225 T:1a69                                    ; --------------------------------
 5226 T:1a69                                    ; FAC = ARG / FAC
 5227 T:1a69                                    ; --------------------------------
 5228 T:1a69  f0 76                    FDIVT     beq L_FDIVT_8             ; FAC = 0, DIVIDE BY ZERO ERROR
 5229 T:1a6b  20 72 1b                           jsr ROUND_FAC                ; 
 5230 T:1a6e  a9 00                              lda #0             ; NEGATE FAC EXPONENT, SO
 5231 T:1a70  38                                 sec                    ; ADD.EXPONENTS FORMS DIFFERENCE
 5232 T:1a71  e5 9d                              sbc FAC
 5233 T:1a73  85 9d                              sta FAC
 5234 T:1a75  20 0e 1a                           jsr ADD_EXPONENTS
 5235 T:1a78  e6 9d                              inc FAC
 5236 T:1a7a  f0 ba                              beq JOV             ; OVERFLOW
 5237 T:1a7c  a2 fc                              ldx #$fc             ; INDEX FOR RESULT
 5238 T:1a7e  a9 01                              lda #1             ; SENTINEL
 5239 T:1a80  a4 a6                    L_FDIVT_1 ldy ARG+1       ; SEE IF FAC CAN BE SUBTRACTED
 5240 T:1a82  c4 9e                              cpy FAC+1
 5241 T:1a84  d0 10                              bne L_FDIVT_2
 5242 T:1a86  a4 a7                              ldy ARG+2
 5243 T:1a88  c4 9f                              cpy FAC+2
 5244 T:1a8a  d0 0a                              bne L_FDIVT_2
 5245 T:1a8c  a4 a8                              ldy ARG+3
 5246 T:1a8e  c4 a0                              cpy FAC+3
 5247 T:1a90  d0 04                              bne L_FDIVT_2
 5248 T:1a92  a4 a9                              ldy ARG+4
 5249 T:1a94  c4 a1                              cpy FAC+4
 5250 T:1a96  08                       L_FDIVT_2 php                 ; SAVE THE ANSWER, AND ALSO ROLL THE
 5251 T:1a97  2a                                 rol                    ; BIT INTO THE QUOTIENT, SENTINEL OUT
 5252 T:1a98  90 09                              bcc L_FDIVT_3                ; NO SENTINEL, STILL NOT 8 TRIPS
 5253 T:1a9a  e8                                 inx                    ; 8 TRIPS, STORE BYTE OF QUOTIENT
 5254 T:1a9b  95 65                              sta RESULT+3,X
 5255 T:1a9d  f0 32                              beq L_FDIVT_6                ; 32-BITS COMPLETED
 5256 T:1a9f  10 34                              bpl L_FDIVT_7                ; FINAL EXIT WHEN X=1
 5257 T:1aa1  a9 01                              lda #1             ; RE-START SENTINEL
 5258 T:1aa3  28                       L_FDIVT_3 plp                 ; GET ANSWER, CAN FAC BE SUBTRACTED?
 5259 T:1aa4  b0 0e                              bcs L_FDIVT_5                ; YES, DO IT
 5260 T:1aa6  06 a9                    L_FDIVT_4 asl ARG+4       ; NO, SHIFT ARG LEFT
 5261 T:1aa8  26 a8                              rol ARG+3          ; 
 5262 T:1aaa  26 a7                              rol ARG+2          ; 
 5263 T:1aac  26 a6                              rol ARG+1          ; 
 5264 T:1aae  b0 e6                              bcs L_FDIVT_2             ; ANOTHER TRIP
 5265 T:1ab0  30 ce                              bmi L_FDIVT_1             ; HAVE TO COMPARE FIRST
 5266 T:1ab2  10 e2                              bpl L_FDIVT_2             ; ...ALWAYS
 5267 T:1ab4  a8                       L_FDIVT_5 tay                 ; SAVE QUOTIENT/SENTINEL BYTE
 5268 T:1ab5  a5 a9                              lda ARG+4          ; SUBTRACT FAC FROM ARG ONCE
 5269 T:1ab7  e5 a1                              sbc FAC+4          ; 
 5270 T:1ab9  85 a9                              sta ARG+4          ; 
 5271 T:1abb  a5 a8                              lda ARG+3          ; 
 5272 T:1abd  e5 a0                              sbc FAC+3          ; 
 5273 T:1abf  85 a8                              sta ARG+3          ; 
 5274 T:1ac1  a5 a7                              lda ARG+2          ; 
 5275 T:1ac3  e5 9f                              sbc FAC+2          ; 
 5276 T:1ac5  85 a7                              sta ARG+2          ; 
 5277 T:1ac7  a5 a6                              lda ARG+1          ; 
 5278 T:1ac9  e5 9e                              sbc FAC+1          ; 
 5279 T:1acb  85 a6                              sta ARG+1          ; 
 5280 T:1acd  98                                 tya                    ; RESTORE QUOTIENT/SENTINEL BYTE
 5281 T:1ace  4c a6 1a                           jmp L_FDIVT_4             ; GO TO SHIFT ARG AND CONTINUE
 5282 T:1ad1                                    ; --------------------------------
 5283 T:1ad1  a9 40                    L_FDIVT_6 lda #$40          ; DO A FEW EXTENSION BITS
 5284 T:1ad3  d0 ce                              bne L_FDIVT_3             ; ...ALWAYS
 5285 T:1ad5                                    ; --------------------------------
 5286 T:1ad5  0a                       L_FDIVT_7 asl                 ; LEFT JUSTIFY THE EXTENSION BITS WE DID
 5287 T:1ad6  0a                                 asl 
 5288 T:1ad7  0a                                 asl 
 5289 T:1ad8  0a                                 asl 
 5290 T:1ad9  0a                                 asl 
 5291 T:1ada  0a                                 asl 
 5292 T:1adb  85 ac                              sta FAC_EXTENSION
 5293 T:1add  28                                 plp 
 5294 T:1ade  4c e6 1a                           jmp COPY_RESULT_INTO_FAC
 5295 T:1ae1                                    ; --------------------------------
 5296 T:1ae1  a2 85                    L_FDIVT_8 ldx #ERR_ZERODIV
 5297 T:1ae3  4c 12 04                           jmp ERROR
 5298 T:1ae6                                    ; --------------------------------
 5299 T:1ae6                                    ; COPY RESULT INTO FAC MANTISSA, AND NORMALIZE
 5300 T:1ae6                                    ; --------------------------------
 5301 T:1ae6                           COPY_RESULT_INTO_FAC 
 5302 T:1ae6  a5 62                              lda RESULT
 5303 T:1ae8  85 9e                              sta FAC+1
 5304 T:1aea  a5 63                              lda RESULT+1
 5305 T:1aec  85 9f                              sta FAC+2
 5306 T:1aee  a5 64                              lda RESULT+2
 5307 T:1af0  85 a0                              sta FAC+3
 5308 T:1af2  a5 65                              lda RESULT+3
 5309 T:1af4  85 a1                              sta FAC+4
 5310 T:1af6  4c 2e 18                           jmp NORMALIZE_FAC_2
 5311 T:1af9                                    ; --------------------------------
 5312 T:1af9                                    ; UNPACK (Y,A) INTO FAC
 5313 T:1af9                                    ; --------------------------------
 5314 T:1af9                           LOAD_FAC_FROM_YA 
 5315 T:1af9  85 5e                              sta INDEX                ; USE INDEX FOR PNTR
 5316 T:1afb  84 5f                              sty INDEX+1          ; 
 5317 T:1afd  a0 04                              ldy #4             ; PICK UP 5 BYTES
 5318 T:1aff  b1 5e                              lda (INDEX),Y                   ; 
 5319 T:1b01  85 a1                              sta FAC+4          ; 
 5320 T:1b03  88                                 dey                    ; 
 5321 T:1b04  b1 5e                              lda (INDEX),Y                   ; 
 5322 T:1b06  85 a0                              sta FAC+3          ; 
 5323 T:1b08  88                                 dey                    ; 
 5324 T:1b09  b1 5e                              lda (INDEX),Y                   ; 
 5325 T:1b0b  85 9f                              sta FAC+2          ; 
 5326 T:1b0d  88                                 dey                    ; 
 5327 T:1b0e  b1 5e                              lda (INDEX),Y                   ; 
 5328 T:1b10  85 a2                              sta FAC_SIGN                ; FIRST BIT IS SIGN
 5329 T:1b12  09 80                              ora #$80             ; SET NORMALIZED INVISIBLE BIT
 5330 T:1b14  85 9e                              sta FAC+1          ; 
 5331 T:1b16  88                                 dey                    ; 
 5332 T:1b17  b1 5e                              lda (INDEX),Y                   ; 
 5333 T:1b19  85 9d                              sta FAC                ; EXPONENT
 5334 T:1b1b  84 ac                              sty FAC_EXTENSION                ; Y=0
 5335 T:1b1d  60                                 rts 
 5336 T:1b1e                                    ; --------------------------------
 5337 T:1b1e                                    ; ROUND FAC, STORE IN TEMP2
 5338 T:1b1e                                    ; --------------------------------
 5339 T:1b1e                           STORE_FAC_IN_TEMP2_ROUNDED 
 5340 T:1b1e  a2 98                              ldx #TEMP2               ; PACK FAC INTO TEMP2
 5341 T:1b20  2c                                 .byt $2c              ; TRICK TO BRANCH
 5342 T:1b21                                    ; --------------------------------
 5343 T:1b21                                    ; ROUND FAC, STORE IN TEMP1
 5344 T:1b21                                    ; --------------------------------
 5345 T:1b21                           STORE_FAC_IN_TEMP1_ROUNDED 
 5346 T:1b21  a2 93                              ldx #<TEMP1              ; PACK FAC INTO TEMP1
 5347 T:1b23  a0 00                              ldy #>TEMP1              ; HI-BYTE OF TEMP1 SAME AS TEMP2
 5348 T:1b25  f0 04                              beq STORE_FACDB_YX_ROUNDED                ; ...ALWAYS
 5349 T:1b27                                    ; --------------------------------
 5350 T:1b27                                    ; ROUND FAC, AND STORE WHERE FORPNT POINTS
 5351 T:1b27                                    ; --------------------------------
 5352 T:1b27  a6 85                    SETFOR    ldx FORPNT
 5353 T:1b29  a4 86                              ldy FORPNT+1
 5354 T:1b2b                                    ; --------------------------------
 5355 T:1b2b                                    ; ROUND FAC, AND STORE AT (Y,X)
 5356 T:1b2b                                    ; --------------------------------
 5357 T:1b2b                           STORE_FACDB_YX_ROUNDED 
 5358 T:1b2b  20 72 1b                           jsr ROUND_FAC                ; ROUND VALUE IN FAC USING EXTENSION
 5359 T:1b2e  86 5e                              stx INDEX                ; USE INDEX FOR PNTR
 5360 T:1b30  84 5f                              sty INDEX+1          ; 
 5361 T:1b32  a0 04                              ldy #4             ; STORING 5 PACKED BYTES
 5362 T:1b34  a5 a1                              lda FAC+4          ; 
 5363 T:1b36  91 5e                              sta (INDEX),Y                   ; 
 5364 T:1b38  88                                 dey                    ; 
 5365 T:1b39  a5 a0                              lda FAC+3          ; 
 5366 T:1b3b  91 5e                              sta (INDEX),Y                   ; 
 5367 T:1b3d  88                                 dey                    ; 
 5368 T:1b3e  a5 9f                              lda FAC+2          ; 
 5369 T:1b40  91 5e                              sta (INDEX),Y                   ; 
 5370 T:1b42  88                                 dey                    ; 
 5371 T:1b43  a5 a2                              lda FAC_SIGN                ; PACK SIGN IN TOP BIT OF MANTISSA
 5372 T:1b45  09 7f                              ora #$7f             ; 
 5373 T:1b47  25 9e                              and FAC+1          ; 
 5374 T:1b49  91 5e                              sta (INDEX),Y                   ; 
 5375 T:1b4b  88                                 dey                    ; 
 5376 T:1b4c  a5 9d                              lda FAC                ; EXPONENT
 5377 T:1b4e  91 5e                              sta (INDEX),Y                   ; 
 5378 T:1b50  84 ac                              sty FAC_EXTENSION                ; ZERO THE EXTENSION
 5379 T:1b52  60                                 rts 
 5380 T:1b53                                    ; --------------------------------
 5381 T:1b53                                    ; COPY ARG INTO FAC
 5382 T:1b53                                    ; --------------------------------
 5383 T:1b53                           COPY_ARG_TO_FAC 
 5384 T:1b53  a5 aa                              lda ARG_SIGN                ; COPY SIGN
 5385 T:1b55  85 a2                    MFA       sta FAC_SIGN             ; 
 5386 T:1b57  a2 05                              ldx #5             ; MOVE 5 BYTES
 5387 T:1b59  b5 a4                    L_MFA_1   lda ARG-1,X                     ; 
 5388 T:1b5b  95 9c                              sta FAC-1,X                     ; 
 5389 T:1b5d  ca                                 dex                    ; 
 5390 T:1b5e  d0 f9                              bne L_MFA_1             ; 
 5391 T:1b60  86 ac                              stx FAC_EXTENSION                ; ZERO EXTENSION
 5392 T:1b62  60                                 rts                    ; 
 5393 T:1b63                                    ; --------------------------------
 5394 T:1b63                                    ; ROUND FAC AND COPY TO ARG
 5395 T:1b63                                    ; --------------------------------
 5396 T:1b63                           COPY_FAC_TO_ARG_ROUNDED 
 5397 T:1b63  20 72 1b                           jsr ROUND_FAC                ; ROUND FAC USING EXTENSION
 5398 T:1b66  a2 06                    MAF       ldx #6          ; COPY 6 BYTES, INCLUDES SIGN
 5399 T:1b68  b5 9c                    L_MAF_1   lda FAC-1,X                     ; 
 5400 T:1b6a  95 a4                              sta ARG-1,X                     ; 
 5401 T:1b6c  ca                                 dex                    ; 
 5402 T:1b6d  d0 f9                              bne L_MAF_1             ; 
 5403 T:1b6f  86 ac                              stx FAC_EXTENSION                ; ZERO FAC EXTENSION
 5404 T:1b71  60                       RTS_14    rts                 ; 
 5405 T:1b72                                    ; --------------------------------
 5406 T:1b72                                    ; ROUND FAC USING EXTENSION BYTE
 5407 T:1b72                                    ; --------------------------------
 5408 T:1b72                           ROUND_FAC 
 5409 T:1b72  a5 9d                              lda FAC
 5410 T:1b74  f0 fb                              beq RTS_14             ; FAC = 0, RETURN
 5411 T:1b76  06 ac                              asl FAC_EXTENSION                ; IS FAC.EXTENSION >= 128?
 5412 T:1b78  90 f7                              bcc RTS_14             ; NO, FINISHED
 5413 T:1b7a                                    ; --------------------------------
 5414 T:1b7a                                    ; INCREMENT MANTISSA AND RE-NORMALIZE IF CARRY
 5415 T:1b7a                                    ; --------------------------------
 5416 T:1b7a                           INCREMENT_MANTISSA 
 5417 T:1b7a  20 c6 18                           jsr INCREMENT_FAC_MANTISSA             ; YES, INCREMENT FAC
 5418 T:1b7d  d0 f2                              bne RTS_14             ; HIGH BYTE HAS BITS, FINISHED
 5419 T:1b7f  4c 8f 18                           jmp NORMALIZE_FAC_6             ; HI-BYTE=0, SO SHIFT LEFT
 5420 T:1b82                                    ; --------------------------------
 5421 T:1b82                                    ; TEST FAC FOR ZERO AND SIGN
 5422 T:1b82                                    ; 
 5423 T:1b82                                    ; FAC > 0, RETURN +1
 5424 T:1b82                                    ; FAC = 0, RETURN  0
 5425 T:1b82                                    ; FAC < 0, RETURN -1
 5426 T:1b82                                    ; --------------------------------
 5427 T:1b82  a5 9d                    SIGN      lda FAC             ; CHECK SIGN OF FAC AND
 5428 T:1b84  f0 09                              beq RTS_15                ; RETURN -1,0,1 IN A-REG
 5429 T:1b86                                    ; --------------------------------
 5430 T:1b86  a5 a2                    SIGN1     lda FAC_SIGN             ; 
 5431 T:1b88                                    ; --------------------------------
 5432 T:1b88  2a                       SIGN2     rol                 ; MSBIT TO CARRY
 5433 T:1b89  a9 ff                              lda #$ff             ; -1
 5434 T:1b8b  b0 02                              bcs RTS_15                ; MSBIT = 1
 5435 T:1b8d  a9 01                              lda #1             ; +1
 5436 T:1b8f  60                       RTS_15    rts                 ; 
 5437 T:1b90                                    ; --------------------------------
 5438 T:1b90                                    ; "SGN" FUNCTION
 5439 T:1b90                                    ; --------------------------------
 5440 T:1b90  20 82 1b                 SGN       jsr SIGN          ; CONVERT FAC TO -1,0,1
 5441 T:1b93                                    ; --------------------------------
 5442 T:1b93                                    ; CONVERT (A) INTO FAC, AS SIGNED VALUE -128 TO +127
 5443 T:1b93                                    ; --------------------------------
 5444 T:1b93  85 9e                    FLOAT     sta FAC+1       ; PUT IN HIGH BYTE OF MANTISSA
 5445 T:1b95  a9 00                              lda #0             ; CLEAR 2ND BYTE OF MANTISSA
 5446 T:1b97  85 9f                              sta FAC+2          ; 
 5447 T:1b99  a2 88                              ldx #$88             ; USE EXPONENT 2^9
 5448 T:1b9b                                    ; --------------------------------
 5449 T:1b9b                                    ; FLOAT UNSIGNED VALUE IN FAC+1,2
 5450 T:1b9b                                    ; (X) = EXPONENT
 5451 T:1b9b                                    ; --------------------------------
 5452 T:1b9b                           FLOAT_1                    ; 
 5453 T:1b9b  a5 9e                              lda FAC+1          ; MSBIT=0, SET CARRY; =1, CLEAR CARRY
 5454 T:1b9d  49 ff                              eor #$ff             ; 
 5455 T:1b9f  2a                                 rol                    ; 
 5456 T:1ba0                                    ; --------------------------------
 5457 T:1ba0                                    ; FLOAT UNSIGNED VALUE IN FAC+1,2
 5458 T:1ba0                                    ; (X) = EXPONENT
 5459 T:1ba0                                    ; C=0 TO MAKE VALUE NEGATIVE
 5460 T:1ba0                                    ; C=1 TO MAKE VALUE POSITIVE
 5461 T:1ba0                                    ; --------------------------------
 5462 T:1ba0                           FLOAT_2                    ; 
 5463 T:1ba0  a9 00                              lda #0             ; CLEAR LOWER 16-BITS OF MANTISSA
 5464 T:1ba2  85 a1                              sta FAC+4          ; 
 5465 T:1ba4  85 a0                              sta FAC+3          ; 
 5466 T:1ba6  86 9d                              stx FAC                ; STORE EXPONENT
 5467 T:1ba8  85 ac                              sta FAC_EXTENSION                ; CLEAR EXTENSION
 5468 T:1baa  85 a2                              sta FAC_SIGN                ; MAKE SIGN POSITIVE
 5469 T:1bac  4c 29 18                           jmp NORMALIZE_FAC_1             ; IF C=0, WILL NEGATE FAC
 5470 T:1baf                                    ; --------------------------------
 5471 T:1baf                                    ; "ABS" FUNCTION
 5472 T:1baf                                    ; --------------------------------
 5473 T:1baf  46 a2                    ABS       lsr FAC_SIGN             ; CHANGE SIGN TO +
 5474 T:1bb1  60                                 rts 
 5475 T:1bb2                                    ; --------------------------------
 5476 T:1bb2                                    ; COMPARE FAC WITH PACKED # AT (Y,A)
 5477 T:1bb2                                    ; RETURN A=1,0,-1 AS (Y,A) IS <,=,> FAC
 5478 T:1bb2                                    ; --------------------------------
 5479 T:1bb2  85 60                    FCOMP     sta DEST             ; USE DEST FOR PNTR
 5480 T:1bb4                                    ; --------------------------------
 5481 T:1bb4                                    ; SPECIAL ENTRY FROM "NEXT" PROCESSOR
 5482 T:1bb4                                    ; "DEST" ALREADY SET UP
 5483 T:1bb4                                    ; --------------------------------
 5484 T:1bb4  84 61                    FCOMP2    sty DEST+1       ; 
 5485 T:1bb6  a0 00                              ldy #0             ; GET EXPONENT OF COMPARAND
 5486 T:1bb8  b1 60                              lda (DEST),Y                    ; 
 5487 T:1bba  c8                                 iny                    ; POINT AT NEXT BYTE
 5488 T:1bbb  aa                                 tax                    ; EXPONENT TO X-REG
 5489 T:1bbc  f0 c4                              beq SIGN             ; IF COMPARAND=0, "SIGN" COMPARES FAC
 5490 T:1bbe  b1 60                              lda (DEST),Y                    ; GET HI-BYTE OF MANTISSA
 5491 T:1bc0  45 a2                              eor FAC_SIGN                ; COMPARE WITH FAC SIGN
 5492 T:1bc2  30 c2                              bmi SIGN1             ; DIFFERENT SIGNS, "SIGN" GIVES ANSWER
 5493 T:1bc4  e4 9d                              cpx FAC                ; SAME SIGN, SO COMPARE EXPONENTS
 5494 T:1bc6  d0 21                              bne L_FCOMP2_1                ; DIFFERENT, SO SUFFICIENT TEST
 5495 T:1bc8  b1 60                              lda (DEST),Y                    ; SAME EXPONENT, COMPARE MANTISSA
 5496 T:1bca  09 80                              ora #$80             ; SET INVISIBLE NORMALIZED BIT
 5497 T:1bcc  c5 9e                              cmp FAC+1          ; 
 5498 T:1bce  d0 19                              bne L_FCOMP2_1                ; NOT SAME, SO SUFFICIENT
 5499 T:1bd0  c8                                 iny                    ; SAME, COMPARE MORE MANTISSA
 5500 T:1bd1  b1 60                              lda (DEST),Y                    ; 
 5501 T:1bd3  c5 9f                              cmp FAC+2          ; 
 5502 T:1bd5  d0 12                              bne L_FCOMP2_1                ; NOT SAME, SO SUFFICIENT
 5503 T:1bd7  c8                                 iny                    ; SAME, COMPARE MORE MANTISSA
 5504 T:1bd8  b1 60                              lda (DEST),Y                    ; 
 5505 T:1bda  c5 a0                              cmp FAC+3          ; 
 5506 T:1bdc  d0 0b                              bne L_FCOMP2_1                ; NOT SAME, SO SUFFICIENT
 5507 T:1bde  c8                                 iny                    ; SAME, COMPARE REST OF MANTISSA
 5508 T:1bdf  a9 7f                              lda #$7f             ; ARTIFICIAL EXTENSION BYTE FOR COMPARAND
 5509 T:1be1  c5 ac                              cmp FAC_EXTENSION
 5510 T:1be3  b1 60                              lda (DEST),Y
 5511 T:1be5  e5 a1                              sbc FAC+4
 5512 T:1be7  f0 28                              beq RTS_16                ; NUMBERS ARE EQUAL, RETURN (A)=0
 5513 T:1be9  a5 a2                    L_FCOMP2_1 lda FAC_SIGN             ; NUMBERS ARE DIFFERENT
 5514 T:1beb  90 02                              bcc L_FCOMP2_2                ; FAC IS LARGER MAGNITUDE
 5515 T:1bed  49 ff                              eor #$ff             ; FAC IS SMALLER MAGNITUDE
 5516 T:1bef                                    ; <<<  NOTE THAT ABOVE THREE LINES CAN BE SHORTENED: >>>
 5517 T:1bef                                    ; <<<  L_FCOMP2_1  ROR              PUT CARRY INTO SIGN BIT  >>>
 5518 T:1bef                                    ; <<<      EOR FAC.SIGN     TOGGLE WITH SIGN OF FAC  >>>
 5519 T:1bef  4c 88 1b                 L_FCOMP2_2 jmp SIGN2          ; CONVERT +1 OR -1
 5520 T:1bf2                                    ; --------------------------------
 5521 T:1bf2                                    ; QUICK INTEGER FUNCTION
 5522 T:1bf2                                    ; 
 5523 T:1bf2                                    ; CONVERTS FP VALUE IN FAC TO INTEGER VALUE
 5524 T:1bf2                                    ; IN FAC+1...FAC+4, BY SHIFTING RIGHT WITH SIGN
 5525 T:1bf2                                    ; EXTENSION UNTIL FRACTIONAL BITS ARE OUT.
 5526 T:1bf2                                    ; 
 5527 T:1bf2                                    ; THIS SUBROUTINE ASSUMES THE EXPONENT < 32.
 5528 T:1bf2                                    ; --------------------------------
 5529 T:1bf2  a5 9d                    QINT      lda FAC             ; LOOK AT FAC EXPONENT
 5530 T:1bf4  f0 4a                              beq QINT_3                ; FAC=0, SO FINISHED
 5531 T:1bf6  38                                 sec                    ; GET -(NUMBER OF FRACTIONAL BITS)
 5532 T:1bf7  e9 a0                              sbc #$a0             ; IN A-REG FOR SHIFT COUNT
 5533 T:1bf9  24 a2                              bit FAC_SIGN                ; CHECK SIGN OF FAC
 5534 T:1bfb  10 09                              bpl L_QINT_1                ; POSITIVE, CONTINUE
 5535 T:1bfd  aa                                 tax                    ; NEGATIVE, SO COMPLEMENT MANTISSA
 5536 T:1bfe  a9 ff                              lda #$ff             ; AND SET SIGN EXTENSION FOR SHIFT
 5537 T:1c00  85 a4                              sta SHIFT_SIGN_EXT
 5538 T:1c02  20 a4 18                           jsr COMPLEMENT_FAC_MANTISSA
 5539 T:1c05  8a                                 txa                    ; RESTORE BIT COUNT TO A-REG
 5540 T:1c06  a2 9d                    L_QINT_1  ldx #FAC            ; POINT SHIFT SUBROUTINE AT FAC
 5541 T:1c08  c9 f9                              cmp #$f9             ; MORE THAN 7 BITS TO SHIFT?
 5542 T:1c0a  10 06                              bpl QINT_2                ; NO, SHORT SHIFT
 5543 T:1c0c  20 f0 18                           jsr SHIFT_RIGHT             ; YES, USE GENERAL ROUTINE
 5544 T:1c0f  84 a4                              sty SHIFT_SIGN_EXT                ; Y=0, CLEAR SIGN EXTENSION
 5545 T:1c11  60                       RTS_16    rts 
 5546 T:1c12                                    ; --------------------------------
 5547 T:1c12  a8                       QINT_2    tay                 ; SAVE SHIFT COUNT
 5548 T:1c13  a5 a2                              lda FAC_SIGN                ; GET SIGN BIT
 5549 T:1c15  29 80                              and #$80             ; 
 5550 T:1c17  46 9e                              lsr FAC+1          ; START RIGHT SHIFT
 5551 T:1c19  05 9e                              ora FAC+1          ; AND MERGE WITH SIGN
 5552 T:1c1b  85 9e                              sta FAC+1
 5553 T:1c1d  20 07 19                           jsr SHIFT_RIGHT_4             ; JUMP INTO MIDDLE OF SHIFTER
 5554 T:1c20  84 a4                              sty SHIFT_SIGN_EXT                ; Y=0, CLEAR SIGN EXTENSION
 5555 T:1c22  60                                 rts 
 5556 T:1c23                                    ; --------------------------------
 5557 T:1c23                                    ; "INT" FUNCTION
 5558 T:1c23                                    ; 
 5559 T:1c23                                    ; USES QINT TO CONVERT (FAC) TO INTEGER FORM,
 5560 T:1c23                                    ; AND THEN REFLOATS THE INTEGER.
 5561 T:1c23                                    ; <<< A FASTER APPROACH WOULD SIMPLY CLEAR >>>
 5562 T:1c23                                    ; <<< THE FRACTIONAL BITS BY ZEROING THEM  >>>
 5563 T:1c23                                    ; --------------------------------
 5564 T:1c23  a5 9d                    INT       lda FAC             ; CHECK IF EXPONENT < 32
 5565 T:1c25  c9 a0                              cmp #$a0             ; BECAUSE IF > 31 THERE IS NO FRACTION
 5566 T:1c27  b0 20                              bcs RTS_17                ; NO FRACTION, WE ARE FINISHED
 5567 T:1c29  20 f2 1b                           jsr QINT             ; USE GENERAL INTEGER CONVERSION
 5568 T:1c2c  84 ac                              sty FAC_EXTENSION                ; Y=0, CLEAR EXTENSION
 5569 T:1c2e  a5 a2                              lda FAC_SIGN                ; GET SIGN OF VALUE
 5570 T:1c30  84 a2                              sty FAC_SIGN                ; Y=0, CLEAR SIGN
 5571 T:1c32  49 80                              eor #$80             ; TOGGLE ACTUAL SIGN
 5572 T:1c34  2a                                 rol                    ; AND SAVE IN CARRY
 5573 T:1c35  a9 a0                              lda #$a0             ; SET EXPONENT TO 32
 5574 T:1c37  85 9d                              sta FAC                ; BECAUSE 4-BYTE INTEGER NOW
 5575 T:1c39  a5 a1                              lda FAC+4          ; SAVE LOW 8-BITS OF INTEGER FORM
 5576 T:1c3b  85 0d                              sta CHARAC                ; FOR EXP AND POWER
 5577 T:1c3d  4c 29 18                           jmp NORMALIZE_FAC_1             ; NORMALIZE TO FINISH CONVERSION
 5578 T:1c40                                    ; --------------------------------
 5579 T:1c40  85 9e                    QINT_3    sta FAC+1       ; FAC=0, SO CLEAR ALL 4 BYTES FOR
 5580 T:1c42  85 9f                              sta FAC+2          ; INTEGER VERSION
 5581 T:1c44  85 a0                              sta FAC+3          ; 
 5582 T:1c46  85 a1                              sta FAC+4          ; 
 5583 T:1c48  a8                                 tay                    ; Y=0 TOO
 5584 T:1c49  60                       RTS_17    rts                 ; 
 5585 T:1c4a                                    ; --------------------------------
 5586 T:1c4a                                    ; CONVERT STRING TO FP VALUE IN FAC
 5587 T:1c4a                                    ; 
 5588 T:1c4a                                    ; STRING POINTED TO BY TXTPTR
 5589 T:1c4a                                    ; FIRST CHAR ALREADY SCANNED BY CHRGET
 5590 T:1c4a                                    ; (A) = FIRST CHAR, C=0 IF DIGIT.
 5591 T:1c4a                                    ; --------------------------------
 5592 T:1c4a  a0 00                    FIN       ldy #0          ; CLEAR WORKING AREA ($99...$A3)
 5593 T:1c4c  a2 0a                              ldx #10             ; TMPEXP, EXPON, DPFLG, EXPSGN, FAC, SERLEN
 5594 T:1c4e  94 99                    L_FIN_1   sty TMPEXP,X
 5595 T:1c50  ca                                 dex 
 5596 T:1c51  10 fb                              bpl L_FIN_1
 5597 T:1c53                                    ; --------------------------------
 5598 T:1c53  90 0f                              bcc FIN_2                ; FIRST CHAR IS A DIGIT
 5599 T:1c55  c9 2d                              cmp #("-"&%01111111)     ; CHECK FOR LEADING SIGN
 5600 T:1c57  d0 04                              bne L_FIN_2                ; NOT MINUS
 5601 T:1c59  86 a3                              stx SERLEN                ; MINUS, SET SERLEN = $FF FOR FLAG
 5602 T:1c5b  f0 04                              beq FIN_1                ; ...ALWAYS
 5603 T:1c5d  c9 2b                    L_FIN_2   cmp #("+"&%01111111)  ; MIGHT BE PLUS
 5604 T:1c5f  d0 05                              bne FIN_3                ; NOT PLUS EITHER, CHECK DECIMAL POINT
 5605 T:1c61                                    ; --------------------------------
 5606 T:1c61  20 b1 00                 FIN_1     jsr CHRGET             ; GET NEXT CHAR OF STRING
 5607 T:1c64                                    ; --------------------------------
 5608 T:1c64  90 5b                    FIN_2     bcc FIN_9             ; INSERT THIS DIGIT
 5609 T:1c66                                    ; --------------------------------
 5610 T:1c66  c9 2e                    FIN_3     cmp #("."&%01111111)  ; CHECK FOR DECIMAL POINT
 5611 T:1c68  f0 2e                              beq FIN_10                ; YES
 5612 T:1c6a  c9 45                              cmp #("E"&%01111111)     ; CHECK FOR EXPONENT PART
 5613 T:1c6c  d0 30                              bne FIN_7                ; NO, END OF NUMBER
 5614 T:1c6e  20 b1 00                           jsr CHRGET                ; YES, START CONVERTING EXPONENT
 5615 T:1c71  90 17                              bcc FIN_5                ; EXPONENT DIGIT
 5616 T:1c73  c9 c9                              cmp #TOKEN_MINUS               ; NEGATIVE EXPONENT?
 5617 T:1c75  f0 0e                              beq L_FIN_3_1                ; YES
 5618 T:1c77  c9 2d                              cmp #("-"&%01111111)     ; MIGHT NOT BE TOKENIZED YET
 5619 T:1c79  f0 0a                              beq L_FIN_3_1                ; YES, IT IS NEGATIVE
 5620 T:1c7b  c9 c8                              cmp #TOKEN_PLUS               ; OPTIONAL "+"
 5621 T:1c7d  f0 08                              beq FIN_4                ; YES
 5622 T:1c7f  c9 2b                              cmp #("+"&%01111111)     ; MIGHT NOT BE TOKENIZED YET
 5623 T:1c81  f0 04                              beq FIN_4                ; YES, FOUND "+"
 5624 T:1c83  d0 07                              bne FIN_6                ; ...ALWAYS, NUMBER COMPLETED
 5625 T:1c85  66 9c                    L_FIN_3_1 ror EXPSGN             ; C=1, SET FLAG NEGATIVE
 5626 T:1c87                                    ; --------------------------------
 5627 T:1c87  20 b1 00                 FIN_4     jsr CHRGET             ; GET NEXT DIGIT OF EXPONENT
 5628 T:1c8a                                    ; --------------------------------
 5629 T:1c8a  90 5c                    FIN_5     bcc GETEXP             ; CHAR IS A DIGIT OF EXPONENT
 5630 T:1c8c                                    ; --------------------------------
 5631 T:1c8c  24 9c                    FIN_6     bit EXPSGN             ; END OF NUMBER, CHECK EXP SIGN
 5632 T:1c8e  10 0e                              bpl FIN_7                ; POSITIVE EXPONENT
 5633 T:1c90  a9 00                              lda #0             ; NEGATIVE EXPONENT
 5634 T:1c92  38                                 sec                    ; MAKE 2'S COMPLEMENT OF EXPONENT
 5635 T:1c93  e5 9a                              sbc EXPON                ; 
 5636 T:1c95  4c a0 1c                           jmp FIN_8                ; 
 5637 T:1c98                                    ; --------------------------------
 5638 T:1c98                                    ; FOUND A DECIMAL POINT
 5639 T:1c98                                    ; --------------------------------
 5640 T:1c98  66 9b                    FIN_10    ror DPFLG             ; C=1, SET DPFLG FOR DECIMAL POINT
 5641 T:1c9a  24 9b                              bit DPFLG                ; CHECK IF PREVIOUS DEC. PT.
 5642 T:1c9c  50 c3                              bvc FIN_1             ; NO PREVIOUS DECIMAL POINT
 5643 T:1c9e                                    ; A SECOND DECIMAL POINT IS TAKEN AS A TERMINATOR
 5644 T:1c9e                                    ; TO THE NUMERIC STRING.
 5645 T:1c9e                                    ; "A=11..22" WILL GIVE A SYNTAX ERROR, BECAUSE
 5646 T:1c9e                                    ; IT IS TWO NUMBERS WITH NO OPERATOR BETWEEN.
 5647 T:1c9e                                    ; "PRINT 11..22" GIVES NO ERROR, BECAUSE IT IS
 5648 T:1c9e                                    ; JUST THE CONCATENATION OF TWO NUMBERS.
 5649 T:1c9e                                    ; --------------------------------
 5650 T:1c9e                                    ; NUMBER TERMINATED, ADJUST EXPONENT NOW
 5651 T:1c9e                                    ; --------------------------------
 5652 T:1c9e  a5 9a                    FIN_7     lda EXPON             ; E-VALUE
 5653 T:1ca0  38                       FIN_8     sec                 ; MODIFY WITH COUNT OF DIGITS
 5654 T:1ca1  e5 99                              sbc TMPEXP                ; AFTER THE DECIMAL POINT
 5655 T:1ca3  85 9a                              sta EXPON                ; COMPLETE CURRENT EXPONENT
 5656 T:1ca5  f0 12                              beq L_FIN_8_15                ; NO ADJUST NEEDED IF EXP=0
 5657 T:1ca7  10 09                              bpl L_FIN_8_14                ; EXP>0, MULTIPLY BY TEN
 5658 T:1ca9  20 55 1a                 L_FIN_8_13 jsr DIV10          ; EXP<0, DIVIDE BY TEN
 5659 T:1cac  e6 9a                              inc EXPON                ; UNTIL EXP=0
 5660 T:1cae  d0 f9                              bne L_FIN_8_13             ; 
 5661 T:1cb0  f0 07                              beq L_FIN_8_15                ; ...ALWAYS, WE ARE FINISHED
 5662 T:1cb2  20 39 1a                 L_FIN_8_14 jsr MUL10          ; EXP>0, MULTIPLY BKY TEN
 5663 T:1cb5  c6 9a                              dec EXPON                ; UNTIL EXP=0
 5664 T:1cb7  d0 f9                              bne L_FIN_8_14             ; 
 5665 T:1cb9  a5 a3                    L_FIN_8_15 lda SERLEN             ; IS WHOLE NUMBER NEGATIVE?
 5666 T:1cbb  30 01                              bmi L_FIN_8_16                ; YES
 5667 T:1cbd  60                                 rts                    ; NO, RETURN, WHOLE JOB DONE!
 5668 T:1cbe  4c d0 1e                 L_FIN_8_16 jmp NEGOP             ; NEGATIVE NUMBER, SO NEGATE FAC
 5669 T:1cc1                                    ; --------------------------------
 5670 T:1cc1                                    ; ACCUMULATE A DIGIT INTO FAC
 5671 T:1cc1                                    ; --------------------------------
 5672 T:1cc1  48                       FIN_9     pha                 ; SAVE DIGIT
 5673 T:1cc2  24 9b                              bit DPFLG                ; SEEN A DECIMAL POINT YET?
 5674 T:1cc4  10 02                              bpl L_FIN_9_1                ; NO, STILL IN INTEGER PART
 5675 T:1cc6  e6 99                              inc TMPEXP                ; YES, COUNT THE FRACTIONAL DIGIT
 5676 T:1cc8  20 39 1a                 L_FIN_9_1 jsr MUL10          ; FAC = FAC * 10
 5677 T:1ccb  68                                 pla                    ; CURRENT DIGIT
 5678 T:1ccc  38                                 sec                    ; <<<SHORTER HERE TO JUST "AND #$0F">>>
 5679 T:1ccd  e9 30                              sbc #("0"&%01111111)     ; <<<TO CONVERT ASCII TO BINARY FORM>>>
 5680 T:1ccf  20 d5 1c                           jsr ADDACC                ; ADD THE DIGIT
 5681 T:1cd2  4c 61 1c                           jmp FIN_1             ; GO BACK FOR MORE
 5682 T:1cd5                                    ; --------------------------------
 5683 T:1cd5                                    ; ADD (A) TO FAC
 5684 T:1cd5                                    ; --------------------------------
 5685 T:1cd5  48                       ADDACC    pha                 ; SAVE ADDEND
 5686 T:1cd6  20 63 1b                           jsr COPY_FAC_TO_ARG_ROUNDED
 5687 T:1cd9  68                                 pla                    ; GET ADDEND AGAIN
 5688 T:1cda  20 93 1b                           jsr FLOAT             ; CONVERT TO FP VALUE IN FAC
 5689 T:1cdd  a5 aa                              lda ARG_SIGN                ; 
 5690 T:1cdf  45 a2                              eor FAC_SIGN                ; 
 5691 T:1ce1  85 ab                              sta SGNCPR                ; 
 5692 T:1ce3  a6 9d                              ldx FAC                ; TO SIGNAL IF FAC=0
 5693 T:1ce5  4c c1 17                           jmp FADDT             ; PERFORM THE ADDITION
 5694 T:1ce8                                    ; --------------------------------
 5695 T:1ce8                                    ; ACCUMULATE DIGIT OF EXPONENT
 5696 T:1ce8                                    ; --------------------------------
 5697 T:1ce8  a5 9a                    GETEXP    lda EXPON             ; CHECK CURRENT VALUE
 5698 T:1cea  c9 0a                              cmp #10             ; FOR MORE THAN 2 DIGITS
 5699 T:1cec  90 09                              bcc L_GETEXP_1                ; NO, THIS IS 1ST OR 2ND DIGIT
 5700 T:1cee  a9 64                              lda #100             ; EXPONENT TOO BIG
 5701 T:1cf0  24 9c                              bit EXPSGN                ; UNLESS IT IS NEGATIVE
 5702 T:1cf2  30 11                              bmi L_GETEXP_2                ; LARGE NEGATIVE EXPONENT MAKES FAC=0
 5703 T:1cf4  4c d5 18                           jmp OVERFLOW             ; LARGE POSITIVE EXPONENT IS ERROR
 5704 T:1cf7  0a                       L_GETEXP_1 asl                 ; EXPONENT TIMES 10
 5705 T:1cf8  0a                                 asl                    ; 
 5706 T:1cf9  18                                 clc                    ; 
 5707 T:1cfa  65 9a                              adc EXPON                ; 
 5708 T:1cfc  0a                                 asl                    ; 
 5709 T:1cfd  18                                 clc                    ; <<< ASL ALREADY DID THIS! >>>
 5710 T:1cfe  a0 00                              ldy #0             ; ADD THE NEW DIGIT
 5711 T:1d00  71 b8                              adc (TXTPTR),Y                  ; BUT THIS IS IN ASCII,
 5712 T:1d02  38                                 sec                    ; SO ADJUST BACK TO BINARY
 5713 T:1d03  e9 30                              sbc #("0"&%01111111)
 5714 T:1d05  85 9a                    L_GETEXP_2 sta EXPON             ; NEW VALUE
 5715 T:1d07  4c 87 1c                           jmp FIN_4             ; BACK FOR MORE
 5716 T:1d0a                                    ; --------------------------------
 5717 T:1d0a                                    ; --------------------------------

 5719 T:1d0a  9b 3e bc 1f fd           CON_99999999P9 .byt $9b,$3e,$bc,$1f,$fd; 99,999,999.9
 5720 T:1d0f  9e 6e 6b 27 fd           CON_999999999 .byt $9e,$6e,$6b,$27,$fd; 999,999,999
 5721 T:1d14  9e 6e 6b 28 00           CON_BILLION .byt $9e,$6e,$6b,$28,$00; 1,000,000,000
 5722 T:1d19                                    ; --------------------------------
 5723 T:1d19                                    ; PRINT "IN <LINE #>"
 5724 T:1d19                                    ; --------------------------------
 5725 T:1d19  a9 58                    INPRT     lda #<QT_IN        ; PRINT " IN "
 5726 T:1d1b  a0 03                              ldy #>QT_IN
 5727 T:1d1d  20 31 1d                           jsr GO_STROUT
 5728 T:1d20  a5 76                              lda CURLIN+1
 5729 T:1d22  a6 75                              ldx CURLIN
 5730 T:1d24                                    ; --------------------------------
 5731 T:1d24                                    ; PRINT A,X AS DECIMAL INTEGER
 5732 T:1d24                                    ; --------------------------------
 5733 T:1d24  85 9e                    LINPRT    sta FAC+1       ; PRINT A,X IN DECIMAL
 5734 T:1d26  86 9f                              stx FAC+2          ; 
 5735 T:1d28  a2 90                              ldx #$90             ; EXPONENT = 2^16
 5736 T:1d2a  38                                 sec                    ; CONVERT UNSIGNED
 5737 T:1d2b  20 a0 1b                           jsr FLOAT_2             ; CONVERT LINE # TO FP
 5738 T:1d2e                                    ; --------------------------------
 5739 T:1d2e                                    ; CONVERT (FAC) TO STRING, AND PRINT IT
 5740 T:1d2e                                    ; --------------------------------
 5741 T:1d2e                           PRINT_FAC                  ; 
 5742 T:1d2e  20 34 1d                           jsr FOUT                ; CONVERT (FAC) TO STRING AT STACK
 5743 T:1d31                                    ; --------------------------------
 5744 T:1d31                                    ; PRINT STRING STARTING AT Y,A
 5745 T:1d31                                    ; --------------------------------
 5746 T:1d31                           GO_STROUT                  ; 
 5747 T:1d31  4c 3a 0b                           jmp STROUT             ; PRINT STRING AT A,Y
 5748 T:1d34                                    ; --------------------------------
 5749 T:1d34                                    ; CONVERT (FAC) TO STRING STARTING AT STACK
 5750 T:1d34                                    ; RETURN WITH (Y,A) POINTING AT STRING
 5751 T:1d34                                    ; --------------------------------
 5752 T:1d34  a0 01                    FOUT      ldy #1          ; NORMAL ENTRY PUTS STRING AT STACK...
 5753 T:1d36                                    ; --------------------------------
 5754 T:1d36                                    ; "STR$" FUNCTION ENTERS HERE, WITH (Y)=0
 5755 T:1d36                                    ; SO THAT RESULT STRING STARTS AT STACK-1
 5756 T:1d36                                    ; (THIS IS USED AS A FLAG)
 5757 T:1d36                                    ; --------------------------------
 5758 T:1d36  a9 2d                    FOUT_1    lda #("-"&%01111111)  ; IN CASE VALUE NEGATIVE
 5759 T:1d38  88                                 dey                    ; BACK UP PNTR
 5760 T:1d39  24 a2                              bit FAC_SIGN                ; 
 5761 T:1d3b  10 04                              bpl L_FOUT_1_1                ; VALUE IS +
 5762 T:1d3d  c8                                 iny                    ; VALUE IS -
 5763 T:1d3e  99 ff 00                           sta STACK-1,Y                   ; EMIT "-"
 5764 T:1d41  85 a2                    L_FOUT_1_1 sta FAC_SIGN             ; MAKE FAC.SIGN POSITIVE ($2D)
 5765 T:1d43  84 ad                              sty STRNG2                ; SAVE STRING PNTR
 5766 T:1d45  c8                                 iny                    ; 
 5767 T:1d46  a9 30                              lda #("0"&%01111111)     ; IN CASE (FAC)=0
 5768 T:1d48  a6 9d                              ldx FAC                ; NUMBER=0?
 5769 T:1d4a  d0 03                              bne L_FOUT_1_2                ; NO, (FAC) NOT ZERO
 5770 T:1d4c  4c 57 1e                           jmp FOUT_4                ; YES, FINISHED
 5771 T:1d4f                                    ; --------------------------------
 5772 T:1d4f  a9 00                    L_FOUT_1_2 lda #0          ; STARTING VALUE FOR TMPEXP
 5773 T:1d51  e0 80                              cpx #$80             ; ANY INTEGER PART?
 5774 T:1d53  f0 02                              beq L_FOUT_1_3                ; NO, BTWN L_FOUT_1_5 AND L_FOUT_1_999999999
 5775 T:1d55  b0 09                              bcs L_FOUT_1_4                ; YES
 5776 T:1d57                                    ; --------------------------------
 5777 T:1d57  a9 14                    L_FOUT_1_3 lda #<CON_BILLION        ; MULTIPLY BY 1E9
 5778 T:1d59  a0 1d                              ldy #>CON_BILLION           ; TO GIVE ADJUSTMENT A HEAD START
 5779 T:1d5b  20 7f 19                           jsr FMULT             ; 
 5780 T:1d5e  a9 f7                              lda #$0100-9       ; EXPONENT ADJUSTMENT
 5781 T:1d60  85 99                    L_FOUT_1_4 sta TMPEXP             ; 0 OR -9
 5782 T:1d62                                    ; --------------------------------
 5783 T:1d62                                    ; ADJUST UNTIL 1E8 <= (FAC) <1E9
 5784 T:1d62                                    ; --------------------------------
 5785 T:1d62  a9 0f                    L_FOUT_1_5 lda #<CON_999999999
 5786 T:1d64  a0 1d                              ldy #>CON_999999999
 5787 T:1d66  20 b2 1b                           jsr FCOMP             ; COMPARE TO 1E9-1
 5788 T:1d69  f0 1e                              beq L_FOUT_1_10                ; (FAC) = 1E9-1
 5789 T:1d6b  10 12                              bpl L_FOUT_1_8                ; TOO LARGE, DIVIDE BY TEN
 5790 T:1d6d  a9 0a                    L_FOUT_1_6 lda #<CON_99999999P9        ; COMPARE TO 1E8-L_FOUT_1_1
 5791 T:1d6f  a0 1d                              ldy #>CON_99999999P9
 5792 T:1d71  20 b2 1b                           jsr FCOMP             ; COMPARE TO 1E8-L_FOUT_1_1
 5793 T:1d74  f0 02                              beq L_FOUT_1_7                ; (FAC) = 1E8-L_FOUT_1_1
 5794 T:1d76  10 0e                              bpl L_FOUT_1_9                ; IN RANGE, ADJUSTMENT FINISHED
 5795 T:1d78  20 39 1a                 L_FOUT_1_7 jsr MUL10          ; TOO SMALL, MULTIPLY BY TEN
 5796 T:1d7b  c6 99                              dec TMPEXP                ; KEEP TRACK OF MULTIPLIES
 5797 T:1d7d  d0 ee                              bne L_FOUT_1_6             ; ...ALWAYS
 5798 T:1d7f  20 55 1a                 L_FOUT_1_8 jsr DIV10          ; TOO LARGE, DIVIDE BY TEN
 5799 T:1d82  e6 99                              inc TMPEXP                ; KEEP TRACK OF DIVISIONS
 5800 T:1d84  d0 dc                              bne L_FOUT_1_5             ; ...ALWAYS
 5801 T:1d86                                    ; --------------------------------
 5802 T:1d86  20 a0 17                 L_FOUT_1_9 jsr FADDH          ; ROUND ADJUSTED RESULT
 5803 T:1d89  20 f2 1b                 L_FOUT_1_10 jsr QINT          ; CONVERT ADJUSTED VALUE TO 32-BIT INTEGER
 5804 T:1d8c                                    ; --------------------------------
 5805 T:1d8c                                    ; FAC+1...FAC+4 IS NOW IN INTEGER FORM
 5806 T:1d8c                                    ; WITH POWER OF TEN ADJUSTMENT IN TMPEXP
 5807 T:1d8c                                    ; 
 5808 T:1d8c                                    ; IF -10 < TMPEXP > 1, PRINT IN DECIMAL FORM
 5809 T:1d8c                                    ; OTHERWISE, PRINT IN EXPONENTIAL FORM
 5810 T:1d8c                                    ; --------------------------------
 5811 T:1d8c  a2 01                    FOUT_2    ldx #1          ; ASSUME 1 DIGIT BEFORE "."
 5812 T:1d8e  a5 99                              lda TMPEXP                ; CHECK RANGE
 5813 T:1d90  18                                 clc                    ; 
 5814 T:1d91  69 0a                              adc #10             ; 
 5815 T:1d93  30 09                              bmi L_FOUT_2_1                ; < .01, USE EXPONENTIAL FORM
 5816 T:1d95  c9 0b                              cmp #11             ; 
 5817 T:1d97  b0 06                              bcs L_FOUT_2_2                ; >= 1E10, USE EXPONENTIAL FORM
 5818 T:1d99  69 ff                              adc #$ff             ; LESS 1 GIVES INDEX FOR "."
 5819 T:1d9b  aa                                 tax                    ; 
 5820 T:1d9c  a9 02                              lda #2             ; SET REMAINING EXPONENT = 0
 5821 T:1d9e  38                       L_FOUT_2_1 sec                 ; COMPUTE REMAINING EXPONENT
 5822 T:1d9f  e9 02                    L_FOUT_2_2 sbc #2          ; 
 5823 T:1da1  85 9a                              sta EXPON                ; VALUE FOR "E+XX" OR "E-XX"
 5824 T:1da3  86 99                              stx TMPEXP                ; INDEX FOR DECIMAL POINT
 5825 T:1da5  8a                                 txa                    ; SEE IF "." COMES FIRST
 5826 T:1da6  f0 02                              beq L_FOUT_2_3                ; YES
 5827 T:1da8  10 13                              bpl L_FOUT_2_5                ; NO, LATER
 5828 T:1daa  a4 ad                    L_FOUT_2_3 ldy STRNG2             ; GET INDEX INTO STRING BEING BUILT
 5829 T:1dac  a9 2e                              lda #("."&%01111111)     ; STORE A DECIMAL POINT
 5830 T:1dae  c8                                 iny                    ; 
 5831 T:1daf  99 ff 00                           sta STACK-1,Y                   ; 
 5832 T:1db2  8a                                 txa                    ; SEE IF NEED ".0"
 5833 T:1db3  f0 06                              beq L_FOUT_2_4                ; NO
 5834 T:1db5  a9 30                              lda #("0"&%01111111)     ; YES, STORE "0"
 5835 T:1db7  c8                                 iny                    ; 
 5836 T:1db8  99 ff 00                           sta STACK-1,Y                   ; 
 5837 T:1dbb  84 ad                    L_FOUT_2_4 sty STRNG2             ; SAVE OUTPUT INDEX AGAIN
 5838 T:1dbd                                    ; --------------------------------
 5839 T:1dbd                                    ; NOW DIVIDE BY POWERS OF TEN TO GET SUCCESSIVE DIGITS
 5840 T:1dbd                                    ; --------------------------------
 5841 T:1dbd  a0 00                    L_FOUT_2_5 ldy #0          ; INDEX TO TABLE OF POWERS OF TEN
 5842 T:1dbf  a2 80                              ldx #$80             ; STARTING VALUE FOR DIGIT WITH DIRECTION
 5843 T:1dc1  a5 a1                    L_FOUT_2_6 lda FAC+4       ; START BY ADDING -100000000 UNTIL
 5844 T:1dc3  18                                 clc                    ; OVERSHOOT.  THEN ADD +10000000,
 5845 T:1dc4  79 6c 1e                           adc DECTBL+3,Y                  ; THEN ADD -1000000, THEN ADD
 5846 T:1dc7  85 a1                              sta FAC+4          ; +100000, AND SO ON.
 5847 T:1dc9  a5 a0                              lda FAC+3          ; THE # OF TIMES EACH POWER IS ADDED
 5848 T:1dcb  79 6b 1e                           adc DECTBL+2,Y                  ; IS 1 MORE THAN CORRESPONDING DIGIT
 5849 T:1dce  85 a0                              sta FAC+3
 5850 T:1dd0  a5 9f                              lda FAC+2
 5851 T:1dd2  79 6a 1e                           adc DECTBL+1,Y
 5852 T:1dd5  85 9f                              sta FAC+2
 5853 T:1dd7  a5 9e                              lda FAC+1
 5854 T:1dd9  79 69 1e                           adc DECTBL,Y
 5855 T:1ddc  85 9e                              sta FAC+1
 5856 T:1dde  e8                                 inx                    ; COUNT THE ADD
 5857 T:1ddf  b0 04                              bcs L_FOUT_2_7                ; IF C=1 AND X NEGATIVE, KEEP ADDING
 5858 T:1de1  10 de                              bpl L_FOUT_2_6             ; IF C=0 AND X POSITIVE, KEEP ADDING
 5859 T:1de3  30 02                              bmi L_FOUT_2_8                ; IF C=0 AND X NEGATIVE, WE OVERSHOT
 5860 T:1de5  30 da                    L_FOUT_2_7 bmi L_FOUT_2_6          ; IF C=1 AND X POSITIVE, WE OVERSHOT
 5861 T:1de7  8a                       L_FOUT_2_8 txa                 ; OVERSHOT, SO MAKE X INTO A DIGIT
 5862 T:1de8  90 04                              bcc L_FOUT_2_9                ; HOW DEPENDS ON DIRECTION WE WERE GOING
 5863 T:1dea  49 ff                              eor #$ff             ; DIGIT = 9-X
 5864 T:1dec  69 0a                              adc #10             ; 
 5865 T:1dee  69 2f                    L_FOUT_2_9 adc #("0"&%01111111)-1; MAKE DIGIT INTO ASCII
 5866 T:1df0  c8                                 iny                    ; ADVANCE TO NEXT SMALLER POWER OF TEN
 5867 T:1df1  c8                                 iny                    ; 
 5868 T:1df2  c8                                 iny                    ; 
 5869 T:1df3  c8                                 iny                    ; 
 5870 T:1df4  84 83                              sty VARPNT                ; SAVE PNTR TO POWERS
 5871 T:1df6  a4 ad                              ldy STRNG2                ; GET OUTPUT PNTR
 5872 T:1df8  c8                                 iny                    ; STORE THE DIGIT
 5873 T:1df9  aa                                 tax                    ; SAVE DIGIT, HI-BIT IS DIRECTION
 5874 T:1dfa  29 7f                              and #$7f             ; MAKE SURE $30...$39 FOR STRING
 5875 T:1dfc  99 ff 00                           sta STACK-1,Y                   ; 
 5876 T:1dff  c6 99                              dec TMPEXP                ; COUNT THE DIGIT
 5877 T:1e01  d0 06                              bne L_FOUT_2_10                ; NOT TIME FOR "." YET
 5878 T:1e03  a9 2e                              lda #("."&%01111111)     ; TIME, SO STORE THE DECIMAL POINT
 5879 T:1e05  c8                                 iny                    ; 
 5880 T:1e06  99 ff 00                           sta STACK-1,Y                   ; 
 5881 T:1e09  84 ad                    L_FOUT_2_10 sty STRNG2             ; SAVE OUTPUT PNTR AGAIN
 5882 T:1e0b  a4 83                              ldy VARPNT                ; GET PNTR TO POWERS
 5883 T:1e0d  8a                                 txa                    ; GET DIGIT WITH HI-BIT = DIRECTION
 5884 T:1e0e  49 ff                              eor #$ff             ; CHANGE DIRECTION
 5885 T:1e10  29 80                              and #$80             ; $00 IF ADDING, $80 IF SUBTRACTING
 5886 T:1e12  aa                                 tax 
 5887 T:1e13  c0 24                              cpy #DECTBL_END-DECTBL
 5888 T:1e15  d0 aa                              bne L_FOUT_2_6             ; NOT FINISHED YET
 5889 T:1e17                                    ; --------------------------------
 5890 T:1e17                                    ; NINE DIGITS HAVE BEEN STORED IN STRING.  NOW LOOK
 5891 T:1e17                                    ; BACK AND LOP OFF TRAILING ZEROES AND A TRAILING
 5892 T:1e17                                    ; DECIMAL POINT.
 5893 T:1e17                                    ; --------------------------------
 5894 T:1e17  a4 ad                    FOUT_3    ldy STRNG2             ; POINTS AT LAST STORED CHAR
 5895 T:1e19  b9 ff 00                 L_FOUT_3_1 lda STACK-1,Y                   ; SEE IF LOPPABLE
 5896 T:1e1c  88                                 dey                    ; 
 5897 T:1e1d  c9 30                              cmp #("0"&%01111111)     ; SUPPRESS TRAILING ZEROES
 5898 T:1e1f  f0 f8                              beq L_FOUT_3_1             ; YES, KEEP LOOPING
 5899 T:1e21  c9 2e                              cmp #("."&%01111111)     ; SUPPRESS TRAILING DECIMAL POINT
 5900 T:1e23  f0 01                              beq L_FOUT_3_2                ; ".", SO WRITE OVER IT
 5901 T:1e25  c8                                 iny                    ; NOT ".", SO INCLUDE IN STRING AGAIN
 5902 T:1e26  a9 2b                    L_FOUT_3_2 lda #("+"&%01111111)  ; PREPARE FOR POSITIVE EXPONENT "E+XX"
 5903 T:1e28  a6 9a                              ldx EXPON                ; SEE IF ANY E-VALUE
 5904 T:1e2a  f0 2e                              beq FOUT_5                ; NO, JUST MARK END OF STRING
 5905 T:1e2c  10 08                              bpl L_FOUT_3_3                ; YES, AND IT IS POSITIVE
 5906 T:1e2e  a9 00                              lda #0             ; YES, AND IT IS NEGATIVE
 5907 T:1e30  38                                 sec                    ; COMPLEMENT THE VALUE
 5908 T:1e31  e5 9a                              sbc EXPON                ; 
 5909 T:1e33  aa                                 tax                    ; GET MAGNITUDE IN X
 5910 T:1e34  a9 2d                              lda #("-"&%01111111)     ; E SIGN
 5911 T:1e36  99 01 01                 L_FOUT_3_3 sta STACK+1,Y                   ; STORE SIGN IN STRING
 5912 T:1e39  a9 45                              lda #("E"&%01111111)     ; STORE "E" IN STRING BEFORE SIGN
 5913 T:1e3b  99 00 01                           sta STACK,Y                     ; 
 5914 T:1e3e  8a                                 txa                    ; EXPONENT MAGNITUDE IN A-REG
 5915 T:1e3f  a2 2f                              ldx #("0"&%01111111)-1; SEED FOR EXPONENT DIGIT
 5916 T:1e41  38                                 sec                    ; CONVERT TO DECIMAL
 5917 T:1e42  e8                       L_FOUT_3_4 inx                 ; COUNT THE SUBTRACTION
 5918 T:1e43  e9 0a                              sbc #10             ; TEN'S DIGIT
 5919 T:1e45  b0 fb                              bcs L_FOUT_3_4             ; MORE TENS TO SUBTRACT
 5920 T:1e47  69 3a                              adc #("0"&%01111111)+10; CONVERT REMAINDER TO ONE'S DIGIT
 5921 T:1e49  99 03 01                           sta STACK+3,Y                   ; STORE ONE'S DIGIT
 5922 T:1e4c  8a                                 txa                    ; 
 5923 T:1e4d  99 02 01                           sta STACK+2,Y                   ; STORE TEN'S DIGIT
 5924 T:1e50  a9 00                              lda #0             ; MARK END OF STRING WITH $00
 5925 T:1e52  99 04 01                           sta STACK+4,Y                   ; 
 5926 T:1e55  f0 08                              beq FOUT_6                ; ...ALWAYS
 5927 T:1e57  99 ff 00                 FOUT_4    sta STACK-1,Y                   ; STORE "0" IN ASCII
 5928 T:1e5a  a9 00                    FOUT_5    lda #0          ; STORE $00 ON END OF STRING
 5929 T:1e5c  99 00 01                           sta STACK,Y                     ; 
 5930 T:1e5f  a9 00                    FOUT_6    lda #<STACK           ; POINT Y,A AT BEGINNING OF STRING
 5931 T:1e61  a0 01                              ldy #>STACK              ; (STR$ STARTED STRING AT STACK-1, BUT
 5932 T:1e63  60                                 rts                    ; STR$ DOESN'T USE Y,A ANYWAY.)
 5933 T:1e64                                    ; --------------------------------

 5935 T:1e64  80 00 00 00 00           CON_HALF  .byt $80,$00,$00,$00,$00; FP CONSTANT 0L_CON_HALF_5
 5936 T:1e69                                    ; --------------------------------
 5937 T:1e69                                    ; POWERS OF 10 FROM 1E8 DOWN TO 1,
 5938 T:1e69                                    ; AS 32-BIT INTEGERS, WITH ALTERNATING SIGNS
 5939 T:1e69                                    ; --------------------------------

 5941 T:1e69  fa 0a 1f 00              DECTBL    .byt $fa,$0a,$1f,$00; -100000000
 5942 T:1e6d  00 98 96 80                        .byt $00,$98,$96,$80; 10000000
 5943 T:1e71  ff f0 bd c0                        .byt $ff,$f0,$bd,$c0; -1000000
 5944 T:1e75  00 01 86 a0                        .byt $00,$01,$86,$a0; 100000
 5945 T:1e79  ff ff d8 f0                        .byt $ff,$ff,$d8,$f0; -10000
 5946 T:1e7d  00 00 03 e8                        .byt $00,$00,$03,$e8; 1000
 5947 T:1e81  ff ff ff 9c                        .byt $ff,$ff,$ff,$9c; -100
 5948 T:1e85  00 00 00 0a                        .byt $00,$00,$00,$0a; 10
 5949 T:1e89  ff ff ff ff                        .byt $ff,$ff,$ff,$ff; -1
 5950 T:1e8d                           DECTBL_END 
 5951 T:1e8d                                    ; --------------------------------
 5952 T:1e8d                                    ; --------------------------------
 5953 T:1e8d                                    ; "SQR" FUNCTION
 5954 T:1e8d                                    ; 
 5955 T:1e8d                                    ; <<< UNFORTUNATELY, RATHER THAN A NEWTON-RAPHSON >>>
 5956 T:1e8d                                    ; <<< ITERATION, APPLESOFT USES EXPONENTIATION    >>>
 5957 T:1e8d                                    ; <<< SQR(X) = X^L_DECTBL_END_5                               >>>
 5958 T:1e8d                                    ; --------------------------------
 5959 T:1e8d  20 63 1b                 SQR       jsr COPY_FAC_TO_ARG_ROUNDED
 5960 T:1e90  a9 64                              lda #<CON_HALF           ; SET UP POWER OF 0L_SQR_5
 5961 T:1e92  a0 1e                              ldy #>CON_HALF
 5962 T:1e94  20 f9 1a                           jsr LOAD_FAC_FROM_YA
 5963 T:1e97                                    ; --------------------------------
 5964 T:1e97                                    ; EXPONENTIATION OPERATION
 5965 T:1e97                                    ; 
 5966 T:1e97                                    ; ARG ^ FAC  =  EXP( LOG(ARG) * FAC )
 5967 T:1e97                                    ; --------------------------------
 5968 T:1e97  f0 70                    FPWRT     beq EXP             ; IF FAC=0, ARG^FAC=EXP(0)
 5969 T:1e99  a5 a5                              lda ARG                ; IF ARG=0, ARG^FAC=0
 5970 T:1e9b  d0 03                              bne L_FPWRT_1                ; NEITHER IS ZERO
 5971 T:1e9d  4c 50 18                           jmp STA_IN_FAC_SIGN_AND_EXP             ; SET FAC = 0
 5972 T:1ea0  a2 8a                    L_FPWRT_1 ldx #TEMP3            ; SAVE FAC IN TEMP3
 5973 T:1ea2  a0 00                              ldy #0
 5974 T:1ea4  20 2b 1b                           jsr STORE_FACDB_YX_ROUNDED
 5975 T:1ea7  a5 aa                              lda ARG_SIGN                ; NORMALLY, ARG MUST BE POSITIVE
 5976 T:1ea9  10 0f                              bpl L_FPWRT_2                ; IT IS POSITIVE, SO ALL IS WELL
 5977 T:1eab  20 23 1c                           jsr INT             ; NEGATIVE, BUT OK IF INTEGRAL POWER
 5978 T:1eae  a9 8a                              lda #TEMP3               ; SEE IF INT(FAC)=FAC
 5979 T:1eb0  a0 00                              ldy #0             ; 
 5980 T:1eb2  20 b2 1b                           jsr FCOMP             ; IS IT AN INTEGER POWER?
 5981 T:1eb5  d0 03                              bne L_FPWRT_2                ; NOT INTEGRAL,  WILL CAUSE ERROR LATER
 5982 T:1eb7  98                                 tya                    ; MAKE ARG SIGN + AS IT IS MOVED TO FAC
 5983 T:1eb8  a4 0d                              ldy CHARAC                ; INTEGRAL, SO ALLOW NEGATIVE ARG
 5984 T:1eba  20 55 1b                 L_FPWRT_2 jsr MFA          ; MOVE ARGUMENT TO FAC
 5985 T:1ebd  98                                 tya                    ; SAVE FLAG FOR NEGATIVE ARG (0=+)
 5986 T:1ebe  48                                 pha                    ; 
 5987 T:1ebf  20 41 19                           jsr LOG             ; GET LOG(ARG)
 5988 T:1ec2  a9 8a                              lda #TEMP3               ; MULTIPLY BY POWER
 5989 T:1ec4  a0 00                              ldy #0             ; 
 5990 T:1ec6  20 7f 19                           jsr FMULT             ; 
 5991 T:1ec9  20 09 1f                           jsr EXP                ; E ^ LOG(FAC)
 5992 T:1ecc  68                                 pla                    ; GET FLAG FOR NEGATIVE ARG
 5993 T:1ecd  4a                                 lsr                    ; <<<LSR,BCC COULD BE MERELY BPL>>>
 5994 T:1ece  90 0a                              bcc RTS_18                ; NOT NEGATIVE, FINISHED
 5995 T:1ed0                                    ; NEGATIVE ARG, SO NEGATE RESULT
 5996 T:1ed0                                    ; --------------------------------
 5997 T:1ed0                                    ; NEGATE VALUE IN FAC
 5998 T:1ed0                                    ; --------------------------------
 5999 T:1ed0  a5 9d                    NEGOP     lda FAC             ; IF FAC=0, NO NEED TO COMPLEMENT
 6000 T:1ed2  f0 06                              beq RTS_18                ; YES, FAC=0
 6001 T:1ed4  a5 a2                              lda FAC_SIGN                ; NO, SO TOGGLE SIGN
 6002 T:1ed6  49 ff                              eor #$ff
 6003 T:1ed8  85 a2                              sta FAC_SIGN
 6004 T:1eda  60                       RTS_18    rts 
 6005 T:1edb                                    ; --------------------------------

 6007 T:1edb  81 38 aa 3b 29           CON_LOG_E .byt $81,$38,$aa,$3b,$29; LOG(E) TO BASE 2
 6008 T:1ee0                                    ; --------------------------------
 6009 T:1ee0  07                       POLY_EXP  .byt 7           ; ( # OF TERMS IN POLYNOMIAL) - 1
 6010 T:1ee1  71 34 58 3e 56                     .byt $71,$34,$58,$3e,$56; (LOG(2)^7)/8!
 6011 T:1ee6  74 16 7e b3 1b                     .byt $74,$16,$7e,$b3,$1b; (LOG(2)^6)/7!
 6012 T:1eeb  77 2f ee e3 85                     .byt $77,$2f,$ee,$e3,$85; (LOG(2)^5)/6!
 6013 T:1ef0  7a 1d 84 1c 2a                     .byt $7a,$1d,$84,$1c,$2a; (LOG(2)^4)/5!
 6014 T:1ef5  7c 63 59 58 0a                     .byt $7c,$63,$59,$58,$0a; (LOG(2)^3)/4!
 6015 T:1efa  7e 75 fd e7 c6                     .byt $7e,$75,$fd,$e7,$c6; (LOG(2)^2)/3!
 6016 T:1eff  80 31 72 18 10                     .byt $80,$31,$72,$18,$10; LOG(2)/2!
 6017 T:1f04  81 00 00 00 00                     .byt $81,$00,$00,$00,$00; 1
 6018 T:1f09                                    ; --------------------------------
 6019 T:1f09                                    ; "EXP" FUNCTION
 6020 T:1f09                                    ; 
 6021 T:1f09                                    ; FAC = E ^ FAC
 6022 T:1f09                                    ; --------------------------------
 6023 T:1f09  a9 db                    EXP       lda #<CON_LOG_E        ; CONVERT TO POWER OF TWO PROBLEM
 6024 T:1f0b  a0 1e                              ldy #>CON_LOG_E           ; E^X = 2^(LOG2(E)*X)
 6025 T:1f0d  20 7f 19                           jsr FMULT             ; 
 6026 T:1f10  a5 ac                              lda FAC_EXTENSION                ; NON-STANDARD ROUNDING HERE
 6027 T:1f12  69 50                              adc #$50             ; ROUND UP IF EXTENSION > $AF
 6028 T:1f14  90 03                              bcc L_EXP_1                ; NO, DON'T ROUND UP
 6029 T:1f16  20 7a 1b                           jsr INCREMENT_MANTISSA
 6030 T:1f19  85 92                    L_EXP_1   sta ARG_EXTENSION             ; STRANGE VALUE
 6031 T:1f1b  20 66 1b                           jsr MAF             ; COPY FAC INTO ARG
 6032 T:1f1e  a5 9d                              lda FAC                ; MAXIMUM EXPONENT IS < 128
 6033 T:1f20  c9 88                              cmp #$88             ; WITHIN RANGE?
 6034 T:1f22  90 03                              bcc L_EXP_3                ; YES
 6035 T:1f24  20 2b 1a                 L_EXP_2   jsr OUTOFRNG          ; OVERFLOW IF +, RETURN 0.0 IF -
 6036 T:1f27  20 23 1c                 L_EXP_3   jsr INT          ; GET INT(FAC)
 6037 T:1f2a  a5 0d                              lda CHARAC                ; THIS IS THE INETGRAL PART OF THE POWER
 6038 T:1f2c  18                                 clc                    ; ADD TO EXPONENT BIAS + 1
 6039 T:1f2d  69 81                              adc #$81             ; 
 6040 T:1f2f  f0 f3                              beq L_EXP_2             ; OVERFLOW
 6041 T:1f31  38                                 sec                    ; BACK OFF TO NORMAL BIAS
 6042 T:1f32  e9 01                              sbc #1             ; 
 6043 T:1f34  48                                 pha                    ; SAVE EXPONENT
 6044 T:1f35                                    ; --------------------------------
 6045 T:1f35  a2 05                              ldx #5             ; SWAP ARG AND FAC
 6046 T:1f37  b5 a5                    L_EXP_4   lda ARG,X                       ; <<< WHY SWAP? IT IS DOING      >>>
 6047 T:1f39  b4 9d                              ldy FAC,X                       ; <<< -(A-B) WHEN (B-A) IS THE   >>>
 6048 T:1f3b  95 9d                              sta FAC,X                       ; <<< SAME THING!                >>>
 6049 T:1f3d  94 a5                              sty ARG,X
 6050 T:1f3f  ca                                 dex 
 6051 T:1f40  10 f5                              bpl L_EXP_4
 6052 T:1f42  a5 92                              lda ARG_EXTENSION
 6053 T:1f44  85 ac                              sta FAC_EXTENSION
 6054 T:1f46  20 aa 17                           jsr FSUBT             ; POWER-INT(POWER) --> FRACTIONAL PART
 6055 T:1f49  20 d0 1e                           jsr NEGOP
 6056 T:1f4c  a9 e0                              lda #<POLY_EXP
 6057 T:1f4e  a0 1e                              ldy #>POLY_EXP
 6058 T:1f50  20 72 1f                           jsr POLYNOMIAL                ; COMPUTE F(X) ON FRACTIONAL PART
 6059 T:1f53  a9 00                              lda #0
 6060 T:1f55  85 ab                              sta SGNCPR
 6061 T:1f57  68                                 pla                    ; GET EXPONENT
 6062 T:1f58  20 10 1a                           jsr ADD_EXPONENTS_1
 6063 T:1f5b  60                                 rts                    ; <<< WASTED BYTE HERE, COULD HAVE >>>
 6064 T:1f5c                                    ; <<< JUST USED "JMP ADD.EXPO..."  >>>
 6065 T:1f5c                                    ; --------------------------------
 6066 T:1f5c                                    ; ODD POLYNOMIAL SUBROUTINE
 6067 T:1f5c                                    ; 
 6068 T:1f5c                                    ; F(X) = X * P(X^2)
 6069 T:1f5c                                    ; 
 6070 T:1f5c                                    ; WHERE:  X IS VALUE IN FAC
 6071 T:1f5c                                    ; Y,A POINTS AT COEFFICIENT TABLE
 6072 T:1f5c                                    ; FIRST BYTE OF COEFF. TABLE IS N
 6073 T:1f5c                                    ; COEFFICIENTS FOLLOW, HIGHEST POWER FIRST
 6074 T:1f5c                                    ; 
 6075 T:1f5c                                    ; P(X^2) COMPUTED USING NORMAL POLYNOMIAL SUBROUTINE
 6076 T:1f5c                                    ; 
 6077 T:1f5c                                    ; --------------------------------
 6078 T:1f5c                           POLYNOMIAL_ODD 
 6079 T:1f5c  85 ad                              sta SERPNT                ; SAVE ADDRESS OF COEFFICIENT TABLE
 6080 T:1f5e  84 ae                              sty SERPNT+1
 6081 T:1f60  20 21 1b                           jsr STORE_FAC_IN_TEMP1_ROUNDED
 6082 T:1f63  a9 93                              lda #TEMP1               ; Y=0 ALREADY, SO Y,A POINTS AT TEMP1
 6083 T:1f65  20 7f 19                           jsr FMULT             ; FORM X^2
 6084 T:1f68  20 76 1f                           jsr SERMAIN                ; DO SERIES IN X^2
 6085 T:1f6b  a9 93                              lda #<TEMP1              ; GET X AGAIN
 6086 T:1f6d  a0 00                              ldy #>TEMP1              ; 
 6087 T:1f6f  4c 7f 19                           jmp FMULT             ; MULTIPLY X BY P(X^2) AND EXIT
 6088 T:1f72                                    ; --------------------------------
 6089 T:1f72                                    ; NORMAL POLYNOMIAL SUBROUTINE
 6090 T:1f72                                    ; 
 6091 T:1f72                                    ; P(X) = C(0)*X^N + C(1)*X^(N-1) + ... + C(N)
 6092 T:1f72                                    ; 
 6093 T:1f72                                    ; WHERE:  X IS VALUE IN FAC
 6094 T:1f72                                    ; Y,A POINTS AT COEFFICIENT TABLE
 6095 T:1f72                                    ; FIRST BYTE OF COEFF. TABLE IS N
 6096 T:1f72                                    ; COEFFICIENTS FOLLOW, HIGHEST POWER FIRST
 6097 T:1f72                                    ; 
 6098 T:1f72                                    ; --------------------------------
 6099 T:1f72                           POLYNOMIAL 
 6100 T:1f72  85 ad                              sta SERPNT                ; POINTER TO COEFFICIENT TABLE
 6101 T:1f74  84 ae                              sty SERPNT+1
 6102 T:1f76                                    ; --------------------------------
 6103 T:1f76                           SERMAIN   
 6104 T:1f76  20 1e 1b                           jsr STORE_FAC_IN_TEMP2_ROUNDED
 6105 T:1f79  b1 ad                              lda (SERPNT),Y                  ; GET N
 6106 T:1f7b  85 a3                              sta SERLEN                ; SAVE N
 6107 T:1f7d  a4 ad                              ldy SERPNT                ; BUMP PNTR TO HIGHEST COEFFICIENT
 6108 T:1f7f  c8                                 iny                    ; AND GET PNTR INTO Y,A
 6109 T:1f80  98                                 tya 
 6110 T:1f81  d0 02                              bne L_SERMAIN_1
 6111 T:1f83  e6 ae                              inc SERPNT+1
 6112 T:1f85  85 ad                    L_SERMAIN_1 sta SERPNT
 6113 T:1f87  a4 ae                              ldy SERPNT+1
 6114 T:1f89  20 7f 19                 L_SERMAIN_2 jsr FMULT          ; ACCUMULATE SERIES TERMS
 6115 T:1f8c  a5 ad                              lda SERPNT                ; BUMP PNTR TO NEXT COEFFICIENT
 6116 T:1f8e  a4 ae                              ldy SERPNT+1
 6117 T:1f90  18                                 clc 
 6118 T:1f91  69 05                              adc #5
 6119 T:1f93  90 01                              bcc L_SERMAIN_3
 6120 T:1f95  c8                                 iny 
 6121 T:1f96  85 ad                    L_SERMAIN_3 sta SERPNT
 6122 T:1f98  84 ae                              sty SERPNT+1
 6123 T:1f9a  20 be 17                           jsr FADD             ; ADD NEXT COEFFICIENT
 6124 T:1f9d  a9 98                              lda #TEMP2               ; POINT AT X AGAIN
 6125 T:1f9f  a0 00                              ldy #0             ; 
 6126 T:1fa1  c6 a3                              dec SERLEN                ; IF SERIES NOT FINISHED,
 6127 T:1fa3  d0 e4                              bne L_SERMAIN_2             ; THEN ADD ANOTHER TERM
 6128 T:1fa5  60                       RTS_19    rts                 ; FINISHED
 6129 T:1fa6                                    ; --------------------------------

 6131 T:1fa6  98 35 44 7a              CON_RND_1 .byt $98,$35,$44,$7a; <<< THESE ARE MISSING ONE BYTE >>>
 6132 T:1faa  68 28 b1 46              CON_RND_2 .byt $68,$28,$b1,$46; <<< FOR FP VALUES              >>>
 6133 T:1fae                                    ; --------------------------------
 6134 T:1fae                                    ; "RND" FUNCTION
 6135 T:1fae                                    ; --------------------------------
 6136 T:1fae  20 82 1b                 RND       jsr SIGN          ; REDUCE ARGUMENT TO -1, 0, OR +1
 6137 T:1fb1  aa                                 tax                    ; SAVE ARGUMENT
 6138 T:1fb2  30 18                              bmi L_RND_1                ; = -1, USE CURRENT ARGUMENT FOR SEED
 6139 T:1fb4  a9 c9                              lda #<RNDSEED              ; USE CURRENT SEED
 6140 T:1fb6  a0 00                              ldy #>RNDSEED
 6141 T:1fb8  20 f9 1a                           jsr LOAD_FAC_FROM_YA
 6142 T:1fbb  8a                                 txa                    ; RECALL SIGN OF ARGUMENT
 6143 T:1fbc  f0 e7                              beq RTS_19             ; =0, RETURN SEED UNCHANGED
 6144 T:1fbe  a9 a6                              lda #<CON_RND_1           ; VERY POOR RND ALGORITHM
 6145 T:1fc0  a0 1f                              ldy #>CON_RND_1
 6146 T:1fc2  20 7f 19                           jsr FMULT
 6147 T:1fc5  a9 aa                              lda #<CON_RND_2           ; ALSO, CONSTANTS ARE TRUNCATED
 6148 T:1fc7  a0 1f                              ldy #>CON_RND_2           ; <<<THIS DOES NOTHING, DUE TO >>>
 6149 T:1fc9                                    ; <<<SMALL EXPONENT            >>>
 6150 T:1fc9  20 be 17                           jsr FADD
 6151 T:1fcc  a6 a1                    L_RND_1   ldx FAC+4       ; SHUFFLE HI AND LO BYTES
 6152 T:1fce  a5 9e                              lda FAC+1          ; TO SUPPOSEDLY MAKE IT MORE RANDOM
 6153 T:1fd0  85 a1                              sta FAC+4          ; 
 6154 T:1fd2  86 9e                              stx FAC+1          ; 
 6155 T:1fd4  a9 00                              lda #0             ; MAKE IT POSITIVE
 6156 T:1fd6  85 a2                              sta FAC_SIGN                ; 
 6157 T:1fd8  a5 9d                              lda FAC                ; A SOMEWHAT RANDOM EXTENSION
 6158 T:1fda  85 ac                              sta FAC_EXTENSION
 6159 T:1fdc  a9 80                              lda #$80             ; EXPONENT TO MAKE VALUE < 1.0
 6160 T:1fde  85 9d                              sta FAC
 6161 T:1fe0  20 2e 18                           jsr NORMALIZE_FAC_2
 6162 T:1fe3  a2 c9                              ldx #<RNDSEED              ; MOVE FAC TO RND SEED
 6163 T:1fe5  a0 00                              ldy #>RNDSEED
 6164 T:1fe7  4c 2b 1b                 GO_MOVMF  jmp STORE_FACDB_YX_ROUNDED
 6165 T:1fea                                    ; --------------------------------
 6166 T:1fea                                    ; --------------------------------
 6167 T:1fea                                    ; "COS" FUNCTION
 6168 T:1fea                                    ; --------------------------------
 6169 T:1fea  a9 66                    COS       lda #<CON_PI_HALF           ; COS(X)=SIN(X + PI/2)
 6170 T:1fec  a0 20                              ldy #>CON_PI_HALF
 6171 T:1fee  20 be 17                           jsr FADD
 6172 T:1ff1                                    ; --------------------------------
 6173 T:1ff1                                    ; "SIN" FUNCTION
 6174 T:1ff1                                    ; --------------------------------
 6175 T:1ff1  20 63 1b                 SIN       jsr COPY_FAC_TO_ARG_ROUNDED
 6176 T:1ff4  a9 6b                              lda #<CON_PI_DOUB              ; REMOVE MULTIPLES OF 2*PI
 6177 T:1ff6  a0 20                              ldy #>CON_PI_DOUB              ; BY DIVIDING AND SAVING
 6178 T:1ff8  a6 aa                              ldx ARG_SIGN                ; THE FRACTIONAL PART
 6179 T:1ffa  20 5e 1a                           jsr DIV             ; USE SIGN OF ARGUMENT
 6180 T:1ffd  20 63 1b                           jsr COPY_FAC_TO_ARG_ROUNDED
 6181 T:2000  20 23 1c                           jsr INT             ; TAKE INTEGER PART
 6182 T:2003  a9 00                              lda #0             ; <<< WASTED LINES, BECAUSE FSUBT >>>
 6183 T:2005  85 ab                              sta SGNCPR                ; <<< CHANGES SGNCPR AGAIN        >>>
 6184 T:2007  20 aa 17                           jsr FSUBT             ; SUBTRACT TO GET FRACTIONAL PART
 6185 T:200a                                    ; --------------------------------
 6186 T:200a                                    ; (FAC) = ANGLE AS A FRACTION OF A FULL CIRCLE
 6187 T:200a                                    ; 
 6188 T:200a                                    ; NOW FOLD THE RANGE INTO A QUARTER CIRCLE
 6189 T:200a                                    ; 
 6190 T:200a                                    ; <<< THERE ARE MUCH SIMPLER WAYS TO DO THIS >>>
 6191 T:200a                                    ; --------------------------------
 6192 T:200a  a9 70                              lda #<QUARTER              ; 1/4 - FRACTION MAKES
 6193 T:200c  a0 20                              ldy #>QUARTER              ; -3/4 <= FRACTION < 1/4
 6194 T:200e  20 a7 17                           jsr FSUB             ; 
 6195 T:2011  a5 a2                              lda FAC_SIGN                ; TEST SIGN OF RESULT
 6196 T:2013  48                                 pha                    ; SAVE SIGN FOR LATER UNFOLDING
 6197 T:2014  10 0d                              bpl SIN_1                ; ALREADY 0...1/4
 6198 T:2016  20 a0 17                           jsr FADDH             ; ADD 1/2 TO SHIFT TO -1/4...1/2
 6199 T:2019  a5 a2                              lda FAC_SIGN                ; TEST SIGN
 6200 T:201b  30 09                              bmi SIN_2                ; -1/4...0
 6201 T:201d                                    ; 0...1/2
 6202 T:201d  a5 16                              lda SIGNFLG                ; SIGNFLG INITIALIZED = 0 IN "TAN"
 6203 T:201f  49 ff                              eor #$ff             ; FUNCTION
 6204 T:2021  85 16                              sta SIGNFLG                ; "TAN" IS ONLY USER OF SIGNFLG TOO
 6205 T:2023                                    ; --------------------------------
 6206 T:2023                                    ; IF FALL THRU, RANGE IS 0...1/2
 6207 T:2023                                    ; IF BRANCH HERE, RANGE IS 0...1/4
 6208 T:2023                                    ; --------------------------------
 6209 T:2023  20 d0 1e                 SIN_1     jsr NEGOP
 6210 T:2026                                    ; --------------------------------
 6211 T:2026                                    ; IF FALL THRU, RANGE IS -1/2...0
 6212 T:2026                                    ; IF BRANCH HERE, RANGE IS -1/4...0
 6213 T:2026                                    ; --------------------------------
 6214 T:2026  a9 70                    SIN_2     lda #<QUARTER           ; ADD 1/4 TO SHIFT RANGE
 6215 T:2028  a0 20                              ldy #>QUARTER              ; TO -1/4...1/4
 6216 T:202a  20 be 17                           jsr FADD             ; 
 6217 T:202d  68                                 pla                    ; GET SAVED SIGN FROM ABOVE
 6218 T:202e  10 03                              bpl L_SIN_2_1                ; 
 6219 T:2030  20 d0 1e                           jsr NEGOP             ; MAKE RANGE 0...1/4
 6220 T:2033  a9 75                    L_SIN_2_1 lda #<POLY_SIN           ; DO STANDARD SIN SERIES
 6221 T:2035  a0 20                              ldy #>POLY_SIN              ; 
 6222 T:2037  4c 5c 1f                           jmp POLYNOMIAL_ODD             ; 
 6223 T:203a                                    ; --------------------------------
 6224 T:203a                                    ; "TAN" FUNCTION
 6225 T:203a                                    ; 
 6226 T:203a                                    ; COMPUTE TAN(X) = SIN(X) / COS(X)
 6227 T:203a                                    ; --------------------------------
 6228 T:203a  20 21 1b                 TAN       jsr STORE_FAC_IN_TEMP1_ROUNDED
 6229 T:203d  a9 00                              lda #0             ; SIGNFLG WILL BE TOGGLED IF 2ND OR 3RD
 6230 T:203f  85 16                              sta SIGNFLG                ; QUADRANT
 6231 T:2041  20 f1 1f                           jsr SIN             ; GET SIN(X)
 6232 T:2044  a2 8a                              ldx #<TEMP3              ; SAVE SIN(X) IN TEMP3
 6233 T:2046  a0 00                              ldy #>TEMP3              ; 
 6234 T:2048  20 e7 1f                           jsr GO_MOVMF             ; <<<FUNNY WAY TO CALL MOVMF! >>>
 6235 T:204b  a9 93                              lda #<TEMP1              ; RETRIEVE X
 6236 T:204d  a0 00                              ldy #>TEMP1              ; 
 6237 T:204f  20 f9 1a                           jsr LOAD_FAC_FROM_YA
 6238 T:2052  a9 00                              lda #0             ; AND COMPUTE COS(X)
 6239 T:2054  85 a2                              sta FAC_SIGN                ; 
 6240 T:2056  a5 16                              lda SIGNFLG                ; 
 6241 T:2058  20 62 20                           jsr TAN_1                ; WEIRD & DANGEROUS WAY TO GET INTO SIN
 6242 T:205b  a9 8a                              lda #<TEMP3              ; NOW FORM SIN/COS
 6243 T:205d  a0 00                              ldy #>TEMP3              ; 
 6244 T:205f  4c 66 1a                           jmp FDIV             ; 
 6245 T:2062                                    ; --------------------------------
 6246 T:2062  48                       TAN_1     pha                 ; SHAME, SHAME!
 6247 T:2063  4c 23 20                           jmp SIN_1
 6248 T:2066                                    ; --------------------------------

 6250 T:2066  81 49 0f da a2           CON_PI_HALF .byt $81,$49,$0f,$da,$a2
 6251 T:206b  83 49 0f da a2           CON_PI_DOUB .byt $83,$49,$0f,$da,$a2
 6252 T:2070  7f 00 00 00 00           QUARTER   .byt $7f,$00,$00,$00,$00
 6253 T:2075                                    ; --------------------------------
 6254 T:2075  05                       POLY_SIN  .byt 5           ; POWER OF POLYNOMIAL
 6255 T:2076  84 e6 1a 2d 1b                     .byt $84,$e6,$1a,$2d,$1b; (2PI)^11/11!
 6256 T:207b  86 28 07 fb f8                     .byt $86,$28,$07,$fb,$f8; (2PI)^9/9!
 6257 T:2080  87 99 68 89 01                     .byt $87,$99,$68,$89,$01; (2PI)^7/7!
 6258 T:2085  87 23 35 df e1                     .byt $87,$23,$35,$df,$e1; (2PI)^5/5!
 6259 T:208a  86 a5 5d e7 28                     .byt $86,$a5,$5d,$e7,$28; (2PI)^3/3!
 6260 T:208f  83 49 0f da a2                     .byt $83,$49,$0f,$da,$a2; 2PI

 6264 T:2094                                    ; --------------------------------
 6265 T:2094                                    ; <<< NEXT TEN BYTES ARE NEVER REFERENCED >>>
 6266 T:2094                                    ; OBFUSCATED "MICROSOFT!" BY BILL GATES
 6267 T:2094                                    ; (REVERSED, HIGH BIT SET, XOR 7)
 6268 T:2094                                    ; --------------------------------

 6273 T:2094  a6                                 .byt ("!"|%10000000)^7
 6274 T:2095  d3                                 .byt ("T"|%10000000)^7
 6275 T:2096  c1                                 .byt ("F"|%10000000)^7
 6276 T:2097  c8                                 .byt ("O"|%10000000)^7
 6277 T:2098  d4                                 .byt ("S"|%10000000)^7
 6278 T:2099  c8                                 .byt ("O"|%10000000)^7
 6279 T:209a  d5                                 .byt ("R"|%10000000)^7
 6280 T:209b  c4                                 .byt ("C"|%10000000)^7
 6281 T:209c  ce                                 .byt ("I"|%10000000)^7
 6282 T:209d  ca                                 .byt ("M"|%10000000)^7

 6289 T:209e                                    ; --------------------------------
 6290 T:209e                                    ; "ATN" FUNCTION
 6291 T:209e                                    ; --------------------------------
 6292 T:209e  a5 a2                    ATN       lda FAC_SIGN             ; FOLD THE ARGUMENT RANGE FIRST
 6293 T:20a0  48                                 pha                    ; SAVE SIGN FOR LATER UNFOLDING
 6294 T:20a1  10 03                              bpl L_ATN_1                ; .GE. 0
 6295 T:20a3  20 d0 1e                           jsr NEGOP             ; .LT. 0, SO COMPLEMENT
 6296 T:20a6  a5 9d                    L_ATN_1   lda FAC             ; IF .GE. 1, FORM RECIPROCAL
 6297 T:20a8  48                                 pha                    ; SAVE FOR LATER UNFOLDING
 6298 T:20a9  c9 81                              cmp #$81             ; (EXPONENT FOR .GE. 1
 6299 T:20ab  90 07                              bcc L_ATN_2                ; X < 1
 6300 T:20ad  a9 13                              lda #<CON_ONE           ; FORM 1/X
 6301 T:20af  a0 19                              ldy #>CON_ONE
 6302 T:20b1  20 66 1a                           jsr FDIV
 6303 T:20b4                                    ; --------------------------------
 6304 T:20b4                                    ; 0 <= X <= 1
 6305 T:20b4                                    ; 0 <= ATN(X) <= PI/8
 6306 T:20b4                                    ; --------------------------------
 6307 T:20b4  a9 ce                    L_ATN_2   lda #<POLY_ATN           ; COMPUTE POLYNOMIAL APPROXIMATION
 6308 T:20b6  a0 20                              ldy #>POLY_ATN
 6309 T:20b8  20 5c 1f                           jsr POLYNOMIAL_ODD
 6310 T:20bb  68                                 pla                    ; START TO UNFOLD
 6311 T:20bc  c9 81                              cmp #$81             ; WAS IT .GE. 1?
 6312 T:20be  90 07                              bcc L_ATN_3                ; NO
 6313 T:20c0  a9 66                              lda #<CON_PI_HALF           ; YES, SUBTRACT FROM PI/2
 6314 T:20c2  a0 20                              ldy #>CON_PI_HALF           ; 
 6315 T:20c4  20 a7 17                           jsr FSUB             ; 
 6316 T:20c7  68                       L_ATN_3   pla                 ; WAS IT NEGATIVE?
 6317 T:20c8  10 03                              bpl RTS_20                ; NO
 6318 T:20ca  4c d0 1e                           jmp NEGOP             ; YES, COMPLEMENT
 6319 T:20cd  60                       RTS_20    rts 
 6320 T:20ce                                    ; --------------------------------
 6321 T:20ce  0b                       POLY_ATN  .byt 11           ; POWER OF POLYNOMIAL
 6322 T:20cf  76 b3 83 bd d3                     .byt $76,$b3,$83,$bd,$d3
 6323 T:20d4  79 1e f4 a6 f5                     .byt $79,$1e,$f4,$a6,$f5
 6324 T:20d9  7b 83 fc b0 10                     .byt $7b,$83,$fc,$b0,$10
 6325 T:20de  7c 0c 1f 67 ca                     .byt $7c,$0c,$1f,$67,$ca
 6326 T:20e3  7c de 53 cb c1                     .byt $7c,$de,$53,$cb,$c1
 6327 T:20e8  7d 14 64 70 4c                     .byt $7d,$14,$64,$70,$4c
 6328 T:20ed  7d b7 ea 51 7a                     .byt $7d,$b7,$ea,$51,$7a
 6329 T:20f2  7d 63 30 88 7e                     .byt $7d,$63,$30,$88,$7e
 6330 T:20f7  7e 92 44 99 3a                     .byt $7e,$92,$44,$99,$3a
 6331 T:20fc  7e 4c cc 91 c7                     .byt $7e,$4c,$cc,$91,$c7
 6332 T:2101  7f aa aa aa 13                     .byt $7f,$aa,$aa,$aa,$13
 6333 T:2106  81 00 00 00 00                     .byt $81,$00,$00,$00,$00
 6334 T:210b                                    ; --------------------------------
 6335 T:210b                                    ; GENERIC COPY OF CHRGET SUBROUTINE, WHICH
 6336 T:210b                                    ; IS COPIED INTO $00B1...$00C8 DURING INITIALIZATION
 6337 T:210b                                    ; 
 6338 T:210b                                    ; CORNELIS BONGERS DESCRIBED SEVERAL IMPROVEMENTS
 6339 T:210b                                    ; TO CHRGET IN MICRO MAGAZINE OR CALL A.P.P.L.E.
 6340 T:210b                                    ; (I DON'T REMEMBER WHICH OR EXACTLY WHEN)
 6341 T:210b                                    ; --------------------------------
 6342 T:210b                           GENERIC_CHRGET 
 6343 T:210b  e6 b8                              inc TXTPTR
 6344 T:210d  d0 02                              bne L_GENERIC_CHRGET_1
 6345 T:210f  e6 b9                              inc TXTPTR+1
 6346 T:2111  ad 60 ea                 L_GENERIC_CHRGET_1 lda $ea60           ; <<< ACTUAL ADDRESS FILLED IN LATER >>>
 6347 T:2114  c9 3a                              cmp #(":"&%01111111)     ; EOS, ALSO TOP OF NUMERIC RANGE
 6348 T:2116  b0 0a                              bcs L_GENERIC_CHRGET_2                ; NOT NUMBER, MIGHT BE EOS
 6349 T:2118  c9 20                              cmp #(" "&%01111111)     ; IGNORE BLANKS
 6350 T:211a  f0 ef                              beq GENERIC_CHRGET
 6351 T:211c  38                                 sec                    ; TEST FOR NUMERIC RANGE IN WAY THAT
 6352 T:211d  e9 30                              sbc #("0"&%01111111)     ; CLEARS CARRY IF CHAR IS DIGIT
 6353 T:211f  38                                 sec                    ; AND LEAVES CHAR IN A-REG
 6354 T:2120  e9 d0                              sbc #$d0
 6355 T:2122  60                       L_GENERIC_CHRGET_2 rts 
 6356 T:2123                                    ; --------------------------------
 6357 T:2123                                    ; INITIAL VALUE FOR RANDOM NUMBER, ALSO COPIED
 6358 T:2123                                    ; IN ALONG WITH CHRGET, BUT ERRONEOUSLY:
 6359 T:2123                                    ; <<< THE LAST BYTE IS NOT COPIED >>>
 6360 T:2123                                    ; --------------------------------

 6362 T:2123  80 4f c7 52 58                     .byt $80,$4f,$c7,$52,$58; APPROX. = L_GENERIC_CHRGET_811635157
 6363 T:2128                           GENERIC_END 
 6364 T:2128                                    ; --------------------------------
 6365 T:2128                           COLD_START 
 6366 T:2128  a2 ff                              ldx #$ff             ; SET DIRECT MODE FLAG
 6367 T:212a  86 76                              stx CURLIN+1          ; 
 6368 T:212c  a2 fb                              ldx #$fb             ; SET STACK POINTER, LEAVING ROOM FOR
 6369 T:212e  9a                                 txs                    ; LINE BUFFER DURING PARSING
 6370 T:212f  a9 28                              lda #<COLD_START           ; SET RESTART TO COLD.START
 6371 T:2131  a0 21                              ldy #>COLD_START           ; UNTIL COLDSTART IS COMPLETED
 6372 T:2133  85 01                              sta GOWARM+1          ; 
 6373 T:2135  84 02                              sty GOWARM+2          ; 
 6374 T:2137  85 04                              sta GOSTROUT+1          ; ALSO SECOND USER VECTOR...
 6375 T:2139  84 05                              sty GOSTROUT+2          ; ..WE SIMPLY MUST FINISH COLD.START!
 6376 T:213b  20 73 22                           jsr NORMAL                ; SET NORMAL DISPLAY MODE
 6377 T:213e  a9 4c                              lda #$4c             ; "JMP" OPCODE FOR 4 VECTORS
 6378 T:2140  85 00                              sta GOWARM                ; WARM START
 6379 T:2142  85 03                              sta GOSTROUT                ; ANYONE EVER USE THIS ONE?
 6380 T:2144  85 90                              sta JMPADRS                ; USED BY FUNCTIONS (JSR JMPADRS)
 6381 T:2146  85 0a                              sta USR                ; "USR" FUNCTION VECTOR
 6382 T:2148  a9 99                              lda #<IQERR           ; POINT "USR" TO ILLEGAL QUANTITY
 6383 T:214a  a0 11                              ldy #>IQERR           ; ERROR, UNTIL USER SETS IT UP
 6384 T:214c  85 0b                              sta USR+1
 6385 T:214e  84 0c                              sty USR+2
 6386 T:2150                                    ; --------------------------------
 6387 T:2150                                    ; MOVE GENERIC CHRGET AND RANDOM SEED INTO PLACE
 6388 T:2150                                    ; 
 6389 T:2150                                    ; <<< NOTE THAT LOOP VALUE IS WRONG!          >>>
 6390 T:2150                                    ; <<< THE LAST BYTE OF THE RANDOM SEED IS NOT >>>
 6391 T:2150                                    ; <<< COPIED INTO PAGE ZERO!                  >>>
 6392 T:2150                                    ; --------------------------------
 6393 T:2150  a2 1c                              ldx #GENERIC_END-GENERIC_CHRGET-1
 6394 T:2152  bd 0a 21                 L_COLD_START_1 lda GENERIC_CHRGET-1,X
 6395 T:2155  95 b0                              sta CHRGET-1,X
 6396 T:2157  86 f1                              stx SPEEDZ                ; ON LAST PASS STORES $01)
 6397 T:2159  ca                                 dex 
 6398 T:215a  d0 f6                              bne L_COLD_START_1
 6399 T:215c                                    ; --------------------------------
 6400 T:215c  86 f2                              stx TRCFLG                ; X=0, TURN OFF TRACING
 6401 T:215e  8a                                 txa                    ; A=0
 6402 T:215f  85 a4                              sta SHIFT_SIGN_EXT
 6403 T:2161  85 54                              sta LASTPT+1
 6404 T:2163  48                                 pha                    ; PUT $00 ON STACK (WHAT FOR?)
 6405 T:2164  a9 03                              lda #3             ; SET LENGTH OF TEMP. STRING DESCRIPTORS
 6406 T:2166  85 8f                              sta DSCLEN                ; FOR GARBAGE COLLECTION SUBROUTINE
 6407 T:2168  20 fb 0a                           jsr CRDO             ; PRINT <RETURN>
 6408 T:216b  a9 01                              lda #1             ; SET UP FAKE FORWARD LINK
 6409 T:216d  8d fd 01                           sta INPUT_BUFFER-3
 6410 T:2170  8d fc 01                           sta INPUT_BUFFER-4
 6411 T:2173  a2 55                              ldx #TEMPST               ; INIT INDEX TO TEMP STRING DESCRIPTORS
 6412 T:2175  86 52                              stx TEMPPT
 6413 T:2177                                    ; --------------------------------
 6414 T:2177                                    ; FIND HIGH END OF RAM
 6415 T:2177                                    ; --------------------------------
 6416 T:2177  a9 00                              lda #<$0800            ; SET UP POINTER TO LOW END OF RAM
 6417 T:2179  a0 08                              ldy #>$0800
 6418 T:217b  85 50                              sta LINNUM
 6419 T:217d  84 51                              sty LINNUM+1
 6420 T:217f  a0 00                              ldy #0
 6421 T:2181  e6 51                    L_COLD_START_2 inc LINNUM+1       ; TEST FIRST BYTE OF EACH PAGE
 6422 T:2183  b1 50                              lda (LINNUM),Y                  ; BY COMPLEMENTING IT AND WATCHING
 6423 T:2185  49 ff                              eor #$ff             ; IT CHANGE THE SAME WAY
 6424 T:2187  91 50                              sta (LINNUM),Y                  ; 
 6425 T:2189  d1 50                              cmp (LINNUM),Y                  ; ROM OR EMPTY SOCKETS WON'T TRACK
 6426 T:218b  d0 08                              bne L_COLD_START_3                ; NOT RAM HERE
 6427 T:218d  49 ff                              eor #$ff             ; RESTORE ORIGINAL VALUE
 6428 T:218f  91 50                              sta (LINNUM),Y                  ; 
 6429 T:2191  d1 50                              cmp (LINNUM),Y                  ; DID IT TRACK AGAIN?
 6430 T:2193  f0 ec                              beq L_COLD_START_2             ; YES, STILL IN RAM
 6431 T:2195  a4 50                    L_COLD_START_3 ldy LINNUM             ; NO, END OF RAM
 6432 T:2197  a5 51                              lda LINNUM+1          ; 
 6433 T:2199  29 f0                              and #$f0             ; FORCE A MULTIPLE OF 4096 BYTES
 6434 T:219b  84 73                              sty MEMSIZ                ; (BAD RAM MAY HAVE YIELDED NON-MULTIPLE)
 6435 T:219d  85 74                              sta MEMSIZ+1          ; 
 6436 T:219f  84 6f                              sty FRETOP                ; SET HIMEM AND BOTTOM OF STRINGS
 6437 T:21a1  85 70                              sta FRETOP+1          ; 
 6438 T:21a3  a2 00                              ldx #<$0800            ; SET PROGRAM POINTER TO $0800
 6439 T:21a5  a0 08                              ldy #>$0800            ; 
 6440 T:21a7  86 67                              stx TXTTAB                ; 
 6441 T:21a9  84 68                              sty TXTTAB+1          ; 
 6442 T:21ab  a0 00                              ldy #0             ; TURN OFF SEMI-SECRET LOCK FLAG
 6443 T:21ad  84 d6                              sty LOCK                ; 
 6444 T:21af  98                                 tya                    ; A=0 TOO
 6445 T:21b0  91 67                              sta (TXTTAB),Y                  ; FIRST BYTE IN PROGRAM SPACE = 0
 6446 T:21b2  e6 67                              inc TXTTAB                ; ADVANCE PAST THE $00
 6447 T:21b4  d0 02                              bne L_COLD_START_4                ; 
 6448 T:21b6  e6 68                              inc TXTTAB+1          ; 
 6449 T:21b8  a5 67                    L_COLD_START_4 lda TXTTAB             ; 
 6450 T:21ba  a4 68                              ldy TXTTAB+1          ; 
 6451 T:21bc  20 e3 03                           jsr REASON             ; SET REST OF POINTERS UP
 6452 T:21bf  20 4b 06                           jsr SCRTCH             ; MORE POINTERS
 6453 T:21c2  a9 3a                              lda #<STROUT           ; PUT CORRECT ADDRESSES IN TWO
 6454 T:21c4  a0 0b                              ldy #>STROUT           ; USER VECTORS
 6455 T:21c6  85 04                              sta GOSTROUT+1
 6456 T:21c8  84 05                              sty GOSTROUT+2
 6457 T:21ca  a9 3c                              lda #<RESTART
 6458 T:21cc  a0 04                              ldy #>RESTART
 6459 T:21ce  85 01                              sta GOWARM+1
 6460 T:21d0  84 02                              sty GOWARM+2
 6461 T:21d2  6c 01 00                           jmp (GOWARM+1)        ; SILLY, WHY NOT JUST "JMP RESTART"
 6462 T:21d5                                    ; --------------------------------
 6463 T:21d5                                    ; --------------------------------
 6464 T:21d5                                    ; "CALL" STATEMENT
 6465 T:21d5                                    ; 
 6466 T:21d5                                    ; EFFECTIVELY PERFORMS A "JSR" TO THE SPECIFIED
 6467 T:21d5                                    ; ADDRESS, WITH THE FOLLOWING REGISTER CONTENTS:
 6468 T:21d5                                    ; (A,Y) = CALL ADDRESS
 6469 T:21d5                                    ; (X)   = $9D
 6470 T:21d5                                    ; 
 6471 T:21d5                                    ; THE CALLED ROUTINE CAN RETURN WITH "RTS",
 6472 T:21d5                                    ; AND APPLESOFT WILL CONTINUE WITH THE NEXT
 6473 T:21d5                                    ; STATEMENT.
 6474 T:21d5                                    ; --------------------------------
 6475 T:21d5  20 67 0d                 CALL      jsr FRMNUM          ; EVALUATE EXPRESSION FOR CALL ADDRESS
 6476 T:21d8  20 52 17                           jsr GETADR             ; CONVERT EXPRESSION TO 16-BIT INTEGER
 6477 T:21db  6c 50 00                           jmp (LINNUM)              ; IN LINNUM, AND JUMP THERE.
 6478 T:21de                                    ; --------------------------------
 6479 T:21de                                    ; "IN#" STATEMENT
 6480 T:21de                                    ; 
 6481 T:21de                                    ; NOTE:  NO CHECK FOR VALID SLOT #, AS LONG
 6482 T:21de                                    ; AS VALUE IS < 256 IT IS ACCEPTED.
 6483 T:21de                                    ; MONITOR MASKS VALUE TO 4 BITS (0-15).
 6484 T:21de                                    ; --------------------------------
 6485 T:21de                           IN_NUMBER 
 6486 T:21de  20 f8 16                           jsr GETBYT             ; GET SLOT NUMBER IN X-REG
 6487 T:21e1  8a                                 txa                    ; MONITOR WILL INSTALL IN VECTOR
 6488 T:21e2  4c 8b fe                           jmp MON_INPORT                ; AT $38,39.
 6489 T:21e5                                    ; --------------------------------
 6490 T:21e5                                    ; "PR#" STATEMENT
 6491 T:21e5                                    ; 
 6492 T:21e5                                    ; NOTE:  NO CHECK FOR VALID SLOT #, AS LONG
 6493 T:21e5                                    ; AS VALUE IS < 256 IT IS ACCEPTED.
 6494 T:21e5                                    ; MONITOR MASKS VALUE TO 4 BITS (0-15).
 6495 T:21e5                                    ; --------------------------------
 6496 T:21e5                           PR_NUMBER 
 6497 T:21e5  20 f8 16                           jsr GETBYT             ; GET SLOT NUMBER IN X-REG
 6498 T:21e8  8a                                 txa                    ; MONITOR WILL INSTALL IN VECTOR
 6499 T:21e9  4c 95 fe                           jmp MON_OUTPORT                ; AT $36,37
 6500 T:21ec                                    ; --------------------------------
 6501 T:21ec                                    ; GET TWO VALUES < 48, WITH COMMA SEPARATOR
 6502 T:21ec                                    ; 
 6503 T:21ec                                    ; CALLED FOR "PLOT X,Y"
 6504 T:21ec                                    ; AND "HLIN A,B AT Y"
 6505 T:21ec                                    ; AND "VLIN A,B AT X"
 6506 T:21ec                                    ; 
 6507 T:21ec                                    ; --------------------------------
 6508 T:21ec                           PLOTFNS   
 6509 T:21ec  20 f8 16                           jsr GETBYT             ; GET FIRST VALUE IN X-REG
 6510 T:21ef  e0 30                              cpx #48             ; MUST BE < 48
 6511 T:21f1  b0 13                              bcs GOERR                ; TOO LARGE
 6512 T:21f3  86 f0                              stx FIRST                ; SAVE FIRST VALUE
 6513 T:21f5  a9 2c                              lda #(","&%01111111)     ; MUST HAVE A COMMA
 6514 T:21f7  20 c0 0e                           jsr SYNCHR             ; 
 6515 T:21fa  20 f8 16                           jsr GETBYT             ; GET SECOND VALUE IN X-REG
 6516 T:21fd  e0 30                              cpx #48             ; MUST BE < 48
 6517 T:21ff  b0 05                              bcs GOERR                ; TOO LARGE
 6518 T:2201  86 2c                              stx MON_H2                ; SAVE SECOND VALUE
 6519 T:2203  86 2d                              stx MON_V2                ; 
 6520 T:2205  60                                 rts                    ; SECOND VALUE STILL IN X-REG
 6521 T:2206                                    ; --------------------------------
 6522 T:2206  4c 99 11                 GOERR     jmp IQERR          ; ILLEGAL QUANTITY ERROR
 6523 T:2209                                    ; --------------------------------
 6524 T:2209                                    ; GET "A,B AT C" VALUES FOR "HLIN" AND "VLIN"
 6525 T:2209                                    ; 
 6526 T:2209                                    ; PUT SMALLER OF (A,B) IN FIRST,
 6527 T:2209                                    ; AND LARGER  OF (A,B) IN H2 AND V2.
 6528 T:2209                                    ; RETURN WITH (X) = C-VALUE.
 6529 T:2209                                    ; --------------------------------
 6530 T:2209                           LINCOOR   
 6531 T:2209  20 ec 21                           jsr PLOTFNS             ; GET A,B VALUES
 6532 T:220c  e4 f0                              cpx FIRST                ; IS A < B?
 6533 T:220e  b0 08                              bcs L_LINCOOR_1                ; YES, IN RIGHT ORDER
 6534 T:2210  a5 f0                              lda FIRST                ; NO, INTERCHANGE THEM
 6535 T:2212  85 2c                              sta MON_H2                ; 
 6536 T:2214  85 2d                              sta MON_V2                ; 
 6537 T:2216  86 f0                              stx FIRST                ; 
 6538 T:2218  a9 c5                    L_LINCOOR_1 lda #TOKENDB            ; MUST HAVE "AT" NEXT
 6539 T:221a  20 c0 0e                           jsr SYNCHR             ; 
 6540 T:221d  20 f8 16                           jsr GETBYT             ; GET C-VALUE IN X-REG
 6541 T:2220  e0 30                              cpx #48             ; MUST BE < 48
 6542 T:2222  b0 e2                              bcs GOERR             ; TOO LARGE
 6543 T:2224  60                                 rts                    ; C-VALUE IN X-REG
 6544 T:2225                                    ; --------------------------------
 6545 T:2225                                    ; "PLOT" STATEMENT
 6546 T:2225                                    ; --------------------------------
 6547 T:2225  20 ec 21                 PLOT      jsr PLOTFNS          ; GET X,Y VALUES
 6548 T:2228  8a                                 txa                    ; Y-COORD TO A-REG FOR MONITOR
 6549 T:2229  a4 f0                              ldy FIRST                ; X-COORD TO Y-YEG FOR MONITOR
 6550 T:222b  c0 28                              cpy #40             ; X-COORD MUST BE < 40
 6551 T:222d  b0 d7                              bcs GOERR             ; X-COORD IS TOO LARGE
 6552 T:222f  4c 00 f8                           jmp MON_PLOT                ; PLOT!
 6553 T:2232                                    ; --------------------------------
 6554 T:2232                                    ; "HLIN" STATEMENT
 6555 T:2232                                    ; --------------------------------
 6556 T:2232  20 09 22                 HLIN      jsr LINCOOR          ; GET "A,B AT C"
 6557 T:2235  8a                                 txa                    ; Y-COORD IN A-REG
 6558 T:2236  a4 2c                              ldy MON_H2                ; RIGHT END OF LINE
 6559 T:2238  c0 28                              cpy #40             ; MUST BE < 40
 6560 T:223a  b0 ca                              bcs GOERR             ; TOO LARGE
 6561 T:223c  a4 f0                              ldy FIRST                ; LEFT END OF LINE IN Y-REG
 6562 T:223e  4c 19 f8                           jmp MON_HLINE                ; LET MONITOR DRAW LINE
 6563 T:2241                                    ; --------------------------------
 6564 T:2241                                    ; "VLIN" STATEMENT
 6565 T:2241                                    ; --------------------------------
 6566 T:2241  20 09 22                 VLIN      jsr LINCOOR          ; GET "A,B AT C"
 6567 T:2244  8a                                 txa                    ; X-COORD IN Y-REG
 6568 T:2245  a8                                 tay                    ; 
 6569 T:2246  c0 28                              cpy #40             ; X-COORD MUST BE < 40
 6570 T:2248  b0 bc                              bcs GOERR             ; TOO LARGE
 6571 T:224a  a5 f0                              lda FIRST                ; TOP END OF LINE IN A-REG
 6572 T:224c  4c 28 f8                           jmp MON_VLINE                ; LET MONITOR DRAW LINE
 6573 T:224f                                    ; --------------------------------
 6574 T:224f                                    ; "COLOR=" STATEMENT
 6575 T:224f                                    ; --------------------------------
 6576 T:224f  20 f8 16                 COLOR     jsr GETBYT          ; GET COLOR VALUE IN X-REG
 6577 T:2252  8a                                 txa                    ; 
 6578 T:2253  4c 64 f8                           jmp MON_SETCOL                ; LET MONITOR STORE COLOR
 6579 T:2256                                    ; --------------------------------
 6580 T:2256                                    ; "VTAB" STATEMENT
 6581 T:2256                                    ; --------------------------------
 6582 T:2256  20 f8 16                 VTAB      jsr GETBYT          ; GET LINE # IN X-REG
 6583 T:2259  ca                                 dex                    ; CONVERT TO ZERO BASE
 6584 T:225a  8a                                 txa                    ; 
 6585 T:225b  c9 18                              cmp #24             ; MUST BE 0-23
 6586 T:225d  b0 a7                              bcs GOERR             ; TOO LARGE, OR WAS "VTAB 0"
 6587 T:225f  4c 5b fb                           jmp MON_TABV                ; LET MONITOR COMPUTE BASE
 6588 T:2262                                    ; --------------------------------
 6589 T:2262                                    ; "SPEED=" STATEMENT
 6590 T:2262                                    ; --------------------------------
 6591 T:2262  20 f8 16                 SPEED     jsr GETBYT          ; GET SPEED SETTING IN X-REG
 6592 T:2265  8a                                 txa                    ; SPEEDZ = $100-SPEED
 6593 T:2266  49 ff                              eor #$ff             ; SO "SPEED=255" IS FASTEST
 6594 T:2268  aa                                 tax                    ; 
 6595 T:2269  e8                                 inx                    ; 
 6596 T:226a  86 f1                              stx SPEEDZ                ; 
 6597 T:226c  60                                 rts                    ; 
 6598 T:226d                                    ; --------------------------------
 6599 T:226d                                    ; "TRACE" STATEMENT
 6600 T:226d                                    ; SET SIGN BIT IN TRCFLG
 6601 T:226d                                    ; --------------------------------
 6602 T:226d  38                       TRACE     sec                 ; 
 6603 T:226e  90                                 .byt $90              ; FAKE BCC TO SKIP NEXT OPCODE
 6604 T:226f                                    ; --------------------------------
 6605 T:226f                                    ; "NOTRACE" STATEMENT
 6606 T:226f                                    ; CLEAR SIGN BIT IN TRCFLG
 6607 T:226f                                    ; --------------------------------
 6608 T:226f                           NOTRACE                    ; 
 6609 T:226f  18                                 clc                    ; 
 6610 T:2270  66 f2                              ror TRCFLG                ; SHIFT CARRY INTO TRCFLG
 6611 T:2272  60                                 rts                    ; 
 6612 T:2273                                    ; --------------------------------
 6613 T:2273                                    ; "NORMAL" STATEMENT
 6614 T:2273                                    ; --------------------------------
 6615 T:2273  a9 ff                    NORMAL    lda #$ff          ; SET INVFLG = $FF
 6616 T:2275  d0 02                              bne N_I_                ; AND FLASH.BIT = $00
 6617 T:2277                                    ; --------------------------------
 6618 T:2277                                    ; "INVERSE" STATEMENT
 6619 T:2277                                    ; --------------------------------
 6620 T:2277                           INVERSE                    ; 
 6621 T:2277  a9 3f                              lda #$3f             ; SET INVFLG = $3F
 6622 T:2279  a2 00                    N_I_      ldx #0          ; AND FLASH.BIT = $00
 6623 T:227b  85 32                    N_I_F_    sta MON_INVFLG
 6624 T:227d  86 f3                              stx FLASH_BIT
 6625 T:227f  60                                 rts 
 6626 T:2280                                    ; --------------------------------
 6627 T:2280                                    ; "FLASH" STATEMENT
 6628 T:2280                                    ; --------------------------------
 6629 T:2280  a9 7f                    FLASH     lda #$7f          ; SET INVFLG = $7F
 6630 T:2282  a2 40                              ldx #$40             ; AND FLASH.BIT = $40
 6631 T:2284  d0 f5                              bne N_I_F_             ; ...ALWAYS
 6632 T:2286                                    ; --------------------------------
 6633 T:2286                                    ; "HIMEM:" STATEMENT
 6634 T:2286                                    ; --------------------------------
 6635 T:2286  20 67 0d                 HIMEM     jsr FRMNUM          ; GET VALUE SPECIFIED FOR HIMEM
 6636 T:2289  20 52 17                           jsr GETADR             ; AS 16-BIT INTEGER
 6637 T:228c  a5 50                              lda LINNUM                ; MUST BE ABOVE VARIABLES AND ARRAYS
 6638 T:228e  c5 6d                              cmp STREND                ; 
 6639 T:2290  a5 51                              lda LINNUM+1          ; 
 6640 T:2292  e5 6e                              sbc STREND+1          ; 
 6641 T:2294  b0 03                              bcs SETHI                ; IT IS ABOVE THEM
 6642 T:2296  4c 10 04                 JMM       jmp MEMERR          ; NOT ENOUGH MEMORY
 6643 T:2299  a5 50                    SETHI     lda LINNUM             ; STORE NEW HIMEM: VALUE
 6644 T:229b  85 73                              sta MEMSIZ                ; 
 6645 T:229d  85 6f                              sta FRETOP                ; <<<NOTE THAT "HIMEM:" DOES NOT>>>
 6646 T:229f  a5 51                              lda LINNUM+1          ; <<<CLEAR STRING VARIABLES.    >>>
 6647 T:22a1  85 74                              sta MEMSIZ+1          ; <<<THIS COULD BE DISASTROUS.  >>>
 6648 T:22a3  85 70                              sta FRETOP+1          ; 
 6649 T:22a5  60                                 rts                    ; 
 6650 T:22a6                                    ; --------------------------------
 6651 T:22a6                                    ; "LOMEM:" STATEMENT
 6652 T:22a6                                    ; --------------------------------
 6653 T:22a6  20 67 0d                 LOMEM     jsr FRMNUM          ; GET VALUE SPECIFIED FOR LOMEM
 6654 T:22a9  20 52 17                           jsr GETADR             ; AS 16-BIT INTEGER IN LINNUM
 6655 T:22ac  a5 50                              lda LINNUM                ; MUST BE BELOW HIMEM
 6656 T:22ae  c5 73                              cmp MEMSIZ                ; 
 6657 T:22b0  a5 51                              lda LINNUM+1          ; 
 6658 T:22b2  e5 74                              sbc MEMSIZ+1          ; 
 6659 T:22b4  b0 e0                              bcs JMM             ; ABOVE HIMEM, MEMORY ERROR
 6660 T:22b6  a5 50                              lda LINNUM                ; MUST BE ABOVE PROGRAM
 6661 T:22b8  c5 69                              cmp VARTAB                ; 
 6662 T:22ba  a5 51                              lda LINNUM+1          ; 
 6663 T:22bc  e5 6a                              sbc VARTAB+1          ; 
 6664 T:22be  90 d6                              bcc JMM             ; NOT ABOVE PROGRAM, ERROR
 6665 T:22c0  a5 50                              lda LINNUM                ; STORE NEW LOMEM VALUE
 6666 T:22c2  85 69                              sta VARTAB                ; 
 6667 T:22c4  a5 51                              lda LINNUM+1          ; 
 6668 T:22c6  85 6a                              sta VARTAB+1          ; 
 6669 T:22c8  4c 6c 06                           jmp CLEARC             ; LOMEM CLEARS VARIABLES AND ARRAYS
 6670 T:22cb                                    ; --------------------------------
 6671 T:22cb                                    ; "ON ERR GO TO" STATEMENT
 6672 T:22cb                                    ; --------------------------------
 6673 T:22cb  a9 ab                    ONERR     lda #TOKEN_GOTO            ; MUST BE "GOTO" NEXT
 6674 T:22cd  20 c0 0e                           jsr SYNCHR
 6675 T:22d0  a5 b8                              lda TXTPTR                ; SAVE TXTPTR FOR HANDLERR
 6676 T:22d2  85 f4                              sta TXTPSV                ; 
 6677 T:22d4  a5 b9                              lda TXTPTR+1          ; 
 6678 T:22d6  85 f5                              sta TXTPSV+1          ; 
 6679 T:22d8  38                                 sec                    ; SET SIGN BIT OF ERRFLG
 6680 T:22d9  66 d8                              ror ERRFLG                ; 
 6681 T:22db  a5 75                              lda CURLIN                ; SAVE LINE # OF CURRENT LINE
 6682 T:22dd  85 f6                              sta CURLSV                ; 
 6683 T:22df  a5 76                              lda CURLIN+1          ; 
 6684 T:22e1  85 f7                              sta CURLSV+1          ; 
 6685 T:22e3  20 a6 09                           jsr REMN             ; IGNORE REST OF LINE <<<WHY?>>>
 6686 T:22e6  4c 98 09                           jmp ADDON             ; CONTINUE PROGRAM
 6687 T:22e9                                    ; --------------------------------
 6688 T:22e9                                    ; ROUTINE TO HANDLE ERRORS IF ONERR GOTO ACTIVE
 6689 T:22e9                                    ; --------------------------------
 6690 T:22e9                           HANDLERR                   ; 
 6691 T:22e9  86 de                              stx ERRNUM                ; SAVE ERROR CODE NUMBER
 6692 T:22eb  a6 f8                              ldx REMSTK                ; GET STACK PNTR SAVED AT NEWSTT
 6693 T:22ed  86 df                              stx ERRSTK                ; REMEMBER IT
 6694 T:22ef                                    ; <<<COULD ALSO HAVE DONE TXS  >>>
 6695 T:22ef                                    ; <<<HERE; SEE ONERR CORRECTION>>>
 6696 T:22ef                                    ; <<<IN APPLESOFT MANUAL.      >>>
 6697 T:22ef  a5 75                              lda CURLIN                ; GET LINE # OF OFFENDING STATEMENT
 6698 T:22f1  85 da                              sta ERRLIN                ; SO USER CAN SEE IT IF DESIRED
 6699 T:22f3  a5 76                              lda CURLIN+1          ; 
 6700 T:22f5  85 db                              sta ERRLIN+1          ; 
 6701 T:22f7  a5 79                              lda OLDTEXT                ; ALSO THE POSITION IN THE LINE
 6702 T:22f9  85 dc                              sta ERRPOS                ; IN CASE USER WANTS TO "RESUME"
 6703 T:22fb  a5 7a                              lda OLDTEXT+1          ; 
 6704 T:22fd  85 dd                              sta ERRPOS+1          ; 
 6705 T:22ff  a5 f4                              lda TXTPSV                ; SET UP TXTPTR TO READ TARGET LINE #
 6706 T:2301  85 b8                              sta TXTPTR                ; IN "ON ERR GO TO XXXX"
 6707 T:2303  a5 f5                              lda TXTPSV+1          ; 
 6708 T:2305  85 b9                              sta TXTPTR+1          ; 
 6709 T:2307  a5 f6                              lda CURLSV                ; 
 6710 T:2309  85 75                              sta CURLIN                ; LINE # OF "ON ERR" STATEMENT
 6711 T:230b  a5 f7                              lda CURLSV+1          ; 
 6712 T:230d  85 76                              sta CURLIN+1          ; 
 6713 T:230f  20 b7 00                           jsr CHRGOT                ; START CONVERSION
 6714 T:2312  20 3e 09                           jsr GOTO             ; GOTO SPECIFIED ONERR LINE
 6715 T:2315  4c d2 07                           jmp NEWSTT             ; 
 6716 T:2318                                    ; --------------------------------
 6717 T:2318                                    ; "RESUME" STATEMENT
 6718 T:2318                                    ; --------------------------------
 6719 T:2318  a5 da                    RESUME    lda ERRLIN             ; RESTORE LINE # AND TXTPTR
 6720 T:231a  85 75                              sta CURLIN                ; TO RE-TRY OFFENDING LINE
 6721 T:231c  a5 db                              lda ERRLIN+1          ; 
 6722 T:231e  85 76                              sta CURLIN+1          ; 
 6723 T:2320  a5 dc                              lda ERRPOS                ; 
 6724 T:2322  85 b8                              sta TXTPTR                ; 
 6725 T:2324  a5 dd                              lda ERRPOS+1          ; 
 6726 T:2326  85 b9                              sta TXTPTR+1          ; 
 6727 T:2328                                    ; <<< ONERR CORRECTION IN MANUAL IS EASILY >>>
 6728 T:2328                                    ; <<< BY "CALL -3288", WHICH IS $F328 HERE >>>
 6729 T:2328  a6 df                              ldx ERRSTK                ; RETRIEVE STACK PNTR AS IT WAS
 6730 T:232a  9a                                 txs                    ; BEFORE STATEMENT SCANNED
 6731 T:232b  4c d2 07                           jmp NEWSTT             ; DO STATEMENT AGAIN
 6732 T:232e                                    ; --------------------------------
 6733 T:232e  4c c9 0e                 JSYN      jmp SYNERR          ; 
 6734 T:2331                                    ; --------------------------------
 6735 T:2331                                    ; "DEL" STATEMENT
 6736 T:2331                                    ; --------------------------------
 6737 T:2331  b0 fb                    DEL       bcs JSYN          ; ERROR IF # NOT SPECIFIED
 6738 T:2333  a6 af                              ldx PRGEND                ; 
 6739 T:2335  86 69                              stx VARTAB                ; 
 6740 T:2337  a6 b0                              ldx PRGEND+1          ; 
 6741 T:2339  86 6a                              stx VARTAB+1          ; 
 6742 T:233b  20 0c 0a                           jsr LINGET             ; GET BEGINNING OF RANGE
 6743 T:233e  20 1a 06                           jsr FNDLIN             ; FIND THIS LINE OR NEXT
 6744 T:2341  a5 9b                              lda LOWTR                ; UPPER PORTION OF PROGRAM WILL
 6745 T:2343  85 60                              sta DEST                ; BE MOVED DOWN TO HERE
 6746 T:2345  a5 9c                              lda LOWTR+1          ; 
 6747 T:2347  85 61                              sta DEST+1          ; 
 6748 T:2349  a9 2c                              lda #(","&%01111111)     ; MUST HAVE A COMMA NEXT
 6749 T:234b  20 c0 0e                           jsr SYNCHR             ; 
 6750 T:234e  20 0c 0a                           jsr LINGET             ; GET END RANGE
 6751 T:2351                                    ; (DOES NOTHING IF END RANGE
 6752 T:2351                                    ; IS NOT SPECIFIED)
 6753 T:2351  e6 50                              inc LINNUM                ; POINT ONE PAST IT
 6754 T:2353  d0 02                              bne L_DEL_1                ; 
 6755 T:2355  e6 51                              inc LINNUM+1          ; 
 6756 T:2357  20 1a 06                 L_DEL_1   jsr FNDLIN          ; FIND START LINE AFTER SPECIFIED LINE
 6757 T:235a  a5 9b                              lda LOWTR                ; WHICH IS BEGINNING OF PORTION
 6758 T:235c  c5 60                              cmp DEST                ; TO BE MOVED DOWN
 6759 T:235e  a5 9c                              lda LOWTR+1          ; IT MUST BE ABOVE THE TARGET
 6760 T:2360  e5 61                              sbc DEST+1          ; 
 6761 T:2362  b0 01                              bcs L_DEL_2                ; IT IS OKAY
 6762 T:2364  60                                 rts                    ; NOTHING TO DELETE
 6763 T:2365  a0 00                    L_DEL_2   ldy #0          ; MOVE UPPER PORTION DOWN NOW
 6764 T:2367  b1 9b                    L_DEL_3   lda (LOWTR),Y                   ; SOURCE . . .
 6765 T:2369  91 60                              sta (DEST),Y                    ; ...TO DESTINATION
 6766 T:236b  e6 9b                              inc LOWTR                ; BUMP SOURCE PNTR
 6767 T:236d  d0 02                              bne L_DEL_4                ; 
 6768 T:236f  e6 9c                              inc LOWTR+1          ; 
 6769 T:2371  e6 60                    L_DEL_4   inc DEST             ; BUMP DESTINATION PNTR
 6770 T:2373  d0 02                              bne L_DEL_5                ; 
 6771 T:2375  e6 61                              inc DEST+1          ; 
 6772 T:2377  a5 69                    L_DEL_5   lda VARTAB             ; REACHED END OF PROGRAM YET?
 6773 T:2379  c5 9b                              cmp LOWTR                ; 
 6774 T:237b  a5 6a                              lda VARTAB+1          ; 
 6775 T:237d  e5 9c                              sbc LOWTR+1          ; 
 6776 T:237f  b0 e6                              bcs L_DEL_3             ; NO, KEEP MOVING
 6777 T:2381  a6 61                              ldx DEST+1          ; STORE NEW END OF PROGRAM
 6778 T:2383  a4 60                              ldy DEST                ; MUST SUBTRACT 1 FIRST
 6779 T:2385  d0 01                              bne L_DEL_6                ; 
 6780 T:2387  ca                                 dex                    ; 
 6781 T:2388  88                       L_DEL_6   dey                 ; 
 6782 T:2389  86 6a                              stx VARTAB+1          ; 
 6783 T:238b  84 69                              sty VARTAB                ; 
 6784 T:238d  4c f2 04                           jmp FIX_LINKS             ; RESET LINKS AFTER A DELETE
 6785 T:2390                                    ; --------------------------------
 6786 T:2390                                    ; "GR" STATEMENT
 6787 T:2390                                    ; --------------------------------
 6788 T:2390  ad 56 c0                 GR        lda SW_LORES
 6789 T:2393  ad 53 c0                           lda SW_MIXSET
 6790 T:2396  4c 40 fb                           jmp MON_SETGR
 6791 T:2399                                    ; --------------------------------
 6792 T:2399                                    ; "TEXT" STATEMENT
 6793 T:2399                                    ; --------------------------------
 6794 T:2399  ad 54 c0                 TEXT      lda SW_LOWSCR             ; JMP $FB36 WOULD HAVE
 6795 T:239c  4c 39 fb                           jmp MON_SETTXT                ; DONE BOTH OF THESE
 6796 T:239f                                    ; <<<       BETTER CODE WOULD BE:   >>>
 6797 T:239f                                    ; <<<  LDA SW.MIXSET                >>>
 6798 T:239f                                    ; <<<  JMP $FB33                    >>>
 6799 T:239f                                    ; --------------------------------
 6800 T:239f                                    ; "STORE" STATEMENT
 6801 T:239f                                    ; --------------------------------
 6802 T:239f  20 d9 27                 STORE     jsr GETARYPT             ; GET ADDRESS OF ARRAY TO BE SAVED
 6803 T:23a2  a0 03                              ldy #3             ; FORWARD OFFSET - 1 IS SIZE OF
 6804 T:23a4  b1 9b                              lda (LOWTR),Y                   ; THIS ARRAY
 6805 T:23a6  aa                                 tax 
 6806 T:23a7  88                                 dey 
 6807 T:23a8  b1 9b                              lda (LOWTR),Y
 6808 T:23aa  e9 01                              sbc #1
 6809 T:23ac  b0 01                              bcs L_STORE_1
 6810 T:23ae  ca                                 dex 
 6811 T:23af  85 50                    L_STORE_1 sta LINNUM
 6812 T:23b1  86 51                              stx LINNUM+1
 6813 T:23b3  20 cd fe                           jsr MON_WRITE
 6814 T:23b6  20 bc 27                           jsr TAPEPNT
 6815 T:23b9  4c cd fe                           jmp MON_WRITE
 6816 T:23bc                                    ; --------------------------------
 6817 T:23bc                                    ; "RECALL" STATEMENT
 6818 T:23bc                                    ; --------------------------------
 6819 T:23bc  20 d9 27                 RECALL    jsr GETARYPT             ; FIND ARRAY IN MEMORY
 6820 T:23bf  20 fd fe                           jsr MON_READ                ; READ HEADER
 6821 T:23c2  a0 02                              ldy #2             ; MAKE SURE THE NEW DATA FITS
 6822 T:23c4  b1 9b                              lda (LOWTR),Y                   ; 
 6823 T:23c6  c5 50                              cmp LINNUM                ; 
 6824 T:23c8  c8                                 iny                    ; 
 6825 T:23c9  b1 9b                              lda (LOWTR),Y                   ; 
 6826 T:23cb  e5 51                              sbc LINNUM+1          ; 
 6827 T:23cd  b0 03                              bcs L_RECALL_1                ; IT FITS
 6828 T:23cf  4c 10 04                           jmp MEMERR             ; DOESN'T FIT
 6829 T:23d2  20 bc 27                 L_RECALL_1 jsr TAPEPNT             ; READ THE DATA
 6830 T:23d5  4c fd fe                           jmp MON_READ                ; 
 6831 T:23d8                                    ; --------------------------------
 6832 T:23d8                                    ; "HGR" AND "HGR2" STATEMENTS
 6833 T:23d8                                    ; --------------------------------
 6834 T:23d8  2c 55 c0                 HGR2      bit SW_HISCR             ; SELECT PAGE 2 ($4000-5FFF)
 6835 T:23db  2c 52 c0                           bit SW_MIXCLR                ; DEFAULT TO FULL SCREEN
 6836 T:23de  a9 40                              lda #>$4000            ; SET STARTING PAGE FOR HIRES
 6837 T:23e0  d0 08                              bne SETHPG                ; ...ALWAYS
 6838 T:23e2  a9 20                    HGR       lda #>$2000         ; SET STARTING PAGE FOR HIRES
 6839 T:23e4  2c 54 c0                           bit SW_LOWSCR                ; SELECT PAGE 1 ($2000-3FFF)
 6840 T:23e7  2c 53 c0                           bit SW_MIXSET                ; DEFAULT TO MIXED SCREEN
 6841 T:23ea  85 e6                    SETHPG    sta HGR_PAGE             ; BASE PAGE OF HIRES BUFFER
 6842 T:23ec  ad 57 c0                           lda SW_HIRES                ; TURN ON HIRES
 6843 T:23ef  ad 50 c0                           lda SW_TXTCLR                ; TURN ON GRAPHICS
 6844 T:23f2                                    ; --------------------------------
 6845 T:23f2                                    ; CLEAR SCREEN
 6846 T:23f2                                    ; --------------------------------
 6847 T:23f2  a9 00                    HCLR      lda #0          ; SET FOR BLACK BACKGROUND
 6848 T:23f4  85 1c                              sta HGR_BITS
 6849 T:23f6                                    ; --------------------------------
 6850 T:23f6                                    ; FILL SCREEN WITH (HGR.BITS)
 6851 T:23f6                                    ; --------------------------------
 6852 T:23f6  a5 e6                    BKGND     lda HGR_PAGE             ; PUT BUFFER ADDRESS IN HGR.SHAPE
 6853 T:23f8  85 1b                              sta HGR_SHAPE+1
 6854 T:23fa  a0 00                              ldy #0
 6855 T:23fc  84 1a                              sty HGR_SHAPE
 6856 T:23fe  a5 1c                    L_BKGND_1 lda HGR_BITS             ; COLOR BYTE
 6857 T:2400  91 1a                              sta (HGR_SHAPE),Y               ; CLEAR HIRES TO HGR.BITS
 6858 T:2402  20 7e 24                           jsr COLOR_SHIFT                ; CORRECT FOR COLOR SHIFT
 6859 T:2405  c8                                 iny                    ; (SLOWS CLEAR BY FACTOR OF 2)
 6860 T:2406  d0 f6                              bne L_BKGND_1
 6861 T:2408  e6 1b                              inc HGR_SHAPE+1
 6862 T:240a  a5 1b                              lda HGR_SHAPE+1
 6863 T:240c  29 1f                              and #$1f             ; DONE?  ($40 OR$60)
 6864 T:240e  d0 ee                              bne L_BKGND_1             ; NO
 6865 T:2410  60                                 rts                    ; YES, RETURN
 6866 T:2411                                    ; --------------------------------
 6867 T:2411                                    ; SET THE HIRES CURSOR POSITION
 6868 T:2411                                    ; 
 6869 T:2411                                    ; (Y,X) = HORIZONTAL COORDINATE  (0-279)
 6870 T:2411                                    ; (A)   = VERTICAL COORDINATE    (0-191)
 6871 T:2411                                    ; --------------------------------
 6872 T:2411  85 e2                    HPOSN     sta HGR_Y             ; SAVE Y- AND X-POSITIONS
 6873 T:2413  86 e0                              stx HGR_X                ; 
 6874 T:2415  84 e1                              sty HGR_X+1          ; 
 6875 T:2417  48                                 pha                    ; Y-POS ALSO ON STACK
 6876 T:2418  29 c0                              and #$c0             ; CALCULATE BASE ADDRESS FOR Y-POS
 6877 T:241a  85 26                              sta MON_GBASL                ; FOR Y=ABCDEFGH
 6878 T:241c  4a                                 lsr                    ; GBASL=ABAB0000
 6879 T:241d  4a                                 lsr                    ; 
 6880 T:241e  05 26                              ora MON_GBASL                ; 
 6881 T:2420  85 26                              sta MON_GBASL                ; 
 6882 T:2422  68                                 pla                    ; (A)      (GBASH)   (GBASL)
 6883 T:2423  85 27                              sta MON_GBASH                ; ?-ABCDEFGH  ABCDEFGH  ABAB0000
 6884 T:2425  0a                                 asl                    ; A-BCDEFGH0  ABCDEFGH  ABAB0000
 6885 T:2426  0a                                 asl                    ; B-CDEFGH00  ABCDEFGH  ABAB0000
 6886 T:2427  0a                                 asl                    ; C-DEFGH000  ABCDEFGH  ABAB0000
 6887 T:2428  26 27                              rol MON_GBASH                ; A-DEFGH000  BCDEFGHC  ABAB0000
 6888 T:242a  0a                                 asl                    ; D-EFGH0000  BCDEFGHC  ABAB0000
 6889 T:242b  26 27                              rol MON_GBASH                ; B-EFGH0000  CDEFGHCD  ABAB0000
 6890 T:242d  0a                                 asl                    ; E-FGH00000  CDEFGHCD  ABAB0000
 6891 T:242e  66 26                              ror MON_GBASL                ; 0-FGH00000  CDEFGHCD  EABAB000
 6892 T:2430  a5 27                              lda MON_GBASH                ; 0-CDEFGHCD  CDEFGHCD  EABAB000
 6893 T:2432  29 1f                              and #$1f             ; 0-000FGHCD  CDEFGHCD  EABAB000
 6894 T:2434  05 e6                              ora HGR_PAGE                ; 0-PPPFGHCD  CDEFGHCD  EABAB000
 6895 T:2436  85 27                              sta MON_GBASH                ; 0-PPPFGHCD  PPPFGHCD  EABAB000
 6896 T:2438  8a                                 txa                    ; DIVIDE X-POS BY 7 FOR INDEX FROM BASE
 6897 T:2439  c0 00                              cpy #0             ; IS X-POS < 256?
 6898 T:243b  f0 05                              beq L_HPOSN_2                ; YES
 6899 T:243d  a0 23                              ldy #35             ; NO: 256/7 = 36 REM 4
 6900 T:243f                                    ; CARRY=1, SO ADC #4 IS TOO LARGE;
 6901 T:243f                                    ; HOWEVER, ADC #4 CLEARS CARRY
 6902 T:243f                                    ; WHICH MAKES SBC #7 ONLY -6
 6903 T:243f                                    ; BALANCING IT OUT.
 6904 T:243f  69 04                              adc #4             ; FOLLOWING INY MAKES Y=36
 6905 T:2441  c8                       L_HPOSN_1 iny 
 6906 T:2442  e9 07                    L_HPOSN_2 sbc #7
 6907 T:2444  b0 fb                              bcs L_HPOSN_1
 6908 T:2446  84 e5                              sty HGR_HORIZ                ; HORIZONTAL INDEX
 6909 T:2448  aa                                 tax                    ; USE REMAINDER-7 TO LOOK UP THE
 6910 T:2449  bd b9 24                           lda MSKTBL-$0100+7,X             ; BIT MASK
 6911 T:244c  85 30                              sta MON_HMASK
 6912 T:244e  98                                 tya                    ; QUOTIENT GIVES BYTE INDEX
 6913 T:244f  4a                                 lsr                    ; ODD OR EVEN COLUMN?
 6914 T:2450  a5 e4                              lda HGR_COLOR                ; IF ON ODD BYTE (CARRY SET)
 6915 T:2452  85 1c                              sta HGR_BITS                ; THEN ROTATE BITS
 6916 T:2454  b0 28                              bcs COLOR_SHIFT                ; ODD COLUMN
 6917 T:2456  60                                 rts                    ; EVEN COLUMN
 6918 T:2457                                    ; --------------------------------
 6919 T:2457                                    ; PLOT A DOT
 6920 T:2457                                    ; 
 6921 T:2457                                    ; (Y,X) = HORIZONTAL POSITION
 6922 T:2457                                    ; (A)   = VERTICAL POSITION
 6923 T:2457                                    ; --------------------------------
 6924 T:2457  20 11 24                 HPLOT0    jsr HPOSN
 6925 T:245a  a5 1c                              lda HGR_BITS                ; CALCULATE BIT POSN IN GBAS,
 6926 T:245c  51 26                              eor (MON_GBASL),Y               ; HGR.HORIZ, AND HMASK FROM
 6927 T:245e  25 30                              and MON_HMASK                ; Y-COOR IN A-REG,
 6928 T:2460  51 26                              eor (MON_GBASL),Y               ; X-COOR IN X,Y REGS.
 6929 T:2462  91 26                              sta (MON_GBASL),Y               ; FOR ANY 1-BITS, SUBSTITUTE
 6930 T:2464  60                                 rts                    ; CORRESPONDING BIT OF HGR.BITS
 6931 T:2465                                    ; --------------------------------
 6932 T:2465                                    ; MOVE LEFT OR RIGHT ONE PIXEL
 6933 T:2465                                    ; 
 6934 T:2465                                    ; IF STATUS IS +, MOVE RIGHT; IF -, MOVE LEFT
 6935 T:2465                                    ; IF ALREADY AT LEFT OR RIGHT EDGE, WRAP AROUND
 6936 T:2465                                    ; 
 6937 T:2465                                    ; REMEMBER BITS IN HI-RES BYTE ARE BACKWARDS ORDER:
 6938 T:2465                                    ; BYTE N   BYTE N+1
 6939 T:2465                                    ; S7654321   SEDCBA98
 6940 T:2465                                    ; --------------------------------
 6941 T:2465                           MOVE_LEFT_OR_RIGHT 
 6942 T:2465  10 23                              bpl MOVE_RIGHT                ; + MOVE RIGHT, - MOVE LEFT
 6943 T:2467  a5 30                              lda MON_HMASK                ; MOVE LEFT ONE PIXEL
 6944 T:2469  4a                                 lsr                    ; SHIFT MASK RIGHT, MOVES DOT LEFT
 6945 T:246a  b0 05                              bcs LR_2                ; ...DOT MOVED TO NEXT BYTE
 6946 T:246c  49 c0                              eor #$c0             ; MOVE SIGN BIT BACK WHERE IT WAS
 6947 T:246e  85 30                    LR_1      sta MON_HMASK             ; NEW MASK VALUE
 6948 T:2470  60                                 rts                    ; 
 6949 T:2471  88                       LR_2      dey                 ; MOVED TO NEXT BYTE, SO DECR INDEX
 6950 T:2472  10 02                              bpl LR_3                ; STILL NOT PAST EDGE
 6951 T:2474  a0 27                              ldy #39             ; OFF LEFT EDGE, SO WRAP AROUND SCREEN
 6952 T:2476  a9 c0                    LR_3      lda #$c0          ; NEW HMASK, RIGHTMOST BIT ON SCREEN
 6953 T:2478  85 30                    LR_4      sta MON_HMASK             ; NEW MASK AND INDEX
 6954 T:247a  84 e5                              sty HGR_HORIZ                ; 
 6955 T:247c  a5 1c                              lda HGR_BITS                ; ALSO NEED TO ROTATE COLOR
 6956 T:247e                                    ; --------------------------------
 6957 T:247e                           COLOR_SHIFT 
 6958 T:247e  0a                                 asl                    ; ROTATE LOW-ORDER 7 BITS
 6959 T:247f  c9 c0                              cmp #$c0             ; OF HGR.BITS ONE BIT POSN.
 6960 T:2481  10 06                              bpl L_COLOR_SHIFT_1
 6961 T:2483  a5 1c                              lda HGR_BITS
 6962 T:2485  49 7f                              eor #$7f
 6963 T:2487  85 1c                              sta HGR_BITS
 6964 T:2489  60                       L_COLOR_SHIFT_1 rts 
 6965 T:248a                                    ; --------------------------------
 6966 T:248a                                    ; MOVE RIGHT ONE PIXEL
 6967 T:248a                                    ; IF ALREADY AT RIGHT EDGE, WRAP AROUND
 6968 T:248a                                    ; --------------------------------
 6969 T:248a                           MOVE_RIGHT 
 6970 T:248a  a5 30                              lda MON_HMASK
 6971 T:248c  0a                                 asl                    ; SHIFTING BYTE LEFT MOVES PIXEL RIGHT
 6972 T:248d  49 80                              eor #$80             ; 
 6973 T:248f                                    ; ORIGINAL:  C0 A0 90 88 84 82 81
 6974 T:248f                                    ; SHIFTED:   80 40 20 10 08 02 01
 6975 T:248f                                    ; EOR #$80:  00 C0 A0 90 88 84 82
 6976 T:248f  30 dd                              bmi LR_1             ; FINISHED
 6977 T:2491  a9 81                              lda #$81             ; NEW MASK VALUE
 6978 T:2493  c8                                 iny                    ; MOVE TO NEXT BYTE RIGHT
 6979 T:2494  c0 28                              cpy #40             ; UNLESS THAT IS TOO FAR
 6980 T:2496  90 e0                              bcc LR_4             ; NOT TOO FAR
 6981 T:2498  a0 00                              ldy #0             ; TOO FAR, SO WRAP AROUND
 6982 T:249a  b0 dc                              bcs LR_4             ; ...ALWAYS
 6983 T:249c                                    ; --------------------------------
 6984 T:249c                                    ; --------------------------------
 6985 T:249c                                    ; "XDRAW" ONE BIT
 6986 T:249c                                    ; --------------------------------
 6987 T:249c  18                       LRUDX1    clc                 ; C=0 MEANS NO 90 DEGREE ROTATION
 6988 T:249d  a5 d1                    LRUDX2    lda HGR_DX+1       ; C=1 MEANS ROTATE 90 DEGREES
 6989 T:249f  29 04                              and #4             ; IF BIT2=0 THEN DON'T PLOT
 6990 T:24a1  f0 25                              beq LRUD4                ; YES, DO NOT PLOT
 6991 T:24a3  a9 7f                              lda #$7f             ; NO, LOOK AT WHAT IS ALREADY THERE
 6992 T:24a5  25 30                              and MON_HMASK
 6993 T:24a7  31 26                              and (MON_GBASL),Y               ; SCREEN BIT = 1?
 6994 T:24a9  d0 19                              bne LRUD3                ; YES, GO CLEAR IT
 6995 T:24ab  e6 ea                              inc HGR_COLLISIONS                ; NO, COUNT THE COLLISION
 6996 T:24ad  a9 7f                              lda #$7f             ; AND TURN THE BIT ON
 6997 T:24af  25 30                              and MON_HMASK                ; 
 6998 T:24b1  10 11                              bpl LRUD3                ; ...ALWAYS
 6999 T:24b3                                    ; --------------------------------
 7000 T:24b3                                    ; "DRAW" ONE BIT
 7001 T:24b3                                    ; --------------------------------
 7002 T:24b3  18                       LRUD1     clc                 ; C=0 MEANS NO 90 DEGREE ROTATION
 7003 T:24b4  a5 d1                    LRUD2     lda HGR_DX+1       ; C=1 MEANS ROTATE
 7004 T:24b6  29 04                              and #4             ; IF BIT2=0 THEN DO NOT PLOT
 7005 T:24b8  f0 0e                              beq LRUD4                ; DO NOT PLOT
 7006 T:24ba  b1 26                              lda (MON_GBASL),Y
 7007 T:24bc  45 1c                              eor HGR_BITS                ; 1'S WHERE ANY BITS NOT IN COLOR
 7008 T:24be  25 30                              and MON_HMASK                ; LOOK AT JUST THIS BIT POSITION
 7009 T:24c0  d0 02                              bne LRUD3                ; THE BIT WAS ZERO, SO PLOT IT
 7010 T:24c2  e6 ea                              inc HGR_COLLISIONS                ; BIT IS ALREADY 1; COUNT COLLSN
 7011 T:24c4                                    ; --------------------------------
 7012 T:24c4                                    ; TOGGLE BIT ON SCREEN WITH (A)
 7013 T:24c4                                    ; --------------------------------
 7014 T:24c4  51 26                    LRUD3     eor (MON_GBASL),Y
 7015 T:24c6  91 26                              sta (MON_GBASL),Y
 7016 T:24c8                                    ; --------------------------------
 7017 T:24c8                                    ; DETERMINE WHERE NEXT POINT WILL BE, AND MOVE THERE
 7018 T:24c8                                    ; C=0 IF NO 90 DEGREE ROTATION
 7019 T:24c8                                    ; C=1 ROTATES 90 DEGREES
 7020 T:24c8                                    ; --------------------------------
 7021 T:24c8  a5 d1                    LRUD4     lda HGR_DX+1       ; CALCULATE THE DIRECTION TO MOVE
 7022 T:24ca  65 d3                              adc HGR_QUADRANT
 7023 T:24cc  29 03                              and #3             ; WRAP AROUND THE CIRCLE
 7024 T:24ce                                    CON_03=*-1         ; (( A CONSTANT ))
 7025 T:24ce                                    ; 
 7026 T:24ce                                    ; 00 -- UP
 7027 T:24ce                                    ; 01 -- DOWN
 7028 T:24ce                                    ; 10 -- RIGHT
 7029 T:24ce                                    ; 11 -- LEFT
 7030 T:24ce                                    ; 
 7031 T:24ce  c9 02                              cmp #2             ; C=0 IF 0 OR 1, C=1 IF 2 OR 3
 7032 T:24d0  6a                                 ror                    ; PUT C INTO SIGN, ODD/EVEN INTO C
 7033 T:24d1  b0 92                              bcs MOVE_LEFT_OR_RIGHT
 7034 T:24d3                                    ; --------------------------------
 7035 T:24d3                           MOVE_UP_OR_DOWN 
 7036 T:24d3  30 30                              bmi MOVE_DOWN                ; SIGN FOR UP/DOWN SELECT_
 7037 T:24d5                                    ; --------------------------------
 7038 T:24d5                                    ; MOVE UP ONE PIXEL
 7039 T:24d5                                    ; IF ALREADY AT TOP, GO TO BOTTOM
 7040 T:24d5                                    ; 
 7041 T:24d5                                    ; REMEMBER:  Y-COORD   GBASH     GBASL
 7042 T:24d5                                    ; ABCDEFGH  PPPFGHCD  EABAB000
 7043 T:24d5                                    ; --------------------------------
 7044 T:24d5  18                                 clc                    ; MOVE UP
 7045 T:24d6  a5 27                              lda MON_GBASH                ; CALC. BASE ADDRESS OF PREV. LINE
 7046 T:24d8  2c b9 25                           bit CON_1C                ; LOOK AT BITS 000FGH00 IN GBASH
 7047 T:24db  d0 22                              bne L_MOVE_UP_OR_DOWN_5                ; SIMPLE, JUST FGH=FGH-1
 7048 T:24dd                                    ; GBASH=PPP000CD, GBASL=EABAB000
 7049 T:24dd  06 26                              asl MON_GBASL                ; WHAT IS "E"?
 7050 T:24df  b0 1a                              bcs L_MOVE_UP_OR_DOWN_3                ; E=1, THEN EFGH=EFGH-1
 7051 T:24e1  2c cd 24                           bit CON_03             ; LOOK AT 000000CD IN GBASH
 7052 T:24e4  f0 05                              beq L_MOVE_UP_OR_DOWN_1                ; Y-POS IS AB000000 FORM
 7053 T:24e6  69 1f                              adc #$1f             ; CD <> 0, SO CDEFGH=CDEFGH-1
 7054 T:24e8  38                                 sec                    ; 
 7055 T:24e9  b0 12                              bcs L_MOVE_UP_OR_DOWN_4                ; ...ALWAYS
 7056 T:24eb  69 23                    L_MOVE_UP_OR_DOWN_1 adc #$23          ; ENOUGH TO MAKE GBASH=PPP11111 LATER
 7057 T:24ed  48                                 pha                    ; SAVE FOR LATER
 7058 T:24ee  a5 26                              lda MON_GBASL                ; GBASL IS NOW ABAB0000 (AB=00,01,10)
 7059 T:24f0  69 b0                              adc #$b0             ; 0000+1011=1011 AND CARRY CLEAR
 7060 T:24f2                                    ; OR 0101+1011=0000 AND CARRY SET
 7061 T:24f2                                    ; OR 1010+1011=0101 AND CARRY SET
 7062 T:24f2  b0 02                              bcs L_MOVE_UP_OR_DOWN_2                ; NO WRAP-AROUND NEEDED
 7063 T:24f4  69 f0                              adc #$f0             ; CHANGE 1011 TO 1010 (WRAP-AROUND)
 7064 T:24f6  85 26                    L_MOVE_UP_OR_DOWN_2 sta MON_GBASL             ; FORM IS NOW STILL ABAB0000
 7065 T:24f8  68                                 pla                    ; PARTIALLY MODIFIED GBASH
 7066 T:24f9  b0 02                              bcs L_MOVE_UP_OR_DOWN_4                ; ...ALWAYS
 7067 T:24fb  69 1f                    L_MOVE_UP_OR_DOWN_3 adc #$1f          ; 
 7068 T:24fd  66 26                    L_MOVE_UP_OR_DOWN_4 ror MON_GBASL             ; SHIFT IN E, TO GET EABAB000 FORM
 7069 T:24ff  69 fc                    L_MOVE_UP_OR_DOWN_5 adc #$fc          ; FINISH GBASH MODS
 7070 T:2501  85 27                    UD_1      sta MON_GBASH             ; 
 7071 T:2503  60                                 rts 
 7072 T:2504                                    ; --------------------------------
 7073 T:2504  18                                 clc                    ; <<<NEVER USED>>>
 7074 T:2505                                    ; --------------------------------
 7075 T:2505                                    ; MOVE DOWN ONE PIXEL
 7076 T:2505                                    ; IF ALREADY AT BOTTOM, GO TO TOP
 7077 T:2505                                    ; 
 7078 T:2505                                    ; REMEMBER:  Y-COORD   GBASH     GBASL
 7079 T:2505                                    ; ABCDEFGH  PPPFGHCD  EABAB000
 7080 T:2505                                    ; --------------------------------
 7081 T:2505                           MOVE_DOWN 
 7082 T:2505  a5 27                              lda MON_GBASH                ; TRY IT FIRST, BY FGH=FGH+1
 7083 T:2507  69 04                              adc #4             ; GBASH = PPPFGHCD
 7084 T:2509                                    CON_04=*-1         ; (( CONSTANT ))
 7085 T:2509  2c b9 25                           bit CON_1C                ; IS FGH FIELD NOW ZERO?
 7086 T:250c  d0 f3                              bne UD_1             ; NO, SO WE ARE FINISHED
 7087 T:250e                                    ; YES, RIPPLE THE CARRY AS HIGH
 7088 T:250e                                    ; AS NECESSARY
 7089 T:250e  06 26                              asl MON_GBASL                ; LOOK AT "E" BIT
 7090 T:2510  90 18                              bcc L_CON_04_2                ; NOW ZERO; MAKE IT 1 AND LEAVE
 7091 T:2512  69 e0                              adc #$e0             ; CARRY = 1, SO ADDS $E1
 7092 T:2514  18                                 clc                    ; IS "CD" NOT ZERO?
 7093 T:2515  2c 08 25                           bit CON_04             ; TESTS BIT 2 FOR CARRY OUT OF "CD"
 7094 T:2518  f0 12                              beq L_CON_04_3                ; NO CARRY, FINISHED
 7095 T:251a                                    ; INCREMENT "AB" THEN
 7096 T:251a                                    ; 0000 --> 0101
 7097 T:251a                                    ; 0101 --> 1010
 7098 T:251a                                    ; 1010 --> WRAP AROUND TO LINE 0
 7099 T:251a  a5 26                              lda MON_GBASL                ; 0000  0101  1010
 7100 T:251c  69 50                              adc #$50             ; 0101  1010  1111
 7101 T:251e  49 f0                              eor #$f0             ; 1010  0101  0000
 7102 T:2520  f0 02                              beq L_CON_04_1                ; 
 7103 T:2522  49 f0                              eor #$f0             ; 0101  1010
 7104 T:2524  85 26                    L_CON_04_1 sta MON_GBASL             ; NEW ABAB0000
 7105 T:2526  a5 e6                              lda HGR_PAGE                ; WRAP AROUND TO LINE ZERO OF GROUP
 7106 T:2528  90 02                              bcc L_CON_04_3                ; ...ALWAYS
 7107 T:252a  69 e0                    L_CON_04_2 adc #$e0
 7108 T:252c  66 26                    L_CON_04_3 ror MON_GBASL
 7109 T:252e  90 d1                              bcc UD_1             ; ...ALWAYS
 7110 T:2530                                    ; --------------------------------
 7111 T:2530                                    ; HLINRL IS NEVER CALLED BY APPLESOFT
 7112 T:2530                                    ; 
 7113 T:2530                                    ; ENTER WITH:  (A,X) = DX FROM CURRENT POINT
 7114 T:2530                                    ; (Y)   = DY FROM CURRENT POINT
 7115 T:2530                                    ; --------------------------------
 7116 T:2530  48                       HLINRL    pha                 ; SAVE (A)
 7117 T:2531  a9 00                              lda #0             ; CLEAR CURRENT POINT SO HGLIN WILL
 7118 T:2533  85 e0                              sta HGR_X                ; ACT RELATIVELY
 7119 T:2535  85 e1                              sta HGR_X+1          ; 
 7120 T:2537  85 e2                              sta HGR_Y                ; 
 7121 T:2539  68                                 pla                    ; RESTORE (A)
 7122 T:253a                                    ; --------------------------------
 7123 T:253a                                    ; DRAW LINE FROM LAST PLOTTED POINT TO (A,X),(Y)
 7124 T:253a                                    ; 
 7125 T:253a                                    ; ENTER WITH:  (A,X) = X OF TARGET POINT
 7126 T:253a                                    ; (Y)   = Y OF TARGET POINT
 7127 T:253a                                    ; --------------------------------
 7128 T:253a  48                       HGLIN     pha                 ; COMPUTE DX = X- X0
 7129 T:253b  38                                 sec 
 7130 T:253c  e5 e0                              sbc HGR_X
 7131 T:253e  48                                 pha 
 7132 T:253f  8a                                 txa 
 7133 T:2540  e5 e1                              sbc HGR_X+1
 7134 T:2542  85 d3                              sta HGR_QUADRANT                ; SAVE DX SIGN (+ = RIGHT, - = LEFT)
 7135 T:2544  b0 0a                              bcs L_HGLIN_1                ; NOW FIND ABS (DX)
 7136 T:2546  68                                 pla                    ; FORMS 2'S COMPLEMENT
 7137 T:2547  49 ff                              eor #$ff
 7138 T:2549  69 01                              adc #1
 7139 T:254b  48                                 pha 
 7140 T:254c  a9 00                              lda #0
 7141 T:254e  e5 d3                              sbc HGR_QUADRANT
 7142 T:2550  85 d1                    L_HGLIN_1 sta HGR_DX+1
 7143 T:2552  85 d5                              sta HGR_E+1          ; INIT HGR.E TO ABS(X-X0)
 7144 T:2554  68                                 pla 
 7145 T:2555  85 d0                              sta HGR_DX
 7146 T:2557  85 d4                              sta HGR_E
 7147 T:2559  68                                 pla 
 7148 T:255a  85 e0                              sta HGR_X                ; TARGET X POINT
 7149 T:255c  86 e1                              stx HGR_X+1          ; 
 7150 T:255e  98                                 tya                    ; TARGET Y POINT
 7151 T:255f  18                                 clc                    ; COMPUTE DY = Y-HGR.Y
 7152 T:2560  e5 e2                              sbc HGR_Y                ; AND SAVE -ABS(Y-HGR.Y)-1 IN HGR.DY
 7153 T:2562  90 04                              bcc L_HGLIN_2                ; (SO + MEANS UP, - MEANS DOWN)
 7154 T:2564  49 ff                              eor #$ff             ; 2'S COMPLEMENT OF DY
 7155 T:2566  69 fe                              adc #$fe             ; 
 7156 T:2568  85 d2                    L_HGLIN_2 sta HGR_DY             ; 
 7157 T:256a  84 e2                              sty HGR_Y                ; TARGET Y POINT
 7158 T:256c  66 d3                              ror HGR_QUADRANT                ; SHIFT Y-DIRECTION INTO QUADRANT
 7159 T:256e  38                                 sec                    ; COUNT = DX -(-DY) = # OF DOTS NEEDED
 7160 T:256f  e5 d0                              sbc HGR_DX                ; 
 7161 T:2571  aa                                 tax                    ; COUNTL IS IN X-REG
 7162 T:2572  a9 ff                              lda #$ff
 7163 T:2574  e5 d1                              sbc HGR_DX+1
 7164 T:2576  85 1d                              sta HGR_COUNT
 7165 T:2578  a4 e5                              ldy HGR_HORIZ                ; HORIZONTAL INDEX
 7166 T:257a  b0 05                              bcs MOVEX2                ; ...ALWAYS
 7167 T:257c                                    ; --------------------------------
 7168 T:257c                                    ; MOVE LEFT OR RIGHT ONE PIXEL
 7169 T:257c                                    ; (A) BIT 6 HAS DIRECTION
 7170 T:257c                                    ; --------------------------------
 7171 T:257c  0a                       MOVEX     asl                 ; PUT BIT 6 INTO SIGN POSITION
 7172 T:257d  20 65 24                           jsr MOVE_LEFT_OR_RIGHT
 7173 T:2580  38                                 sec 
 7174 T:2581                                    ; --------------------------------
 7175 T:2581                                    ; DRAW LINE NOW
 7176 T:2581                                    ; --------------------------------
 7177 T:2581  a5 d4                    MOVEX2    lda HGR_E             ; CARRY IS SET
 7178 T:2583  65 d2                              adc HGR_DY                ; E = E-DELTY
 7179 T:2585  85 d4                              sta HGR_E                ; NOTE: DY IS (-DELTA Y)-1
 7180 T:2587  a5 d5                              lda HGR_E+1          ; CARRY CLR IF HGR.E GOES NEGATIVE
 7181 T:2589  e9 00                              sbc #0
 7182 T:258b  85 d5                    L_MOVEX2_1 sta HGR_E+1
 7183 T:258d  b1 26                              lda (MON_GBASL),Y
 7184 T:258f  45 1c                              eor HGR_BITS                ; PLOT A DOT
 7185 T:2591  25 30                              and MON_HMASK
 7186 T:2593  51 26                              eor (MON_GBASL),Y
 7187 T:2595  91 26                              sta (MON_GBASL),Y
 7188 T:2597  e8                                 inx                    ; FINISHED ALL THE DOTS?
 7189 T:2598  d0 04                              bne L_MOVEX2_2                ; NO
 7190 T:259a  e6 1d                              inc HGR_COUNT                ; TEST REST OF COUNT
 7191 T:259c  f0 62                              beq RTS_22                ; YES, FINISHED.
 7192 T:259e  a5 d3                    L_MOVEX2_2 lda HGR_QUADRANT             ; TEST DIRECTION
 7193 T:25a0  b0 da                              bcs MOVEX             ; NEXT MOVE IS IN THE X DIRECTION
 7194 T:25a2  20 d3 24                           jsr MOVE_UP_OR_DOWN             ; IF CLR, NEG, MOVE
 7195 T:25a5  18                                 clc                    ; E = E+DX
 7196 T:25a6  a5 d4                              lda HGR_E
 7197 T:25a8  65 d0                              adc HGR_DX
 7198 T:25aa  85 d4                              sta HGR_E
 7199 T:25ac  a5 d5                              lda HGR_E+1
 7200 T:25ae  65 d1                              adc HGR_DX+1
 7201 T:25b0  50 d9                              bvc L_MOVEX2_1             ; ...ALWAYS
 7202 T:25b2                                    ; --------------------------------

 7205 T:25b2  81                       MSKTBL    .byt %10000001
 7206 T:25b3  82                                 .byt %10000010
 7207 T:25b4  84                                 .byt %10000100
 7208 T:25b5  88                                 .byt %10001000
 7209 T:25b6  90                                 .byt %10010000
 7210 T:25b7  a0                                 .byt %10100000
 7211 T:25b8  c0                                 .byt %11000000
 7212 T:25b9                                    ; --------------------------------
 7213 T:25b9  1c                       CON_1C    .byt %00011100           ; MASK FOR "FGH" BITS
 7214 T:25ba                                    ; --------------------------------

 7216 T:25ba                                    ; --------------------------------
 7217 T:25ba                                    ; TABLE OF COS(90*X/16 DEGREES)*$100 - 1
 7218 T:25ba                                    ; WITH ONE BYTE PRECISION, X=0 TO 16:
 7219 T:25ba                                    ; --------------------------------
 7220 T:25ba  ff fe fa f4 ec e1 d4 c5  COSINE_TABLE .byt $ff,$fe,$fa,$f4,$ec,$e1,$d4,$c5
 7221 T:25c2  b4 a1 8d 78 61 49 31 18            .byt $b4,$a1,$8d,$78,$61,$49,$31,$18
 7222 T:25ca  ff                                 .byt $ff
 7223 T:25cb                                    ; --------------------------------
 7224 T:25cb                                    ; HFIND -- CALCULATES CURRENT POSITION OF HI-RES CURSOR
 7225 T:25cb                                    ; (NOT CALLED BY ANY APPLESOFT ROUTINE)
 7226 T:25cb                                    ; 
 7227 T:25cb                                    ; CALCULATE Y-COORD FROM GBASL,H
 7228 T:25cb                                    ; AND X-COORD FROM HORIZ AND HMASK
 7229 T:25cb                                    ; --------------------------------
 7230 T:25cb  a5 26                    HFIND     lda MON_GBASL             ; GBASL = EABAB000
 7231 T:25cd  0a                                 asl                    ; E INTO CARRY
 7232 T:25ce  a5 27                              lda MON_GBASH                ; GBASH = PPPFGHCD
 7233 T:25d0  29 03                              and #3             ; 000000CD
 7234 T:25d2  2a                                 rol                    ; 00000CDE
 7235 T:25d3  05 26                              ora MON_GBASL                ; EABABCDE
 7236 T:25d5  0a                                 asl                    ; ABABCDE0
 7237 T:25d6  0a                                 asl                    ; BABCDE00
 7238 T:25d7  0a                                 asl                    ; ABCDE000
 7239 T:25d8  85 e2                              sta HGR_Y                ; ALL BUT FGH
 7240 T:25da  a5 27                              lda MON_GBASH                ; PPPFGHCD
 7241 T:25dc  4a                                 lsr                    ; 0PPPFGHC
 7242 T:25dd  4a                                 lsr                    ; 00PPPFGH
 7243 T:25de  29 07                              and #7             ; 00000FGH
 7244 T:25e0  05 e2                              ora HGR_Y                ; ABCDEFGH
 7245 T:25e2  85 e2                              sta HGR_Y                ; THAT TAKES CARE OF Y-COORDINATE!
 7246 T:25e4  a5 e5                              lda HGR_HORIZ                ; X = 7*HORIZ + BIT POS. IN HMASK
 7247 T:25e6  0a                                 asl                    ; MULTIPLY BY 7
 7248 T:25e7  65 e5                              adc HGR_HORIZ                ; 3* SO FAR
 7249 T:25e9  0a                                 asl                    ; 6*
 7250 T:25ea  aa                                 tax                    ; SINCE 7* MIGHT NOT FIT IN 1 BYTE,
 7251 T:25eb                                    ; WAIT TILL LATER FOR LAST ADD
 7252 T:25eb  ca                                 dex                    ; 
 7253 T:25ec  a5 30                              lda MON_HMASK                ; NOW FIND BIT POSITION IN HMASK
 7254 T:25ee  29 7f                              and #$7f             ; ONLY LOOK AT LOW SEVEN
 7255 T:25f0  e8                       L_HFIND_1 inx                 ; COUNT A SHIFT
 7256 T:25f1  4a                                 lsr                    ; 
 7257 T:25f2  d0 fc                              bne L_HFIND_1             ; STILL IN THERE
 7258 T:25f4  85 e1                              sta HGR_X+1          ; ZERO TO HI-BYTE
 7259 T:25f6  8a                                 txa                    ; 6*HORIZ+LOG2(HMASK)
 7260 T:25f7  18                                 clc                    ; ADD HORIZ ONE MORE TIME
 7261 T:25f8  65 e5                              adc HGR_HORIZ                ; 7*HORIZ+LOG2(HMASK)
 7262 T:25fa  90 02                              bcc L_HFIND_2                ; UPPER BYTE = 0
 7263 T:25fc  e6 e1                              inc HGR_X+1          ; UPPER BYTE = 1
 7264 T:25fe  85 e0                    L_HFIND_2 sta HGR_X             ; STORE LOWER BYTE
 7265 T:2600  60                       RTS_22    rts 
 7266 T:2601                                    ; --------------------------------
 7267 T:2601                                    ; DRAW A SHAPE
 7268 T:2601                                    ; 
 7269 T:2601                                    ; (Y,X) = SHAPE STARTING ADDRESS
 7270 T:2601                                    ; (A)   = ROTATION (0-3F)
 7271 T:2601                                    ; --------------------------------
 7272 T:2601                                    ; APPLESOFT DOES NOT CALL DRAW0
 7273 T:2601                                    ; --------------------------------
 7274 T:2601  86 1a                    DRAW0     stx HGR_SHAPE             ; SAVE SHAPE ADDRESS
 7275 T:2603  84 1b                              sty HGR_SHAPE+1
 7276 T:2605                                    ; --------------------------------
 7277 T:2605                                    ; APPLESOFT ENTERS HERE
 7278 T:2605                                    ; --------------------------------
 7279 T:2605  aa                       DRAW1     tax                 ; SAVE ROTATION (0-$3F)
 7280 T:2606  4a                                 lsr                    ; DIVIDE ROTATION BY 16 TO GET
 7281 T:2607  4a                                 lsr                    ; QUADRANT (0=UP, 1=RT, 2=DWN, 3=LFT)
 7282 T:2608  4a                                 lsr 
 7283 T:2609  4a                                 lsr 
 7284 T:260a  85 d3                              sta HGR_QUADRANT
 7285 T:260c  8a                                 txa                    ; USE LOW 4 BITS OF ROTATION TO INDEX
 7286 T:260d  29 0f                              and #$0f             ; THE TRIG TABLE
 7287 T:260f  aa                                 tax 
 7288 T:2610  bc ba 25                           ldy COSINE_TABLE,X              ; SAVE COSINE IN HGR.DX
 7289 T:2613  84 d0                              sty HGR_DX                ; 
 7290 T:2615  49 0f                              eor #$0f             ; AND SINE IN DY
 7291 T:2617  aa                                 tax 
 7292 T:2618  bc bb 25                           ldy COSINE_TABLE+1,X
 7293 T:261b  c8                                 iny 
 7294 T:261c  84 d2                              sty HGR_DY
 7295 T:261e  a4 e5                              ldy HGR_HORIZ                ; INDEX FROM GBASL,H TO BYTE WE'RE IN
 7296 T:2620  a2 00                              ldx #0
 7297 T:2622  86 ea                              stx HGR_COLLISIONS                ; CLEAR COLLISION COUNTER
 7298 T:2624  a1 1a                              lda (HGR_SHAPE,X)               ; GET FIRST BYTE OF SHAPE DEFN
 7299 T:2626  85 d1                    L_DRAW1_1 sta HGR_DX+1       ; KEEP SHAPE BYTE IN HGR.DX+1
 7300 T:2628  a2 80                              ldx #$80             ; INITIAL VALUES FOR FRACTIONAL VECTORS
 7301 T:262a  86 d4                              stx HGR_E                ; L_DRAW1_5 IN COSINE COMPONENT
 7302 T:262c  86 d5                              stx HGR_E+1          ; L_DRAW1_5 IN SINE COMPONENT
 7303 T:262e  a6 e7                              ldx HGR_SCALE                ; SCALE FACTOR
 7304 T:2630  a5 d4                    L_DRAW1_2 lda HGR_E             ; ADD COSINE VALUE TO X-VALUE
 7305 T:2632  38                                 sec                    ; IF >= 1, THEN DRAW
 7306 T:2633  65 d0                              adc HGR_DX                ; 
 7307 T:2635  85 d4                              sta HGR_E                ; ONLY SAVE FRACTIONAL PART
 7308 T:2637  90 04                              bcc L_DRAW1_3                ; NO INTEGRAL PART
 7309 T:2639  20 b3 24                           jsr LRUD1             ; TIME TO PLOT COSINE COMPONENT
 7310 T:263c  18                                 clc                    ; 
 7311 T:263d  a5 d5                    L_DRAW1_3 lda HGR_E+1       ; ADD SINE VALUE TO Y-VALUE
 7312 T:263f  65 d2                              adc HGR_DY                ; IF >= 1, THEN DRAW
 7313 T:2641  85 d5                              sta HGR_E+1          ; ONLY SAVE FRACTIONAL PART
 7314 T:2643  90 03                              bcc L_DRAW1_4                ; NO INTEGRAL PART
 7315 T:2645  20 b4 24                           jsr LRUD2             ; TIME TO PLOT SINE COMPONENT
 7316 T:2648  ca                       L_DRAW1_4 dex                 ; LOOP ON SCALE FACTOR.
 7317 T:2649  d0 e5                              bne L_DRAW1_2             ; STILL ON SAME SHAPE ITEM
 7318 T:264b  a5 d1                              lda HGR_DX+1          ; GET NEXT SHAPE ITEM
 7319 T:264d  4a                                 lsr                    ; NEXT 3 BIT VECTOR
 7320 T:264e  4a                                 lsr                    ; 
 7321 T:264f  4a                                 lsr                    ; 
 7322 T:2650  d0 d4                              bne L_DRAW1_1             ; MORE IN THIS SHAPE BYTE
 7323 T:2652  e6 1a                              inc HGR_SHAPE                ; GO TO NEXT SHAPE BYTE
 7324 T:2654  d0 02                              bne L_DRAW1_5
 7325 T:2656  e6 1b                              inc HGR_SHAPE+1
 7326 T:2658  a1 1a                    L_DRAW1_5 lda (HGR_SHAPE,X)               ; NEXT BYTE OF SHAPE DEFINITION
 7327 T:265a  d0 ca                              bne L_DRAW1_1             ; PROCESS IF NOT ZERO
 7328 T:265c  60                                 rts                    ; FINISHED
 7329 T:265d                                    ; --------------------------------
 7330 T:265d                                    ; XDRAW A SHAPE (SAME AS DRAW, EXCEPT TOGGLES SCREEN)
 7331 T:265d                                    ; 
 7332 T:265d                                    ; (Y,X) = SHAPE STARTING ADDRESS
 7333 T:265d                                    ; (A)   = ROTATION (0-3F)
 7334 T:265d                                    ; --------------------------------
 7335 T:265d                                    ; APPLESOFT DOES NOT CALL XDRAW0
 7336 T:265d                                    ; --------------------------------
 7337 T:265d  86 1a                    XDRAW0    stx HGR_SHAPE             ; SAVE SHAPE ADDRESS
 7338 T:265f  84 1b                              sty HGR_SHAPE+1
 7339 T:2661                                    ; --------------------------------
 7340 T:2661                                    ; APPLESOFT ENTERS HERE
 7341 T:2661                                    ; --------------------------------
 7342 T:2661  aa                       XDRAW1    tax                 ; SAVE ROTATION (0-$3F)
 7343 T:2662  4a                                 lsr                    ; DIVIDE ROTATION BY 16 TO GET
 7344 T:2663  4a                                 lsr                    ; QUADRANT (0=UP, 1=RT, 2=DWN, 3=LFT)
 7345 T:2664  4a                                 lsr 
 7346 T:2665  4a                                 lsr 
 7347 T:2666  85 d3                              sta HGR_QUADRANT
 7348 T:2668  8a                                 txa                    ; USE LOW 4 BITS OF ROTATION TO INDEX
 7349 T:2669  29 0f                              and #$0f             ; THE TRIG TABLE
 7350 T:266b  aa                                 tax 
 7351 T:266c  bc ba 25                           ldy COSINE_TABLE,X              ; SAVE COSINE IN HGR.DX
 7352 T:266f  84 d0                              sty HGR_DX                ; 
 7353 T:2671  49 0f                              eor #$0f             ; AND SINE IN DY
 7354 T:2673  aa                                 tax 
 7355 T:2674  bc bb 25                           ldy COSINE_TABLE+1,X
 7356 T:2677  c8                                 iny 
 7357 T:2678  84 d2                              sty HGR_DY
 7358 T:267a  a4 e5                              ldy HGR_HORIZ                ; INDEX FROM GBASL,H TO BYTE WE'RE IN
 7359 T:267c  a2 00                              ldx #0
 7360 T:267e  86 ea                              stx HGR_COLLISIONS                ; CLEAR COLLISION COUNTER
 7361 T:2680  a1 1a                              lda (HGR_SHAPE,X)               ; GET FIRST BYTE OF SHAPE DEFN
 7362 T:2682  85 d1                    L_XDRAW1_1 sta HGR_DX+1       ; KEEP SHAPE BYTE IN HGR.DX+1
 7363 T:2684  a2 80                              ldx #$80             ; INITIAL VALUES FOR FRACTIONAL VECTORS
 7364 T:2686  86 d4                              stx HGR_E                ; L_XDRAW1_5 IN COSINE COMPONENT
 7365 T:2688  86 d5                              stx HGR_E+1          ; L_XDRAW1_5 IN SINE COMPONENT
 7366 T:268a  a6 e7                              ldx HGR_SCALE                ; SCALE FACTOR
 7367 T:268c  a5 d4                    L_XDRAW1_2 lda HGR_E             ; ADD COSINE VALUE TO X-VALUE
 7368 T:268e  38                                 sec                    ; IF >= 1, THEN DRAW
 7369 T:268f  65 d0                              adc HGR_DX                ; 
 7370 T:2691  85 d4                              sta HGR_E                ; ONLY SAVE FRACTIONAL PART
 7371 T:2693  90 04                              bcc L_XDRAW1_3                ; NO INTEGRAL PART
 7372 T:2695  20 9c 24                           jsr LRUDX1             ; TIME TO PLOT COSINE COMPONENT
 7373 T:2698  18                                 clc                    ; 
 7374 T:2699  a5 d5                    L_XDRAW1_3 lda HGR_E+1       ; ADD SINE VALUE TO Y-VALUE
 7375 T:269b  65 d2                              adc HGR_DY                ; IF >= 1, THEN DRAW
 7376 T:269d  85 d5                              sta HGR_E+1          ; ONLY SAVE FRACTIONAL PART
 7377 T:269f  90 03                              bcc L_XDRAW1_4                ; NO INTEGRAL PART
 7378 T:26a1  20 9d 24                           jsr LRUDX2             ; TIME TO PLOT SINE COMPONENT
 7379 T:26a4  ca                       L_XDRAW1_4 dex                 ; LOOP ON SCALE FACTOR.
 7380 T:26a5  d0 e5                              bne L_XDRAW1_2             ; STILL ON SAME SHAPE ITEM
 7381 T:26a7  a5 d1                              lda HGR_DX+1          ; GET NEXT SHAPE ITEM
 7382 T:26a9  4a                                 lsr                    ; NEXT 3 BIT VECTOR
 7383 T:26aa  4a                                 lsr                    ; 
 7384 T:26ab  4a                                 lsr                    ; 
 7385 T:26ac  d0 d4                              bne L_XDRAW1_1             ; MORE IN THIS SHAPE BYTE
 7386 T:26ae  e6 1a                              inc HGR_SHAPE                ; GO TO NEXT SHAPE BYTE
 7387 T:26b0  d0 02                              bne L_XDRAW1_5
 7388 T:26b2  e6 1b                              inc HGR_SHAPE+1
 7389 T:26b4  a1 1a                    L_XDRAW1_5 lda (HGR_SHAPE,X)               ; NEXT BYTE OF SHAPE DEFINITION
 7390 T:26b6  d0 ca                              bne L_XDRAW1_1             ; PROCESS IF NOT ZERO
 7391 T:26b8  60                                 rts                    ; FINISHED
 7392 T:26b9                                    ; --------------------------------
 7393 T:26b9                                    ; GET HI-RES PLOTTING COORDINATES (0-279,0-191) FROM
 7394 T:26b9                                    ; TXTPTR.  LEAVE REGISTERS SET UP FOR HPOSN:
 7395 T:26b9                                    ; (Y,X)=X-COORD
 7396 T:26b9                                    ; (A)  =Y-COORD
 7397 T:26b9                                    ; --------------------------------
 7398 T:26b9  20 67 0d                 HFNS      jsr FRMNUM          ; EVALUATE EXPRESSION, MUST BE NUMERIC
 7399 T:26bc  20 52 17                           jsr GETADR             ; CONVERT TO 2-BYTE INTEGER IN LINNUM
 7400 T:26bf  a4 51                              ldy LINNUM+1          ; GET HORIZ COOR IN X,Y
 7401 T:26c1  a6 50                              ldx LINNUM                ; 
 7402 T:26c3  c0 01                              cpy #>280            ; MAKE SURE IT IS < 280
 7403 T:26c5  90 06                              bcc L_HFNS_1                ; IN RANGE
 7404 T:26c7  d0 1d                              bne GGERR                ; 
 7405 T:26c9  e0 18                              cpx #<280            ; 
 7406 T:26cb  b0 19                              bcs GGERR                ; 
 7407 T:26cd  8a                       L_HFNS_1  txa                 ; SAVE HORIZ COOR ON STACK
 7408 T:26ce  48                                 pha                    ; 
 7409 T:26cf  98                                 tya                    ; 
 7410 T:26d0  48                                 pha                    ; 
 7411 T:26d1  a9 2c                              lda #(","&%01111111)     ; REQUIRE A COMMA
 7412 T:26d3  20 c0 0e                           jsr SYNCHR             ; 
 7413 T:26d6  20 f8 16                           jsr GETBYT             ; EVAL EXP TO SINGLE BYTE IN X-REG
 7414 T:26d9  e0 c0                              cpx #192             ; CHECK FOR RANGE
 7415 T:26db  b0 09                              bcs GGERR                ; TOO BIG
 7416 T:26dd  86 9d                              stx FAC                ; SAVE Y-COORD
 7417 T:26df  68                                 pla                    ; RETRIEVE HORIZONTAL COORDINATE
 7418 T:26e0  a8                                 tay                    ; 
 7419 T:26e1  68                                 pla                    ; 
 7420 T:26e2  aa                                 tax                    ; 
 7421 T:26e3  a5 9d                              lda FAC                ; AND VERTICAL COORDINATE
 7422 T:26e5  60                                 rts                    ; 
 7423 T:26e6                                    ; --------------------------------
 7424 T:26e6  4c 06 22                 GGERR     jmp GOERR          ; ILLEGAL QUANTITY ERROR
 7425 T:26e9                                    ; --------------------------------
 7426 T:26e9                                    ; "HCOLOR=" STATEMENT
 7427 T:26e9                                    ; --------------------------------
 7428 T:26e9  20 f8 16                 HCOLOR    jsr GETBYT          ; EVAL EXP TO SINGLE BYTE IN X
 7429 T:26ec  e0 08                              cpx #8             ; VALUE MUST BE 0-7
 7430 T:26ee  b0 f6                              bcs GGERR             ; TOO BIG
 7431 T:26f0  bd f6 26                           lda COLORTBL,X                  ; GET COLOR PATTERN
 7432 T:26f3  85 e4                              sta HGR_COLOR
 7433 T:26f5  60                       RTS_23    rts 
 7434 T:26f6                                    ; --------------------------------

 7437 T:26f6  00                       COLORTBL  .byt %00000000
 7438 T:26f7  2a                                 .byt %00101010
 7439 T:26f8  55                                 .byt %01010101
 7440 T:26f9  7f                                 .byt %01111111
 7441 T:26fa  80                                 .byt %00000000|%10000000
 7442 T:26fb  aa                                 .byt %00101010|%10000000
 7443 T:26fc  d5                                 .byt %01010101|%10000000
 7444 T:26fd  ff                                 .byt %01111111|%10000000

 7446 T:26fe                                    ; --------------------------------
 7447 T:26fe                                    ; "HPLOT" STATEMENT
 7448 T:26fe                                    ; 
 7449 T:26fe                                    ; HPLOT X,Y
 7450 T:26fe                                    ; HPLOT TO X,Y
 7451 T:26fe                                    ; HPLOT X1,Y1 TO X2,Y2
 7452 T:26fe                                    ; --------------------------------
 7453 T:26fe  c9 c1                    HPLOT     cmp #TOKEN_TO            ; "PLOT TO" FORM?
 7454 T:2700  f0 0d                              beq L_HPLOT_2                ; YES, START FROM CURRENT LOCATION
 7455 T:2702  20 b9 26                           jsr HFNS             ; NO, GET STARTING POINT OF LINE
 7456 T:2705  20 57 24                           jsr HPLOT0             ; PLOT THE POINT, AND SET UP FOR
 7457 T:2708                                    ; DRAWING A LINE FROM THAT POINT
 7458 T:2708  20 b7 00                 L_HPLOT_1 jsr CHRGOT             ; CHARACTER AT END OF EXPRESSION
 7459 T:270b  c9 c1                              cmp #TOKEN_TO               ; IS A LINE SPECIFIED?
 7460 T:270d  d0 e6                              bne RTS_23             ; NO, EXIT
 7461 T:270f  20 c0 0e                 L_HPLOT_2 jsr SYNCHR          ; YES. ADV. TXTPTR (WHY NOT CHRGET)
 7462 T:2712  20 b9 26                           jsr HFNS             ; GET COORDINATES OF LINE END
 7463 T:2715  84 9d                              sty DSCTMP                ; SET UP FOR LINE
 7464 T:2717  a8                                 tay                    ; 
 7465 T:2718  8a                                 txa                    ; 
 7466 T:2719  a6 9d                              ldx DSCTMP                ; 
 7467 T:271b  20 3a 25                           jsr HGLIN             ; PLOT LINE
 7468 T:271e  4c 08 27                           jmp L_HPLOT_1             ; LOOP TILL NO MORE "TO" PHRASES
 7469 T:2721                                    ; --------------------------------
 7470 T:2721                                    ; "ROT=" STATEMENT
 7471 T:2721                                    ; --------------------------------
 7472 T:2721  20 f8 16                 ROT       jsr GETBYT          ; EVAL EXP TO A BYTE IN X-REG
 7473 T:2724  86 f9                              stx HGR_ROTATION
 7474 T:2726  60                                 rts 
 7475 T:2727                                    ; --------------------------------
 7476 T:2727                                    ; "SCALE=" STATEMENT
 7477 T:2727                                    ; --------------------------------
 7478 T:2727  20 f8 16                 SCALE     jsr GETBYT          ; EVAL EXP TO A BYTE IN X-REG
 7479 T:272a  86 e7                              stx HGR_SCALE
 7480 T:272c  60                                 rts 
 7481 T:272d                                    ; --------------------------------
 7482 T:272d                                    ; SET UP FOR DRAW AND XDRAW
 7483 T:272d                                    ; --------------------------------
 7484 T:272d  20 f8 16                 DRWPNT    jsr GETBYT          ; GET SHAPE NUMBER IN X-REG
 7485 T:2730  a5 e8                              lda HGR_SHAPE_PNTR                ; SEARCH FOR THAT SHAPE
 7486 T:2732  85 1a                              sta HGR_SHAPE                ; SET UP PNTR TO BEGINNING OF TABLE
 7487 T:2734  a5 e9                              lda HGR_SHAPE_PNTR+1
 7488 T:2736  85 1b                              sta HGR_SHAPE+1
 7489 T:2738  8a                                 txa 
 7490 T:2739  a2 00                              ldx #0
 7491 T:273b  c1 1a                              cmp (HGR_SHAPE,X)               ; COMPARE TO # OF SHAPES IN TABLE
 7492 T:273d  f0 02                              beq L_DRWPNT_1                ; LAST SHAPE IN TABLE
 7493 T:273f  b0 a5                              bcs GGERR             ; SHAPE # TOO LARGE
 7494 T:2741  0a                       L_DRWPNT_1 asl                 ; DOUBLE SHAPE# TO MAKE AN INDEX
 7495 T:2742  90 03                              bcc L_DRWPNT_2                ; ADD 256 IF SHAPE # > 127
 7496 T:2744  e6 1b                              inc HGR_SHAPE+1
 7497 T:2746  18                                 clc 
 7498 T:2747  a8                       L_DRWPNT_2 tay                 ; USE INDEX TO LOOK UP OFFSET FOR SHAPE
 7499 T:2748  b1 1a                              lda (HGR_SHAPE),Y               ; IN OFFSET TABLE
 7500 T:274a  65 1a                              adc HGR_SHAPE
 7501 T:274c  aa                                 tax 
 7502 T:274d  c8                                 iny 
 7503 T:274e  b1 1a                              lda (HGR_SHAPE),Y
 7504 T:2750  65 e9                              adc HGR_SHAPE_PNTR+1
 7505 T:2752  85 1b                              sta HGR_SHAPE+1          ; SAVE ADDRESS OF SHAPE
 7506 T:2754  86 1a                              stx HGR_SHAPE
 7507 T:2756  20 b7 00                           jsr CHRGOT                ; IS THERE ANY "AT" PHRASE?
 7508 T:2759  c9 c5                              cmp #TOKENDB               ; 
 7509 T:275b  d0 09                              bne L_DRWPNT_3                ; NO, DRAW RIGHT WHERE WE ARE
 7510 T:275d  20 c0 0e                           jsr SYNCHR             ; SCAN OVER "AT"
 7511 T:2760  20 b9 26                           jsr HFNS             ; GET X- AND Y-COORDS TO START DRAWING AT
 7512 T:2763  20 11 24                           jsr HPOSN             ; SET UP CURSOR THERE
 7513 T:2766  a5 f9                    L_DRWPNT_3 lda HGR_ROTATION             ; ROTATION VALUE
 7514 T:2768  60                                 rts 
 7515 T:2769                                    ; --------------------------------
 7516 T:2769                                    ; "DRAW" STATEMENT
 7517 T:2769                                    ; --------------------------------
 7518 T:2769  20 2d 27                 DRAW      jsr DRWPNT
 7519 T:276c  4c 05 26                           jmp DRAW1
 7520 T:276f                                    ; --------------------------------
 7521 T:276f                                    ; "XDRAW" STATEMENT
 7522 T:276f                                    ; --------------------------------
 7523 T:276f  20 2d 27                 XDRAW     jsr DRWPNT
 7524 T:2772  4c 61 26                           jmp XDRAW1
 7525 T:2775                                    ; --------------------------------
 7526 T:2775                                    ; "SHLOAD" STATEMENT
 7527 T:2775                                    ; 
 7528 T:2775                                    ; READS A SHAPE TABLE FROM CASSETTE TAPE
 7529 T:2775                                    ; TO A POSITION JUST BELOW HIMEM.
 7530 T:2775                                    ; HIMEM IS THEN MOVED TO JUST BELOW THE TABLE
 7531 T:2775                                    ; --------------------------------
 7532 T:2775  a9 00                    SHLOAD    lda #>LINNUM           ; SET UP TO READ TWO BYTES
 7533 T:2777  85 3d                              sta MON_A1H                ; INTO LINNUM,LINNUM+1
 7534 T:2779  85 3f                              sta MON_A2H                ; 
 7535 T:277b  a0 50                              ldy #LINNUM               ; 
 7536 T:277d  84 3c                              sty MON_A1L                ; 
 7537 T:277f  c8                                 iny                    ; LINNUM+1
 7538 T:2780  84 3e                              sty MON_A2L                ; 
 7539 T:2782  20 fd fe                           jsr MON_READ                ; READ TAPE
 7540 T:2785  18                                 clc                    ; SETUP TO READ (LINNUM) BYTES
 7541 T:2786  a5 73                              lda MEMSIZ                ; ENDING AT HIMEM-1
 7542 T:2788  aa                                 tax                    ; 
 7543 T:2789  ca                                 dex                    ; FORMING HIMEM-1
 7544 T:278a  86 3e                              stx MON_A2L                ; 
 7545 T:278c  e5 50                              sbc LINNUM                ; FORMING HIMEM-(LINNUM)
 7546 T:278e  48                                 pha                    ; 
 7547 T:278f  a5 74                              lda MEMSIZ+1          ; 
 7548 T:2791  a8                                 tay                    ; 
 7549 T:2792  e8                                 inx                    ; SEE IF HIMEM LOW-BYTE WAS ZERO
 7550 T:2793  d0 01                              bne L_SHLOAD_1                ; NO
 7551 T:2795  88                                 dey                    ; YES, HAVE TO DECREMENT HIGH BYTE
 7552 T:2796  84 3f                    L_SHLOAD_1 sty MON_A2H             ; 
 7553 T:2798  e5 51                              sbc LINNUM+1          ; 
 7554 T:279a  c5 6e                              cmp STREND+1          ; RUNNING INTO VARIABLES?
 7555 T:279c  90 02                              bcc L_SHLOAD_2                ; YES, OUT OF MEMORY
 7556 T:279e  d0 03                              bne L_SHLOAD_3                ; NO, STILL ROOM
 7557 T:27a0  4c 10 04                 L_SHLOAD_2 jmp MEMERR          ; MEM FULL ERR
 7558 T:27a3  85 74                    L_SHLOAD_3 sta MEMSIZ+1       ; 
 7559 T:27a5  85 70                              sta FRETOP+1          ; CLEAR STRING SPACE
 7560 T:27a7  85 3d                              sta MON_A1H                ; (BUT NAMES ARE STILL IN VARTBL!)
 7561 T:27a9  85 e9                              sta HGR_SHAPE_PNTR+1
 7562 T:27ab  68                                 pla 
 7563 T:27ac  85 e8                              sta HGR_SHAPE_PNTR
 7564 T:27ae  85 73                              sta MEMSIZ
 7565 T:27b0  85 6f                              sta FRETOP
 7566 T:27b2  85 3c                              sta MON_A1L
 7567 T:27b4  20 fa fc                           jsr MON_RD2BIT                ; READ TO TAPE TRANSITIONS
 7568 T:27b7  a9 03                              lda #3             ; SHORT DELAY FOR INTERMEDIATE HEADER
 7569 T:27b9  4c 02 ff                           jmp MON_READ2                ; READ SHAPES
 7570 T:27bc                                    ; --------------------------------
 7571 T:27bc                                    ; CALLED FROM STORE AND RECALL
 7572 T:27bc                                    ; --------------------------------
 7573 T:27bc                           TAPEPNT   
 7574 T:27bc  18                                 clc 
 7575 T:27bd  a5 9b                              lda LOWTR
 7576 T:27bf  65 50                              adc LINNUM
 7577 T:27c1  85 3e                              sta MON_A2L
 7578 T:27c3  a5 9c                              lda LOWTR+1
 7579 T:27c5  65 51                              adc LINNUM+1
 7580 T:27c7  85 3f                              sta MON_A2H
 7581 T:27c9  a0 04                              ldy #4
 7582 T:27cb  b1 9b                              lda (LOWTR),Y
 7583 T:27cd  20 ef 10                           jsr GETARY2
 7584 T:27d0  a5 94                              lda HIGHDS
 7585 T:27d2  85 3c                              sta MON_A1L
 7586 T:27d4  a5 95                              lda HIGHDS+1
 7587 T:27d6  85 3d                              sta MON_A1H
 7588 T:27d8  60                                 rts 
 7589 T:27d9                                    ; --------------------------------
 7590 T:27d9                                    ; CALLED FROM STORE AND RECALL
 7591 T:27d9                                    ; --------------------------------
 7592 T:27d9                           GETARYPT  
 7593 T:27d9  a9 40                              lda #$40
 7594 T:27db  85 14                              sta SUBFLG
 7595 T:27dd  20 e3 0f                           jsr PTRGET
 7596 T:27e0  a9 00                              lda #0
 7597 T:27e2  85 14                              sta SUBFLG
 7598 T:27e4  4c f0 08                           jmp VARTIO
 7599 T:27e7                                    ; --------------------------------
 7600 T:27e7                                    ; "HTAB" STATEMENT
 7601 T:27e7                                    ; 
 7602 T:27e7                                    ; NOTE THAT IF WNDLEFT IS NOT 0, HTAB CAN PRINT
 7603 T:27e7                                    ; OUTSIDE THE SCREEN (EG., IN THE PROGRAM)
 7604 T:27e7                                    ; --------------------------------
 7605 T:27e7  20 f8 16                 HTAB      jsr GETBYT
 7606 T:27ea  ca                                 dex 
 7607 T:27eb  8a                                 txa 
 7608 T:27ec  c9 28                    L_HTAB_1  cmp #40
 7609 T:27ee  90 0a                              bcc L_HTAB_2
 7610 T:27f0  e9 28                              sbc #40
 7611 T:27f2  48                                 pha 
 7612 T:27f3  20 fb 0a                           jsr CRDO
 7613 T:27f6  68                                 pla 
 7614 T:27f7  4c ec 27                           jmp L_HTAB_1
 7615 T:27fa  85 24                    L_HTAB_2  sta MON_CH
 7616 T:27fc  60                                 rts 
 7617 T:27fd                                    ; --------------------------------
 7618 T:27fd  cb                                 .byt ("K"|%10000000)
 7619 T:27fe  d2                                 .byt ("R"|%10000000)
 7620 T:27ff  d7                                 .byt ("W"|%10000000)
 7621 T:2800                                    ; UNKNOWN
