; ============================================================
; Combined Apple II ROM listing
; Addresses are absolute (T:XXXX rewritten from layout).
; ============================================================


; ----------------------------------------------------
;  Module: Applesoft :: applesoft
;  Base : $D000    Size: $2800    End : $F800
; ----------------------------------------------------

applesoft.s65


   29 T:d000                                    ; --------------------------------
   30 T:d000                                    ;
   31 T:d000                                    ; Applesoft BASIC, V2
   32 T:d000                                    ;
   33 T:d000                                    ; Written by Marc McDonald and Randy Wigginton.
   34 T:d000                                    ;
   35 T:d000                                    ; Original copyright 1976 by Microsoft,
   36 T:d000                                    ; 1977 by Apple Computer.
   37 T:d000                                    ;
   38 T:d000                                    ; Disassembled by (unknown).
   39 T:d000                                    ; Fixed by Chris Mosher.
   40 T:d000                                    ; 
   41 T:d000                                    ; For the cc65.org Assembler (ca65)
   42 T:d000                                    ;
   43 T:d000                                    ; Applesoft BASIC was first written by
   44 T:d000                                    ; Marc McDonald, the first employee of Microsoft,
   45 T:d000                                    ; in mid-1976. That version was bought by Apple
   46 T:d000                                    ; and released (on casette) in Nov. 1977.
   47 T:d000                                    ;
   48 T:d000                                    ; Version 2 was written by Randy Wigginton and
   49 T:d000                                    ; others at Apple in spring 1978. This version
   50 T:d000                                    ; was released in several different forms. The
   51 T:d000                                    ; one reproduced by this source assembly file is
   52 T:d000                                    ; the main-board ROM form, which appeared in the
   53 T:d000                                    ; Apple ][ plus ROM at $D000-$F7FF.
   54 T:d000                                    ;
   55 T:d000                                    ; --------------------------------

   59 T:d000                                    ; --------------------------------
   60 T:d000                                    ; ZERO PAGE LOCATIONS:
   61 T:d000                                    ; --------------------------------
   62 T:d000                                    GOWARM=$00           ; GETS "JMP RESTART"
   63 T:d000                                    GOSTROUT=$03           ; GETS "JMP STROUT"
   64 T:d000                                    USR=$0a           ; GETS "JMP <USER ADDR>"
   65 T:d000                                    ; (INITIALLY $E199)
   66 T:d000                                    CHARAC=$0d           ; ALTERNATE STRING TERMINATOR
   67 T:d000                                    ENDCHR=$0e           ; STRING TERMINATOR
   68 T:d000                                    TKN_CNTR=$0f           ; USED IN PARSE
   69 T:d000                                    EOL_PNTR=$0f           ; USED IN NXLIN
   70 T:d000                                    NUMDIM=$0f           ; USED IN ARRAY ROUTINES
   71 T:d000                                    DIMFLG=$10           ; 
   72 T:d000                                    VALTYP=$11           ; $:VALTYP=$FF; %:VALTYP+1=$80
   73 T:d000                                    DATAFLG=$13           ; USED IN PARSE
   74 T:d000                                    GARFLG=$13           ; USED IN GARBAG
   75 T:d000                                    SUBFLG=$14           ; 
   76 T:d000                                    INPUTFLG=$15           ; = $40 FOR GET, $98 FOR READ
   77 T:d000                                    CPRMASK=$16           ; RECEIVES CPRTYP IN FRMEVL
   78 T:d000                                    SIGNFLG=$16           ; FLAGS SIGN IN TAN
   79 T:d000                                    HGR_SHAPE=$1a           ; 
   80 T:d000                                    HGR_BITS=$1c           ; 
   81 T:d000                                    HGR_COUNT=$1d           ; 
   82 T:d000                                    MON_CH=$24           ; 
   83 T:d000                                    MON_GBASL=$26           ; 
   84 T:d000                                    MON_GBASH=$27           ; 
   85 T:d000                                    MON_H2=$2c           ; 
   86 T:d000                                    MON_V2=$2d           ; 
   87 T:d000                                    MON_HMASK=$30           ; 
   88 T:d000                                    MON_INVFLG=$32           ; 
   89 T:d000                                    MON_PROMPT=$33           ; 
   90 T:d000                                    MON_A1L=$3c           ; USED BY TAPE I/O ROUTINES
   91 T:d000                                    MON_A1H=$3d           ; "
   92 T:d000                                    MON_A2L=$3e           ; "
   93 T:d000                                    MON_A2H=$3f           ; "
   94 T:d000                                    LINNUM=$50           ; CONVERTED LINE #
   95 T:d000                                    TEMPPT=$52           ; LAST USED TEMP STRING DESC
   96 T:d000                                    LASTPT=$53           ; LAST USED TEMP STRING PNTR
   97 T:d000                                    TEMPST=$55           ; HOLDS UP TO 3 DESCRIPTORS
   98 T:d000                                    INDEX=$5e           ; 
   99 T:d000                                    DEST=$60           ; 
  100 T:d000                                    RESULT=$62           ; RESULT OF LAST * OR /
  101 T:d000                                    TXTTAB=$67           ; START OF PROGRAM TEXT
  102 T:d000                                    VARTAB=$69           ; START OF VARIABLE STORAGE
  103 T:d000                                    ARYTAB=$6b           ; START OF ARRAY STORAGE
  104 T:d000                                    STREND=$6d           ; END OF ARRAY STORAGE
  105 T:d000                                    FRETOP=$6f           ; START OF STRING STORAGE
  106 T:d000                                    FRESPC=$71           ; TEMP PNTR, STRING ROUTINES
  107 T:d000                                    MEMSIZ=$73           ; END OF STRING SPACE (HIMEM)
  108 T:d000                                    CURLIN=$75           ; CURRENT LINE NUMBER
  109 T:d000                                    ; ( = $FFXX IF IN DIRECT MODE)
  110 T:d000                                    OLDLIN=$77           ; ADDR. OF LAST LINE EXECUTED
  111 T:d000                                    OLDTEXT=$79           ; 
  112 T:d000                                    DATLIN=$7b           ; LINE # OF CURRENT DATA STT.
  113 T:d000                                    DATPTR=$7d           ; ADDR OF CURRENT DATA STT.
  114 T:d000                                    INPTR=$7f           ; 
  115 T:d000                                    VARNAM=$81           ; NAME OF VARIABLE
  116 T:d000                                    VARPNT=$83           ; ADDR OF VARIABLE
  117 T:d000                                    FORPNT=$85           ; 
  118 T:d000                                    TXPSV=$87           ; USED IN INPUT
  119 T:d000                                    LASTOP=$87           ; SCRATCH FLAG USED IN FRMEVL
  120 T:d000                                    CPRTYP=$89           ; >,=,< FLAG IN FRMEVL
  121 T:d000                                    TEMP3=$8a           ; 
  122 T:d000                                    FNCNAM=$8a           ; 
  123 T:d000                                    DSCPTR=$8c           ; 
  124 T:d000                                    DSCLEN=$8f           ; USED IN GARBAG
  125 T:d000                                    JMPADRS=$90           ; GETS "JMP ...."
  126 T:d000                                    LENGTH=$91           ; USED IN GARBAG
  127 T:d000                                    ARG_EXTENSION=$92           ; FP EXTRA PRECISION
  128 T:d000                                    TEMP1=$93           ; SAVE AREAS FOR FAC
  129 T:d000                                    ARYPNT=$94           ; USED IN GARBAG
  130 T:d000                                    HIGHDS=$94           ; PNTR FOR BLTU
  131 T:d000                                    HIGHTR=$96           ; PNTR FOR BLTU
  132 T:d000                                    TEMP2=$98           ; 
  133 T:d000                                    TMPEXP=$99           ; USED IN FIN (EVAL)
  134 T:d000                                    INDX=$99           ; USED BY ARRAY RTNS
  135 T:d000                                    EXPON=$9a           ; "
  136 T:d000                                    DPFLG=$9b           ; FLAGS DEC PNT IN FIN
  137 T:d000                                    LOWTR=$9b           ; 
  138 T:d000                                    EXPSGN=$9c           ; 
  139 T:d000                                    FAC=$9d           ; MAIN FLT PT ACCUMULATOR
  140 T:d000                                    DSCTMP=$9d           ; 
  141 T:d000                                    VPNT=$a0           ; TEMP VAR PTR
  142 T:d000                                    FAC_SIGN=$a2           ; HOLDS UNPACKED SIGN
  143 T:d000                                    SERLEN=$a3           ; HOLDS LENGTH OF SERIES-1
  144 T:d000                                    SHIFT_SIGN_EXT=$a4           ; SIGN EXTENSION, RIGHT SHIFTS
  145 T:d000                                    ARG=$a5           ; SECONDARY FP ACC
  146 T:d000                                    ARG_SIGN=$aa           ; 
  147 T:d000                                    SGNCPR=$ab           ; FLAGS OPP SIGN IN FP ROUT.
  148 T:d000                                    FAC_EXTENSION=$ac           ; FAC EXTENSION BYTE
  149 T:d000                                    SERPNT=$ad           ; PNTR TO SERIES DATA IN FP
  150 T:d000                                    STRNG1=$ab           ; 
  151 T:d000                                    STRNG2=$ad           ; 
  152 T:d000                                    PRGEND=$af           ; 
  153 T:d000                                    CHRGET=$b1           ; 
  154 T:d000                                    CHRGOT=$b7           ; 
  155 T:d000                                    TXTPTR=$b8           ; 
  156 T:d000                                    RNDSEED=$c9           ; 
  157 T:d000                                    HGR_DX=$d0           ; 
  158 T:d000                                    HGR_DY=$d2           ; 
  159 T:d000                                    HGR_QUADRANT=$d3           ; 
  160 T:d000                                    HGR_E=$d4           ; 
  161 T:d000                                    LOCK=$d6           ; NO USER ACCESS IF > 127
  162 T:d000                                    ERRFLG=$d8           ; $80 IF ON ERR ACTIVE
  163 T:d000                                    ERRLIN=$da           ; LINE # WHERE ERROR OCCURRED
  164 T:d000                                    ERRPOS=$dc           ; TXTPTR SAVE FOR HANDLERR
  165 T:d000                                    ERRNUM=$de           ; WHICH ERROR OCCURRED
  166 T:d000                                    ERRSTK=$df           ; STACK PNTR BEFORE ERROR
  167 T:d000                                    HGR_X=$e0           ; 
  168 T:d000                                    HGR_Y=$e2           ; 
  169 T:d000                                    HGR_COLOR=$e4           ; 
  170 T:d000                                    HGR_HORIZ=$e5           ; BYTE INDEX FROM GBASH,L
  171 T:d000                                    HGR_PAGE=$e6           ; HGR=$20, HGR2=$40
  172 T:d000                                    HGR_SCALE=$e7           ; 
  173 T:d000                                    HGR_SHAPE_PNTR=$e8           ; 
  174 T:d000                                    HGR_COLLISIONS=$ea           ; 
  175 T:d000                                    FIRST=$f0           ; 
  176 T:d000                                    SPEEDZ=$f1           ; OUTPUT SPEED
  177 T:d000                                    TRCFLG=$f2           ; 
  178 T:d000                                    FLASH_BIT=$f3           ; = $40 FOR FLASH, ELSE =$00
  179 T:d000                                    TXTPSV=$f4           ; 
  180 T:d000                                    CURLSV=$f6           ; 
  181 T:d000                                    REMSTK=$f8           ; STACK PNTR BEFORE EACH STT.
  182 T:d000                                    HGR_ROTATION=$f9           ; 
  183 T:d000                                    ; $FF IS ALSO USED BY THE STRING OUT ROUTINES
  184 T:d000                                    ; --------------------------------
  185 T:d000                                    STACK=$0100
  186 T:d000                                    INPUT_BUFFER=$0200
  187 T:d000                                    AMPERSAND_VECTOR=$03f5           ; - 3F7   GETS "JMP ...."
  188 T:d000                                    ; --------------------------------
  189 T:d000                                    ; I/O & SOFT SWITCHES
  190 T:d000                                    ; --------------------------------
  191 T:d000                                    KEYBOARD=$c000
  192 T:d000                                    SW_TXTCLR=$c050
  193 T:d000                                    SW_MIXCLR=$c052
  194 T:d000                                    SW_MIXSET=$c053
  195 T:d000                                    SW_LOWSCR=$c054
  196 T:d000                                    SW_HISCR=$c055
  197 T:d000                                    SW_LORES=$c056
  198 T:d000                                    SW_HIRES=$c057
  199 T:d000                                    ; --------------------------------
  200 T:d000                                    ; MONITOR SUBROUTINES
  201 T:d000                                    ; --------------------------------
  202 T:d000                                    MON_PLOT=$f800
  203 T:d000                                    MON_HLINE=$f819
  204 T:d000                                    MON_VLINE=$f828
  205 T:d000                                    MON_SETCOL=$f864
  206 T:d000                                    MON_SCRN=$f871
  207 T:d000                                    MON_PREAD=$fb1e
  208 T:d000                                    MON_SETTXT=$fb39
  209 T:d000                                    MON_SETGR=$fb40
  210 T:d000                                    MON_TABV=$fb5b
  211 T:d000                                    MON_HOME=$fc58
  212 T:d000                                    MON_WAIT=$fca8
  213 T:d000                                    MON_RD2BIT=$fcfa
  214 T:d000                                    MON_RDKEY=$fd0c
  215 T:d000                                    MON_GETLN=$fd6a
  216 T:d000                                    MON_COUT=$fded
  217 T:d000                                    MON_INPORT=$fe8b
  218 T:d000                                    MON_OUTPORT=$fe95
  219 T:d000                                    MON_WRITE=$fecd
  220 T:d000                                    MON_READ=$fefd
  221 T:d000                                    MON_READ2=$ff02
  222 T:d000                                    ; --------------------------------
  223 T:d000                                    ; --------------------------------
  224 T:d000                                    ; APPLESOFT TOKENS
  225 T:d000                                    ; --------------------------------
  226 T:d000                                    TOKEN_FOR=$81
  227 T:d000                                    TOKENDWTA=$83
  228 T:d000                                    TOKEN_POP=$a1
  229 T:d000                                    TOKEN_GOTO=$ab
  230 T:d000                                    TOKEN_GOSUB=$b0
  231 T:d000                                    TOKEN_REM=$b2
  232 T:d000                                    TOKEN_PRINT=$ba
  233 T:d000                                    TOKEN_TAB=$c0
  234 T:d000                                    TOKEN_TO=$c1
  235 T:d000                                    TOKEN_FN=$c2
  236 T:d000                                    TOKEN_SPC=$c3
  237 T:d000                                    TOKEN_THEN=$c4
  238 T:d000                                    TOKENDB=$c5
  239 T:d000                                    TOKEN_NOT=$c6
  240 T:d000                                    TOKEN_STEP=$c7
  241 T:d000                                    TOKEN_PLUS=$c8
  242 T:d000                                    TOKEN_MINUS=$c9
  243 T:d000                                    TOKEN_GREATER=$cf
  244 T:d000                                    TOKENEQUUAL=$d0
  245 T:d000                                    TOKEN_SGN=$d2
  246 T:d000                                    TOKEN_SCRN=$d7
  247 T:d000                                    TOKEN_LEFTSTR=$e8
  248 T:d000                                    ; --------------------------------
  249 T:d000                                    ; BRANCH TABLE FOR TOKENS
  250 T:d000                                    ; --------------------------------
  251 T:d000  6f 08                    TOKEN_ADDRESS_TABLE .word ENDX-1       ; $80...128...END
  252 T:d002  65 07                              .word FOR-1          ; $81...129...FOR
  253 T:d004  f8 0c                              .word NEXT-1          ; $82...130...NEXT
  254 T:d006  94 09                              .word DATA-1          ; $83...131..DWTA
  255 T:d008  b1 0b                              .word INPUT-1          ; $84...132...INPUT
  256 T:d00a  30 23                              .word DEL-1          ; $85...133...DEL
  257 T:d00c  d8 0f                              .word DIM-1          ; $86...134...DIM
  258 T:d00e  e1 0b                              .word READ-1          ; $87...135...READ
  259 T:d010  8f 23                              .word GR-1          ; $88...136...GR
  260 T:d012  98 23                              .word TEXT-1          ; $89...137...TEXT
  261 T:d014  e4 21                              .word PR_NUMBER-1          ; $8A...138...PR#
  262 T:d016  dd 21                              .word IN_NUMBER-1          ; $8B...139...IN#
  263 T:d018  d4 21                              .word CALL-1          ; $8C...140...CALL
  264 T:d01a  24 22                              .word PLOT-1          ; $8D...141...PLOT
  265 T:d01c  31 22                              .word HLIN-1          ; $8E...142...HLIN
  266 T:d01e  40 22                              .word VLIN-1          ; $8F...143...VLIN
  267 T:d020  d7 23                              .word HGR2-1          ; $90...144...HGR2
  268 T:d022  e1 23                              .word HGR-1          ; $91...145...HGR
  269 T:d024  e8 26                              .word HCOLOR-1          ; $92...146...HCOLOR=
  270 T:d026  fd 26                              .word HPLOT-1          ; $93...147...HPLOT
  271 T:d028  68 27                              .word DRAW-1          ; $94...148...DRAW
  272 T:d02a  6e 27                              .word XDRAW-1          ; $95...149...XDRAW
  273 T:d02c  e6 27                              .word HTAB-1          ; $96...150...HTAB
  274 T:d02e  57 fc                              .word MON_HOME-1          ; $97...151...HOME
  275 T:d030  20 27                              .word ROT-1          ; $98...152...ROT=
  276 T:d032  26 27                              .word SCALE-1          ; $99...153...SCALE=
  277 T:d034  74 27                              .word SHLOAD-1          ; $9A...154...SHLOAD
  278 T:d036  6c 22                              .word TRACE-1          ; $9B...155...TRACE
  279 T:d038  6e 22                              .word NOTRACE-1          ; $9C...156...NOTRACE
  280 T:d03a  72 22                              .word NORMAL-1          ; $9D...157...NORMAL
  281 T:d03c  76 22                              .word INVERSE-1          ; $9E...158...INVERSE
  282 T:d03e  7f 22                              .word FLASH-1          ; $9F...159...FLASH
  283 T:d040  4e 22                              .word COLOR-1          ; $A0...160...COLOR=
  284 T:d042  6a 09                              .word POP-1          ; $A1...161...POP
  285 T:d044  55 22                              .word VTAB-1          ; $A2...162...VTAB
  286 T:d046  85 22                              .word HIMEM-1          ; $A3...163...HIMEM:
  287 T:d048  a5 22                              .word LOMEM-1          ; $A4...164...LOMEM:
  288 T:d04a  ca 22                              .word ONERR-1          ; $A5...165...ONERR
  289 T:d04c  17 23                              .word RESUME-1          ; $A6...166...RESUME
  290 T:d04e  bb 23                              .word RECALL-1          ; $A7...167...RECALL
  291 T:d050  9e 23                              .word STORE-1          ; $A8...168...STORE
  292 T:d052  61 22                              .word SPEED-1          ; $A9...169...SPEED=
  293 T:d054  45 0a                              .word LET-1          ; $AA...170...LET
  294 T:d056  3d 09                              .word GOTO-1          ; $AB...171...GOTO
  295 T:d058  11 09                              .word RUN-1          ; $AC...172...RUN
  296 T:d05a  c8 09                              .word IF-1          ; $AD...173...IF
  297 T:d05c  48 08                              .word RESTORE-1          ; $AE...174...RESTORE
  298 T:d05e  f4 03                              .word AMPERSAND_VECTOR-1          ; $AF...175...&
  299 T:d060  20 09                              .word GOSUB-1          ; $B0...176...GOSUB
  300 T:d062  6a 09                              .word POP-1          ; $B1...177...RETURN
  301 T:d064  db 09                              .word REM-1          ; $B2...178...REM
  302 T:d066  6d 08                              .word STOP-1          ; $B3...179...STOP
  303 T:d068  eb 09                              .word ONGOTO-1          ; $B4...180...ON
  304 T:d06a  83 17                              .word WAIT-1          ; $B5...181...WAIT
  305 T:d06c  c8 08                              .word LOAD-1          ; $B6...182...LOAD
  306 T:d06e  af 08                              .word SAVE-1          ; $B7...183...SAVE
  307 T:d070  12 13                              .word DEF-1          ; $B8...184...DEF
  308 T:d072  7a 17                              .word POKE-1          ; $B9...185...POKE
  309 T:d074  d4 0a                              .word PRINT-1          ; $BA...186...PRINT
  310 T:d076  95 08                              .word CONT-1          ; $BB...187...CONT
  311 T:d078  a4 06                              .word LIST-1          ; $BC...188...LIST
  312 T:d07a  69 06                              .word CLEAR-1          ; $BD...189...CLEAR
  313 T:d07c  9f 0b                              .word GET-1          ; $BE...190...GET
  314 T:d07e  48 06                              .word NEW-1          ; $BF...191...NEW
  315 T:d080                                    ; --------------------------------
  316 T:d080  90 1b                    UNFNC     .word SGN             ; $D2...210...SGN
  317 T:d082  23 1c                              .word INT                ; $D3...211...INT
  318 T:d084  af 1b                              .word ABS                ; $D4...212...ABS
  319 T:d086  0a 00                              .word USR                ; $D5...213...USR
  320 T:d088  de 12                              .word FRE                ; $D6...214...FRE
  321 T:d08a  12 04                              .word ERROR                ; $D7...215...SCRN(
  322 T:d08c  cd 0f                              .word PDL                ; $D8...216...PDL
  323 T:d08e  ff 12                              .word POS                ; $D9...217...POS
  324 T:d090  8d 1e                              .word SQR                ; $DA...218...SQR
  325 T:d092  ae 1f                              .word RND                ; $DB...219...RND
  326 T:d094  41 19                              .word LOG                ; $DC...220...LOG
  327 T:d096  09 1f                              .word EXP                ; $DD...221...EXP
  328 T:d098  ea 1f                              .word COS                ; $DE...222...COS
  329 T:d09a  f1 1f                              .word SIN                ; $DF...223...SIN
  330 T:d09c  3a 20                              .word TAN                ; $E0...224...TAN
  331 T:d09e  9e 20                              .word ATN                ; $E1...225...ATN
  332 T:d0a0  64 17                              .word PEEK                ; $E2...226...PEEK
  333 T:d0a2  d6 16                              .word LEN                ; $E3...227...LEN
  334 T:d0a4  c5 13                              .word STR                ; $E4...228...STR$
  335 T:d0a6  07 17                              .word VAL                ; $E5...229...VAL
  336 T:d0a8  e5 16                              .word ASC                ; $E6...230...ASC
  337 T:d0aa  46 16                              .word CHRSTR                ; $E7...231...CHR$
  338 T:d0ac  5a 16                              .word LEFTSTR                ; $E8...232...LEFT$
  339 T:d0ae  86 16                              .word RIGHTSTR                ; $E9...233...RIGHT$
  340 T:d0b0  91 16                              .word MIDSTR                ; $EA...234...MID$
  341 T:d0b2                                    ; --------------------------------
  342 T:d0b2                                    ; MATH OPERATOR BRANCH TABLE
  343 T:d0b2                                    ; 
  344 T:d0b2                                    ; ONE-BYTE PRECEDENCE CODE
  345 T:d0b2                                    ; TWO-BYTE ADDRESS
  346 T:d0b2                                    ; --------------------------------
  347 T:d0b2                                    P_OR=$46           ; "OR" IS LOWEST PRECEDENCE
  348 T:d0b2                                    P_AND=$50           ; 
  349 T:d0b2                                    P_REL=$64           ; RELATIONAL OPERATORS
  350 T:d0b2                                    P_ADD=$79           ; BINARY + AND -
  351 T:d0b2                                    P_MUL=$7b           ; * AND /
  352 T:d0b2                                    P_PWR=$7d           ; EXPONENTIATION
  353 T:d0b2                                    P_NEQ=$7f           ; UNARY - AND COMPARISON =
  354 T:d0b2                                    ; --------------------------------
  355 T:d0b2  79                       MATHTBL   .byt P_ADD
  356 T:d0b3  c0 17                              .word FADDT-1          ; $C8...200...+
  357 T:d0b5  79                                 .byt P_ADD
  358 T:d0b6  a9 17                              .word FSUBT-1          ; $C9...201...-
  359 T:d0b8  7b                                 .byt P_MUL
  360 T:d0b9  81 19                              .word FMULTT-1          ; $CA...202...*
  361 T:d0bb  7b                                 .byt P_MUL
  362 T:d0bc  68 1a                              .word FDIVT-1          ; $CB...203.../
  363 T:d0be  7d                                 .byt P_PWR
  364 T:d0bf  96 1e                              .word FPWRT-1          ; $CC...204...^
  365 T:d0c1  50                                 .byt P_AND
  366 T:d0c2  54 0f                              .word ANDOP-1          ; $CD...205...AND
  367 T:d0c4  46                                 .byt P_OR
  368 T:d0c5  4e 0f                              .word OR-1          ; $CE...206...OR
  369 T:d0c7  7f                       M_NEG     .byt P_NEQ
  370 T:d0c8  cf 1e                              .word NEGOP-1          ; $CF...207...>
  371 T:d0ca  7f                       MEQUU     .byt P_NEQ
  372 T:d0cb  97 0e                              .word EQUOP-1          ; $D0...208...=
  373 T:d0cd  64                       M_REL     .byt P_REL
  374 T:d0ce  64 0f                              .word RELOPS-1          ; $D1...209...<

  376 T:d0d0                                    ; --------------------------------
  377 T:d0d0                                    ; TOKEN NAME TABLE
  378 T:d0d0                                    ; --------------------------------
  379 T:d0d0                                    ;

  381 T:d0d0  45                       TOKEN_NAME_TABLE .byt ("E"&%01111111)
  382 T:d0d1  4e                                 .byt ("N"&%01111111)
  383 T:d0d2  c4                                 .byt ("D"|%10000000)
  384 T:d0d3                                    ; $80...128
  385 T:d0d3  46                                 .byt ("F"&%01111111)
  386 T:d0d4  4f                                 .byt ("O"&%01111111)
  387 T:d0d5  d2                                 .byt ("R"|%10000000)
  388 T:d0d6                                    ; $81...129
  389 T:d0d6  4e                                 .byt ("N"&%01111111)
  390 T:d0d7  45                                 .byt ("E"&%01111111)
  391 T:d0d8  58                                 .byt ("X"&%01111111)
  392 T:d0d9  d4                                 .byt ("T"|%10000000)
  393 T:d0da                                    ; $82...130
  394 T:d0da  44                                 .byt ("D"&%01111111)
  395 T:d0db  41                                 .byt ("A"&%01111111)
  396 T:d0dc  54                                 .byt ("T"&%01111111)
  397 T:d0dd  c1                                 .byt ("A"|%10000000)
  398 T:d0de                                    ; $83...131
  399 T:d0de  49                                 .byt ("I"&%01111111)
  400 T:d0df  4e                                 .byt ("N"&%01111111)
  401 T:d0e0  50                                 .byt ("P"&%01111111)
  402 T:d0e1  55                                 .byt ("U"&%01111111)
  403 T:d0e2  d4                                 .byt ("T"|%10000000)
  404 T:d0e3                                    ; $84...132
  405 T:d0e3  44                                 .byt ("D"&%01111111)
  406 T:d0e4  45                                 .byt ("E"&%01111111)
  407 T:d0e5  cc                                 .byt ("L"|%10000000)
  408 T:d0e6                                    ; $85...133
  409 T:d0e6  44                                 .byt ("D"&%01111111)
  410 T:d0e7  49                                 .byt ("I"&%01111111)
  411 T:d0e8  cd                                 .byt ("M"|%10000000)
  412 T:d0e9                                    ; $86...134
  413 T:d0e9  52                                 .byt ("R"&%01111111)
  414 T:d0ea  45                                 .byt ("E"&%01111111)
  415 T:d0eb  41                                 .byt ("A"&%01111111)
  416 T:d0ec  c4                                 .byt ("D"|%10000000)
  417 T:d0ed                                    ; $87...135
  418 T:d0ed  47                                 .byt ("G"&%01111111)
  419 T:d0ee  d2                                 .byt ("R"|%10000000)
  420 T:d0ef                                    ; $88...136
  421 T:d0ef  54                                 .byt ("T"&%01111111)
  422 T:d0f0  45                                 .byt ("E"&%01111111)
  423 T:d0f1  58                                 .byt ("X"&%01111111)
  424 T:d0f2  d4                                 .byt ("T"|%10000000)
  425 T:d0f3                                    ; $89...137
  426 T:d0f3  50                                 .byt ("P"&%01111111)
  427 T:d0f4  52                                 .byt ("R"&%01111111)
  428 T:d0f5  a3                                 .byt ("#"|%10000000)
  429 T:d0f6                                    ; $8A...138
  430 T:d0f6  49                                 .byt ("I"&%01111111)
  431 T:d0f7  4e                                 .byt ("N"&%01111111)
  432 T:d0f8  a3                                 .byt ("#"|%10000000)
  433 T:d0f9                                    ; $8B...139
  434 T:d0f9  43                                 .byt ("C"&%01111111)
  435 T:d0fa  41                                 .byt ("A"&%01111111)
  436 T:d0fb  4c                                 .byt ("L"&%01111111)
  437 T:d0fc  cc                                 .byt ("L"|%10000000)
  438 T:d0fd                                    ; $8C...140
  439 T:d0fd  50                                 .byt ("P"&%01111111)
  440 T:d0fe  4c                                 .byt ("L"&%01111111)
  441 T:d0ff  4f                                 .byt ("O"&%01111111)
  442 T:d100  d4                                 .byt ("T"|%10000000)
  443 T:d101                                    ; $8D...141
  444 T:d101  48                                 .byt ("H"&%01111111)
  445 T:d102  4c                                 .byt ("L"&%01111111)
  446 T:d103  49                                 .byt ("I"&%01111111)
  447 T:d104  ce                                 .byt ("N"|%10000000)
  448 T:d105                                    ; $8E...142
  449 T:d105  56                                 .byt ("V"&%01111111)
  450 T:d106  4c                                 .byt ("L"&%01111111)
  451 T:d107  49                                 .byt ("I"&%01111111)
  452 T:d108  ce                                 .byt ("N"|%10000000)
  453 T:d109                                    ; $8F...143
  454 T:d109  48                                 .byt ("H"&%01111111)
  455 T:d10a  47                                 .byt ("G"&%01111111)
  456 T:d10b  52                                 .byt ("R"&%01111111)
  457 T:d10c  b2                                 .byt ("2"|%10000000)
  458 T:d10d                                    ; $90...144
  459 T:d10d  48                                 .byt ("H"&%01111111)
  460 T:d10e  47                                 .byt ("G"&%01111111)
  461 T:d10f  d2                                 .byt ("R"|%10000000)
  462 T:d110                                    ; $91...145
  463 T:d110  48                                 .byt ("H"&%01111111)
  464 T:d111  43                                 .byt ("C"&%01111111)
  465 T:d112  4f                                 .byt ("O"&%01111111)
  466 T:d113  4c                                 .byt ("L"&%01111111)
  467 T:d114  4f                                 .byt ("O"&%01111111)
  468 T:d115  52                                 .byt ("R"&%01111111)
  469 T:d116  bd                                 .byt ("="|%10000000)
  470 T:d117                                    ; $92...146
  471 T:d117  48                                 .byt ("H"&%01111111)
  472 T:d118  50                                 .byt ("P"&%01111111)
  473 T:d119  4c                                 .byt ("L"&%01111111)
  474 T:d11a  4f                                 .byt ("O"&%01111111)
  475 T:d11b  d4                                 .byt ("T"|%10000000)
  476 T:d11c                                    ; $93...147
  477 T:d11c  44                                 .byt ("D"&%01111111)
  478 T:d11d  52                                 .byt ("R"&%01111111)
  479 T:d11e  41                                 .byt ("A"&%01111111)
  480 T:d11f  d7                                 .byt ("W"|%10000000)
  481 T:d120                                    ; $94...148
  482 T:d120  58                                 .byt ("X"&%01111111)
  483 T:d121  44                                 .byt ("D"&%01111111)
  484 T:d122  52                                 .byt ("R"&%01111111)
  485 T:d123  41                                 .byt ("A"&%01111111)
  486 T:d124  d7                                 .byt ("W"|%10000000)
  487 T:d125                                    ; $95...149
  488 T:d125  48                                 .byt ("H"&%01111111)
  489 T:d126  54                                 .byt ("T"&%01111111)
  490 T:d127  41                                 .byt ("A"&%01111111)
  491 T:d128  c2                                 .byt ("B"|%10000000)
  492 T:d129                                    ; $96...150
  493 T:d129  48                                 .byt ("H"&%01111111)
  494 T:d12a  4f                                 .byt ("O"&%01111111)
  495 T:d12b  4d                                 .byt ("M"&%01111111)
  496 T:d12c  c5                                 .byt ("E"|%10000000)
  497 T:d12d                                    ; $97...151
  498 T:d12d  52                                 .byt ("R"&%01111111)
  499 T:d12e  4f                                 .byt ("O"&%01111111)
  500 T:d12f  54                                 .byt ("T"&%01111111)
  501 T:d130  bd                                 .byt ("="|%10000000)
  502 T:d131                                    ; $98...152
  503 T:d131  53                                 .byt ("S"&%01111111)
  504 T:d132  43                                 .byt ("C"&%01111111)
  505 T:d133  41                                 .byt ("A"&%01111111)
  506 T:d134  4c                                 .byt ("L"&%01111111)
  507 T:d135  45                                 .byt ("E"&%01111111)
  508 T:d136  bd                                 .byt ("="|%10000000)
  509 T:d137                                    ; $99...153
  510 T:d137  53                                 .byt ("S"&%01111111)
  511 T:d138  48                                 .byt ("H"&%01111111)
  512 T:d139  4c                                 .byt ("L"&%01111111)
  513 T:d13a  4f                                 .byt ("O"&%01111111)
  514 T:d13b  41                                 .byt ("A"&%01111111)
  515 T:d13c  c4                                 .byt ("D"|%10000000)
  516 T:d13d                                    ; $9A...154
  517 T:d13d  54                                 .byt ("T"&%01111111)
  518 T:d13e  52                                 .byt ("R"&%01111111)
  519 T:d13f  41                                 .byt ("A"&%01111111)
  520 T:d140  43                                 .byt ("C"&%01111111)
  521 T:d141  c5                                 .byt ("E"|%10000000)
  522 T:d142                                    ; $9B...155
  523 T:d142  4e                                 .byt ("N"&%01111111)
  524 T:d143  4f                                 .byt ("O"&%01111111)
  525 T:d144  54                                 .byt ("T"&%01111111)
  526 T:d145  52                                 .byt ("R"&%01111111)
  527 T:d146  41                                 .byt ("A"&%01111111)
  528 T:d147  43                                 .byt ("C"&%01111111)
  529 T:d148  c5                                 .byt ("E"|%10000000)
  530 T:d149                                    ; $9C...156
  531 T:d149  4e                                 .byt ("N"&%01111111)
  532 T:d14a  4f                                 .byt ("O"&%01111111)
  533 T:d14b  52                                 .byt ("R"&%01111111)
  534 T:d14c  4d                                 .byt ("M"&%01111111)
  535 T:d14d  41                                 .byt ("A"&%01111111)
  536 T:d14e  cc                                 .byt ("L"|%10000000)
  537 T:d14f                                    ; $9D...157
  538 T:d14f  49                                 .byt ("I"&%01111111)
  539 T:d150  4e                                 .byt ("N"&%01111111)
  540 T:d151  56                                 .byt ("V"&%01111111)
  541 T:d152  45                                 .byt ("E"&%01111111)
  542 T:d153  52                                 .byt ("R"&%01111111)
  543 T:d154  53                                 .byt ("S"&%01111111)
  544 T:d155  c5                                 .byt ("E"|%10000000)
  545 T:d156                                    ; $9E...158
  546 T:d156  46                                 .byt ("F"&%01111111)
  547 T:d157  4c                                 .byt ("L"&%01111111)
  548 T:d158  41                                 .byt ("A"&%01111111)
  549 T:d159  53                                 .byt ("S"&%01111111)
  550 T:d15a  c8                                 .byt ("H"|%10000000)
  551 T:d15b                                    ; $9F...159
  552 T:d15b  43                                 .byt ("C"&%01111111)
  553 T:d15c  4f                                 .byt ("O"&%01111111)
  554 T:d15d  4c                                 .byt ("L"&%01111111)
  555 T:d15e  4f                                 .byt ("O"&%01111111)
  556 T:d15f  52                                 .byt ("R"&%01111111)
  557 T:d160  bd                                 .byt ("="|%10000000)
  558 T:d161                                    ; $A0...160
  559 T:d161  50                                 .byt ("P"&%01111111)
  560 T:d162  4f                                 .byt ("O"&%01111111)
  561 T:d163  d0                                 .byt ("P"|%10000000)
  562 T:d164                                    ; $A1...161
  563 T:d164  56                                 .byt ("V"&%01111111)
  564 T:d165  54                                 .byt ("T"&%01111111)
  565 T:d166  41                                 .byt ("A"&%01111111)
  566 T:d167  c2                                 .byt ("B"|%10000000)
  567 T:d168                                    ; $A2...162
  568 T:d168  48                                 .byt ("H"&%01111111)
  569 T:d169  49                                 .byt ("I"&%01111111)
  570 T:d16a  4d                                 .byt ("M"&%01111111)
  571 T:d16b  45                                 .byt ("E"&%01111111)
  572 T:d16c  4d                                 .byt ("M"&%01111111)
  573 T:d16d  ba                                 .byt (":"|%10000000)
  574 T:d16e                                    ; $A3...163
  575 T:d16e  4c                                 .byt ("L"&%01111111)
  576 T:d16f  4f                                 .byt ("O"&%01111111)
  577 T:d170  4d                                 .byt ("M"&%01111111)
  578 T:d171  45                                 .byt ("E"&%01111111)
  579 T:d172  4d                                 .byt ("M"&%01111111)
  580 T:d173  ba                                 .byt (":"|%10000000)
  581 T:d174                                    ; $A4...164
  582 T:d174  4f                                 .byt ("O"&%01111111)
  583 T:d175  4e                                 .byt ("N"&%01111111)
  584 T:d176  45                                 .byt ("E"&%01111111)
  585 T:d177  52                                 .byt ("R"&%01111111)
  586 T:d178  d2                                 .byt ("R"|%10000000)
  587 T:d179                                    ; $A5...165
  588 T:d179  52                                 .byt ("R"&%01111111)
  589 T:d17a  45                                 .byt ("E"&%01111111)
  590 T:d17b  53                                 .byt ("S"&%01111111)
  591 T:d17c  55                                 .byt ("U"&%01111111)
  592 T:d17d  4d                                 .byt ("M"&%01111111)
  593 T:d17e  c5                                 .byt ("E"|%10000000)
  594 T:d17f                                    ; $A6...166
  595 T:d17f  52                                 .byt ("R"&%01111111)
  596 T:d180  45                                 .byt ("E"&%01111111)
  597 T:d181  43                                 .byt ("C"&%01111111)
  598 T:d182  41                                 .byt ("A"&%01111111)
  599 T:d183  4c                                 .byt ("L"&%01111111)
  600 T:d184  cc                                 .byt ("L"|%10000000)
  601 T:d185                                    ; $A7...167
  602 T:d185  53                                 .byt ("S"&%01111111)
  603 T:d186  54                                 .byt ("T"&%01111111)
  604 T:d187  4f                                 .byt ("O"&%01111111)
  605 T:d188  52                                 .byt ("R"&%01111111)
  606 T:d189  c5                                 .byt ("E"|%10000000)
  607 T:d18a                                    ; $A8...168
  608 T:d18a  53                                 .byt ("S"&%01111111)
  609 T:d18b  50                                 .byt ("P"&%01111111)
  610 T:d18c  45                                 .byt ("E"&%01111111)
  611 T:d18d  45                                 .byt ("E"&%01111111)
  612 T:d18e  44                                 .byt ("D"&%01111111)
  613 T:d18f  bd                                 .byt ("="|%10000000)
  614 T:d190                                    ; $A9...169
  615 T:d190  4c                                 .byt ("L"&%01111111)
  616 T:d191  45                                 .byt ("E"&%01111111)
  617 T:d192  d4                                 .byt ("T"|%10000000)
  618 T:d193                                    ; $AA...170
  619 T:d193  47                                 .byt ("G"&%01111111)
  620 T:d194  4f                                 .byt ("O"&%01111111)
  621 T:d195  54                                 .byt ("T"&%01111111)
  622 T:d196  cf                                 .byt ("O"|%10000000)
  623 T:d197                                    ; $AB...171
  624 T:d197  52                                 .byt ("R"&%01111111)
  625 T:d198  55                                 .byt ("U"&%01111111)
  626 T:d199  ce                                 .byt ("N"|%10000000)
  627 T:d19a                                    ; $AC...172
  628 T:d19a  49                                 .byt ("I"&%01111111)
  629 T:d19b  c6                                 .byt ("F"|%10000000)
  630 T:d19c                                    ; $AD...173
  631 T:d19c  52                                 .byt ("R"&%01111111)
  632 T:d19d  45                                 .byt ("E"&%01111111)
  633 T:d19e  53                                 .byt ("S"&%01111111)
  634 T:d19f  54                                 .byt ("T"&%01111111)
  635 T:d1a0  4f                                 .byt ("O"&%01111111)
  636 T:d1a1  52                                 .byt ("R"&%01111111)
  637 T:d1a2  c5                                 .byt ("E"|%10000000)
  638 T:d1a3                                    ; $AE...174
  639 T:d1a3  a6                                 .byt ("&"|%10000000)
  640 T:d1a4                                    ; $AF...175
  641 T:d1a4  47                                 .byt ("G"&%01111111)
  642 T:d1a5  4f                                 .byt ("O"&%01111111)
  643 T:d1a6  53                                 .byt ("S"&%01111111)
  644 T:d1a7  55                                 .byt ("U"&%01111111)
  645 T:d1a8  c2                                 .byt ("B"|%10000000)
  646 T:d1a9                                    ; $B0...176
  647 T:d1a9  52                                 .byt ("R"&%01111111)
  648 T:d1aa  45                                 .byt ("E"&%01111111)
  649 T:d1ab  54                                 .byt ("T"&%01111111)
  650 T:d1ac  55                                 .byt ("U"&%01111111)
  651 T:d1ad  52                                 .byt ("R"&%01111111)
  652 T:d1ae  ce                                 .byt ("N"|%10000000)
  653 T:d1af                                    ; $B1...177
  654 T:d1af  52                                 .byt ("R"&%01111111)
  655 T:d1b0  45                                 .byt ("E"&%01111111)
  656 T:d1b1  cd                                 .byt ("M"|%10000000)
  657 T:d1b2                                    ; $B2...178
  658 T:d1b2  53                                 .byt ("S"&%01111111)
  659 T:d1b3  54                                 .byt ("T"&%01111111)
  660 T:d1b4  4f                                 .byt ("O"&%01111111)
  661 T:d1b5  d0                                 .byt ("P"|%10000000)
  662 T:d1b6                                    ; $B3...179
  663 T:d1b6  4f                                 .byt ("O"&%01111111)
  664 T:d1b7  ce                                 .byt ("N"|%10000000)
  665 T:d1b8                                    ; $B4...180
  666 T:d1b8  57                                 .byt ("W"&%01111111)
  667 T:d1b9  41                                 .byt ("A"&%01111111)
  668 T:d1ba  49                                 .byt ("I"&%01111111)
  669 T:d1bb  d4                                 .byt ("T"|%10000000)
  670 T:d1bc                                    ; $B5...181
  671 T:d1bc  4c                                 .byt ("L"&%01111111)
  672 T:d1bd  4f                                 .byt ("O"&%01111111)
  673 T:d1be  41                                 .byt ("A"&%01111111)
  674 T:d1bf  c4                                 .byt ("D"|%10000000)
  675 T:d1c0                                    ; $B6...182
  676 T:d1c0  53                                 .byt ("S"&%01111111)
  677 T:d1c1  41                                 .byt ("A"&%01111111)
  678 T:d1c2  56                                 .byt ("V"&%01111111)
  679 T:d1c3  c5                                 .byt ("E"|%10000000)
  680 T:d1c4                                    ; $B7...183
  681 T:d1c4  44                                 .byt ("D"&%01111111)
  682 T:d1c5  45                                 .byt ("E"&%01111111)
  683 T:d1c6  c6                                 .byt ("F"|%10000000)
  684 T:d1c7                                    ; $B8...184
  685 T:d1c7  50                                 .byt ("P"&%01111111)
  686 T:d1c8  4f                                 .byt ("O"&%01111111)
  687 T:d1c9  4b                                 .byt ("K"&%01111111)
  688 T:d1ca  c5                                 .byt ("E"|%10000000)
  689 T:d1cb                                    ; $B9...185
  690 T:d1cb  50                                 .byt ("P"&%01111111)
  691 T:d1cc  52                                 .byt ("R"&%01111111)
  692 T:d1cd  49                                 .byt ("I"&%01111111)
  693 T:d1ce  4e                                 .byt ("N"&%01111111)
  694 T:d1cf  d4                                 .byt ("T"|%10000000)
  695 T:d1d0                                    ; $BA...186
  696 T:d1d0  43                                 .byt ("C"&%01111111)
  697 T:d1d1  4f                                 .byt ("O"&%01111111)
  698 T:d1d2  4e                                 .byt ("N"&%01111111)
  699 T:d1d3  d4                                 .byt ("T"|%10000000)
  700 T:d1d4                                    ; $BB...187
  701 T:d1d4  4c                                 .byt ("L"&%01111111)
  702 T:d1d5  49                                 .byt ("I"&%01111111)
  703 T:d1d6  53                                 .byt ("S"&%01111111)
  704 T:d1d7  d4                                 .byt ("T"|%10000000)
  705 T:d1d8                                    ; $BC...188
  706 T:d1d8  43                                 .byt ("C"&%01111111)
  707 T:d1d9  4c                                 .byt ("L"&%01111111)
  708 T:d1da  45                                 .byt ("E"&%01111111)
  709 T:d1db  41                                 .byt ("A"&%01111111)
  710 T:d1dc  d2                                 .byt ("R"|%10000000)
  711 T:d1dd                                    ; $BD...189
  712 T:d1dd  47                                 .byt ("G"&%01111111)
  713 T:d1de  45                                 .byt ("E"&%01111111)
  714 T:d1df  d4                                 .byt ("T"|%10000000)
  715 T:d1e0                                    ; $BE...190
  716 T:d1e0  4e                                 .byt ("N"&%01111111)
  717 T:d1e1  45                                 .byt ("E"&%01111111)
  718 T:d1e2  d7                                 .byt ("W"|%10000000)
  719 T:d1e3                                    ; $BF...191
  720 T:d1e3  54                                 .byt ("T"&%01111111)
  721 T:d1e4  41                                 .byt ("A"&%01111111)
  722 T:d1e5  42                                 .byt ("B"&%01111111)
  723 T:d1e6                                    ; $C0...192
  724 T:d1e6  a8                                 .byt $a8
  725 T:d1e7  54                                 .byt ("T"&%01111111)
  726 T:d1e8  cf                                 .byt ("O"|%10000000)
  727 T:d1e9                                    ; $C1...193
  728 T:d1e9  46                                 .byt ("F"&%01111111)
  729 T:d1ea  ce                                 .byt ("N"|%10000000)
  730 T:d1eb                                    ; $C2...194
  731 T:d1eb  53                                 .byt ("S"&%01111111)
  732 T:d1ec  50                                 .byt ("P"&%01111111)
  733 T:d1ed  43                                 .byt ("C"&%01111111)
  734 T:d1ee                                    ; $C3...195
  735 T:d1ee  a8                                 .byt $a8
  736 T:d1ef  54                                 .byt ("T"&%01111111)
  737 T:d1f0  48                                 .byt ("H"&%01111111)
  738 T:d1f1  45                                 .byt ("E"&%01111111)
  739 T:d1f2  ce                                 .byt ("N"|%10000000)
  740 T:d1f3                                    ; $C4...196
  741 T:d1f3  41                                 .byt ("A"&%01111111)
  742 T:d1f4  d4                                 .byt ("T"|%10000000)
  743 T:d1f5                                    ; $C5...197
  744 T:d1f5  4e                                 .byt ("N"&%01111111)
  745 T:d1f6  4f                                 .byt ("O"&%01111111)
  746 T:d1f7  d4                                 .byt ("T"|%10000000)
  747 T:d1f8                                    ; $C6...198
  748 T:d1f8  53                                 .byt ("S"&%01111111)
  749 T:d1f9  54                                 .byt ("T"&%01111111)
  750 T:d1fa  45                                 .byt ("E"&%01111111)
  751 T:d1fb  d0                                 .byt ("P"|%10000000)
  752 T:d1fc                                    ; $C7...199
  753 T:d1fc  ab                                 .byt ("+"|%10000000)
  754 T:d1fd                                    ; $C8...200
  755 T:d1fd  ad                                 .byt ("-"|%10000000)
  756 T:d1fe                                    ; $C9...201
  757 T:d1fe  aa                                 .byt ("*"|%10000000)
  758 T:d1ff                                    ; $CA...202
  759 T:d1ff  af                                 .byt ("/"|%10000000)
  760 T:d200                                    ; $CB...203
  761 T:d200  de                                 .byt $de
  762 T:d201                                    ;                    LHASCII(`^')                     ; $CC...204
  763 T:d201  41                                 .byt ("A"&%01111111)
  764 T:d202  4e                                 .byt ("N"&%01111111)
  765 T:d203  c4                                 .byt ("D"|%10000000)
  766 T:d204                                    ; $CD...205
  767 T:d204  4f                                 .byt ("O"&%01111111)
  768 T:d205  d2                                 .byt ("R"|%10000000)
  769 T:d206                                    ; $CE...206
  770 T:d206  be                                 .byt (">"|%10000000)
  771 T:d207                                    ; $CF...207
  772 T:d207  bd                                 .byt ("="|%10000000)
  773 T:d208                                    ; $D0...208
  774 T:d208  bc                                 .byt ("<"|%10000000)
  775 T:d209                                    ; $D1...209
  776 T:d209  53                                 .byt ("S"&%01111111)
  777 T:d20a  47                                 .byt ("G"&%01111111)
  778 T:d20b  ce                                 .byt ("N"|%10000000)
  779 T:d20c                                    ; $D2...210
  780 T:d20c  49                                 .byt ("I"&%01111111)
  781 T:d20d  4e                                 .byt ("N"&%01111111)
  782 T:d20e  d4                                 .byt ("T"|%10000000)
  783 T:d20f                                    ; $D3...211
  784 T:d20f  41                                 .byt ("A"&%01111111)
  785 T:d210  42                                 .byt ("B"&%01111111)
  786 T:d211  d3                                 .byt ("S"|%10000000)
  787 T:d212                                    ; $D4...212
  788 T:d212  55                                 .byt ("U"&%01111111)
  789 T:d213  53                                 .byt ("S"&%01111111)
  790 T:d214  d2                                 .byt ("R"|%10000000)
  791 T:d215                                    ; $D5...213
  792 T:d215  46                                 .byt ("F"&%01111111)
  793 T:d216  52                                 .byt ("R"&%01111111)
  794 T:d217  c5                                 .byt ("E"|%10000000)
  795 T:d218                                    ; $D6...214
  796 T:d218  53                                 .byt ("S"&%01111111)
  797 T:d219  43                                 .byt ("C"&%01111111)
  798 T:d21a  52                                 .byt ("R"&%01111111)
  799 T:d21b  4e                                 .byt ("N"&%01111111)
  800 T:d21c                                    ; $D7...215
  801 T:d21c  a8                                 .byt $a8
  802 T:d21d  50                                 .byt ("P"&%01111111)
  803 T:d21e  44                                 .byt ("D"&%01111111)
  804 T:d21f  cc                                 .byt ("L"|%10000000)
  805 T:d220                                    ; $D8...216
  806 T:d220  50                                 .byt ("P"&%01111111)
  807 T:d221  4f                                 .byt ("O"&%01111111)
  808 T:d222  d3                                 .byt ("S"|%10000000)
  809 T:d223                                    ; $D9...217
  810 T:d223  53                                 .byt ("S"&%01111111)
  811 T:d224  51                                 .byt ("Q"&%01111111)
  812 T:d225  d2                                 .byt ("R"|%10000000)
  813 T:d226                                    ; $DA...218
  814 T:d226  52                                 .byt ("R"&%01111111)
  815 T:d227  4e                                 .byt ("N"&%01111111)
  816 T:d228  c4                                 .byt ("D"|%10000000)
  817 T:d229                                    ; $DB...219
  818 T:d229  4c                                 .byt ("L"&%01111111)
  819 T:d22a  4f                                 .byt ("O"&%01111111)
  820 T:d22b  c7                                 .byt ("G"|%10000000)
  821 T:d22c                                    ; $DC...220
  822 T:d22c  45                                 .byt ("E"&%01111111)
  823 T:d22d  58                                 .byt ("X"&%01111111)
  824 T:d22e  d0                                 .byt ("P"|%10000000)
  825 T:d22f                                    ; $DD...221
  826 T:d22f  43                                 .byt ("C"&%01111111)
  827 T:d230  4f                                 .byt ("O"&%01111111)
  828 T:d231  d3                                 .byt ("S"|%10000000)
  829 T:d232                                    ; $DE...222
  830 T:d232  53                                 .byt ("S"&%01111111)
  831 T:d233  49                                 .byt ("I"&%01111111)
  832 T:d234  ce                                 .byt ("N"|%10000000)
  833 T:d235                                    ; $DF...223
  834 T:d235  54                                 .byt ("T"&%01111111)
  835 T:d236  41                                 .byt ("A"&%01111111)
  836 T:d237  ce                                 .byt ("N"|%10000000)
  837 T:d238                                    ; $E0...224
  838 T:d238  41                                 .byt ("A"&%01111111)
  839 T:d239  54                                 .byt ("T"&%01111111)
  840 T:d23a  ce                                 .byt ("N"|%10000000)
  841 T:d23b                                    ; $E1...225
  842 T:d23b  50                                 .byt ("P"&%01111111)
  843 T:d23c  45                                 .byt ("E"&%01111111)
  844 T:d23d  45                                 .byt ("E"&%01111111)
  845 T:d23e  cb                                 .byt ("K"|%10000000)
  846 T:d23f                                    ; $E2...226
  847 T:d23f  4c                                 .byt ("L"&%01111111)
  848 T:d240  45                                 .byt ("E"&%01111111)
  849 T:d241  ce                                 .byt ("N"|%10000000)
  850 T:d242                                    ; $E3...227
  851 T:d242  53                                 .byt ("S"&%01111111)
  852 T:d243  54                                 .byt ("T"&%01111111)
  853 T:d244  52                                 .byt ("R"&%01111111)
  854 T:d245  a4                                 .byt ("$"|%10000000)
  855 T:d246                                    ; $E4...228
  856 T:d246  56                                 .byt ("V"&%01111111)
  857 T:d247  41                                 .byt ("A"&%01111111)
  858 T:d248  cc                                 .byt ("L"|%10000000)
  859 T:d249                                    ; $E5...229
  860 T:d249  41                                 .byt ("A"&%01111111)
  861 T:d24a  53                                 .byt ("S"&%01111111)
  862 T:d24b  c3                                 .byt ("C"|%10000000)
  863 T:d24c                                    ; $E6...230
  864 T:d24c  43                                 .byt ("C"&%01111111)
  865 T:d24d  48                                 .byt ("H"&%01111111)
  866 T:d24e  52                                 .byt ("R"&%01111111)
  867 T:d24f  a4                                 .byt ("$"|%10000000)
  868 T:d250                                    ; $E7...231
  869 T:d250  4c                                 .byt ("L"&%01111111)
  870 T:d251  45                                 .byt ("E"&%01111111)
  871 T:d252  46                                 .byt ("F"&%01111111)
  872 T:d253  54                                 .byt ("T"&%01111111)
  873 T:d254  a4                                 .byt ("$"|%10000000)
  874 T:d255                                    ; $E8...232
  875 T:d255  52                                 .byt ("R"&%01111111)
  876 T:d256  49                                 .byt ("I"&%01111111)
  877 T:d257  47                                 .byt ("G"&%01111111)
  878 T:d258  48                                 .byt ("H"&%01111111)
  879 T:d259  54                                 .byt ("T"&%01111111)
  880 T:d25a  a4                                 .byt ("$"|%10000000)
  881 T:d25b                                    ; $E9...233
  882 T:d25b  4d                                 .byt ("M"&%01111111)
  883 T:d25c  49                                 .byt ("I"&%01111111)
  884 T:d25d  44                                 .byt ("D"&%01111111)
  885 T:d25e  a4                                 .byt ("$"|%10000000)
  886 T:d25f                                    ; $EA...234

  888 T:d25f  00                                 .byt 0              ; END OF TOKEN NAME TABLE
  889 T:d260                                    ; --------------------------------
  890 T:d260                                    ; --------------------------------
  891 T:d260                                    ; ERROR MESSAGES
  892 T:d260                                    ; --------------------------------
  893 T:d260                           ERROR_MESSAGES 
  894 T:d260                                    ERR_NOFOR=*-ERROR_MESSAGES
  895 T:d260  4e                                 .byt ("N"&%01111111)
  896 T:d261  45                                 .byt ("E"&%01111111)
  897 T:d262  58                                 .byt ("X"&%01111111)
  898 T:d263  54                                 .byt ("T"&%01111111)
  899 T:d264  20                                 .byt (" "&%01111111)
  900 T:d265  57                                 .byt ("W"&%01111111)
  901 T:d266  49                                 .byt ("I"&%01111111)
  902 T:d267  54                                 .byt ("T"&%01111111)
  903 T:d268  48                                 .byt ("H"&%01111111)
  904 T:d269  4f                                 .byt ("O"&%01111111)
  905 T:d26a  55                                 .byt ("U"&%01111111)
  906 T:d26b  54                                 .byt ("T"&%01111111)
  907 T:d26c  20                                 .byt (" "&%01111111)
  908 T:d26d  46                                 .byt ("F"&%01111111)
  909 T:d26e  4f                                 .byt ("O"&%01111111)
  910 T:d26f  d2                                 .byt ("R"|%10000000)

  912 T:d270                                    ERR_SYNTAX=*-ERROR_MESSAGES
  913 T:d270  53                                 .byt ("S"&%01111111)
  914 T:d271  59                                 .byt ("Y"&%01111111)
  915 T:d272  4e                                 .byt ("N"&%01111111)
  916 T:d273  54                                 .byt ("T"&%01111111)
  917 T:d274  41                                 .byt ("A"&%01111111)
  918 T:d275  d8                                 .byt ("X"|%10000000)

  920 T:d276                                    ERR_NOGOSUB=*-ERROR_MESSAGES
  921 T:d276  52                                 .byt ("R"&%01111111)
  922 T:d277  45                                 .byt ("E"&%01111111)
  923 T:d278  54                                 .byt ("T"&%01111111)
  924 T:d279  55                                 .byt ("U"&%01111111)
  925 T:d27a  52                                 .byt ("R"&%01111111)
  926 T:d27b  4e                                 .byt ("N"&%01111111)
  927 T:d27c  20                                 .byt (" "&%01111111)
  928 T:d27d  57                                 .byt ("W"&%01111111)
  929 T:d27e  49                                 .byt ("I"&%01111111)
  930 T:d27f  54                                 .byt ("T"&%01111111)
  931 T:d280  48                                 .byt ("H"&%01111111)
  932 T:d281  4f                                 .byt ("O"&%01111111)
  933 T:d282  55                                 .byt ("U"&%01111111)
  934 T:d283  54                                 .byt ("T"&%01111111)
  935 T:d284  20                                 .byt (" "&%01111111)
  936 T:d285  47                                 .byt ("G"&%01111111)
  937 T:d286  4f                                 .byt ("O"&%01111111)
  938 T:d287  53                                 .byt ("S"&%01111111)
  939 T:d288  55                                 .byt ("U"&%01111111)
  940 T:d289  c2                                 .byt ("B"|%10000000)

  942 T:d28a                                    ERR_NODATA=*-ERROR_MESSAGES
  943 T:d28a  4f                                 .byt ("O"&%01111111)
  944 T:d28b  55                                 .byt ("U"&%01111111)
  945 T:d28c  54                                 .byt ("T"&%01111111)
  946 T:d28d  20                                 .byt (" "&%01111111)
  947 T:d28e  4f                                 .byt ("O"&%01111111)
  948 T:d28f  46                                 .byt ("F"&%01111111)
  949 T:d290  20                                 .byt (" "&%01111111)
  950 T:d291  44                                 .byt ("D"&%01111111)
  951 T:d292  41                                 .byt ("A"&%01111111)
  952 T:d293  54                                 .byt ("T"&%01111111)
  953 T:d294  c1                                 .byt ("A"|%10000000)

  955 T:d295                                    ERR_ILLQTY=*-ERROR_MESSAGES
  956 T:d295  49                                 .byt ("I"&%01111111)
  957 T:d296  4c                                 .byt ("L"&%01111111)
  958 T:d297  4c                                 .byt ("L"&%01111111)
  959 T:d298  45                                 .byt ("E"&%01111111)
  960 T:d299  47                                 .byt ("G"&%01111111)
  961 T:d29a  41                                 .byt ("A"&%01111111)
  962 T:d29b  4c                                 .byt ("L"&%01111111)
  963 T:d29c  20                                 .byt (" "&%01111111)
  964 T:d29d  51                                 .byt ("Q"&%01111111)
  965 T:d29e  55                                 .byt ("U"&%01111111)
  966 T:d29f  41                                 .byt ("A"&%01111111)
  967 T:d2a0  4e                                 .byt ("N"&%01111111)
  968 T:d2a1  54                                 .byt ("T"&%01111111)
  969 T:d2a2  49                                 .byt ("I"&%01111111)
  970 T:d2a3  54                                 .byt ("T"&%01111111)
  971 T:d2a4  d9                                 .byt ("Y"|%10000000)

  973 T:d2a5                                    ERR_OVERFLOW=*-ERROR_MESSAGES
  974 T:d2a5  4f                                 .byt ("O"&%01111111)
  975 T:d2a6  56                                 .byt ("V"&%01111111)
  976 T:d2a7  45                                 .byt ("E"&%01111111)
  977 T:d2a8  52                                 .byt ("R"&%01111111)
  978 T:d2a9  46                                 .byt ("F"&%01111111)
  979 T:d2aa  4c                                 .byt ("L"&%01111111)
  980 T:d2ab  4f                                 .byt ("O"&%01111111)
  981 T:d2ac  d7                                 .byt ("W"|%10000000)

  983 T:d2ad                                    ERR_MEMFULL=*-ERROR_MESSAGES
  984 T:d2ad  4f                                 .byt ("O"&%01111111)
  985 T:d2ae  55                                 .byt ("U"&%01111111)
  986 T:d2af  54                                 .byt ("T"&%01111111)
  987 T:d2b0  20                                 .byt (" "&%01111111)
  988 T:d2b1  4f                                 .byt ("O"&%01111111)
  989 T:d2b2  46                                 .byt ("F"&%01111111)
  990 T:d2b3  20                                 .byt (" "&%01111111)
  991 T:d2b4  4d                                 .byt ("M"&%01111111)
  992 T:d2b5  45                                 .byt ("E"&%01111111)
  993 T:d2b6  4d                                 .byt ("M"&%01111111)
  994 T:d2b7  4f                                 .byt ("O"&%01111111)
  995 T:d2b8  52                                 .byt ("R"&%01111111)
  996 T:d2b9  d9                                 .byt ("Y"|%10000000)

  998 T:d2ba                                    ERR_UNDEFSTAT=*-ERROR_MESSAGES
  999 T:d2ba  55                                 .byt ("U"&%01111111)
 1000 T:d2bb  4e                                 .byt ("N"&%01111111)
 1001 T:d2bc  44                                 .byt ("D"&%01111111)
 1002 T:d2bd  45                                 .byt ("E"&%01111111)
 1003 T:d2be  46                                 .byt ("F"&%01111111)

 1005 T:d2bf  27                                 .byt $27
 1006 T:d2c0  44                                 .byt ("D"&%01111111)
 1007 T:d2c1  20                                 .byt (" "&%01111111)
 1008 T:d2c2  53                                 .byt ("S"&%01111111)
 1009 T:d2c3  54                                 .byt ("T"&%01111111)
 1010 T:d2c4  41                                 .byt ("A"&%01111111)
 1011 T:d2c5  54                                 .byt ("T"&%01111111)
 1012 T:d2c6  45                                 .byt ("E"&%01111111)
 1013 T:d2c7  4d                                 .byt ("M"&%01111111)
 1014 T:d2c8  45                                 .byt ("E"&%01111111)
 1015 T:d2c9  4e                                 .byt ("N"&%01111111)
 1016 T:d2ca  d4                                 .byt ("T"|%10000000)

 1018 T:d2cb                                    ERR_BADSUBS=*-ERROR_MESSAGES
 1019 T:d2cb  42                                 .byt ("B"&%01111111)
 1020 T:d2cc  41                                 .byt ("A"&%01111111)
 1021 T:d2cd  44                                 .byt ("D"&%01111111)
 1022 T:d2ce  20                                 .byt (" "&%01111111)
 1023 T:d2cf  53                                 .byt ("S"&%01111111)
 1024 T:d2d0  55                                 .byt ("U"&%01111111)
 1025 T:d2d1  42                                 .byt ("B"&%01111111)
 1026 T:d2d2  53                                 .byt ("S"&%01111111)
 1027 T:d2d3  43                                 .byt ("C"&%01111111)
 1028 T:d2d4  52                                 .byt ("R"&%01111111)
 1029 T:d2d5  49                                 .byt ("I"&%01111111)
 1030 T:d2d6  50                                 .byt ("P"&%01111111)
 1031 T:d2d7  d4                                 .byt ("T"|%10000000)

 1033 T:d2d8                                    ERR_REDIMD=*-ERROR_MESSAGES
 1034 T:d2d8  52                                 .byt ("R"&%01111111)
 1035 T:d2d9  45                                 .byt ("E"&%01111111)
 1036 T:d2da  44                                 .byt ("D"&%01111111)
 1037 T:d2db  49                                 .byt ("I"&%01111111)
 1038 T:d2dc  4d                                 .byt ("M"&%01111111)

 1040 T:d2dd  27                                 .byt $27
 1041 T:d2de  44                                 .byt ("D"&%01111111)
 1042 T:d2df  20                                 .byt (" "&%01111111)
 1043 T:d2e0  41                                 .byt ("A"&%01111111)
 1044 T:d2e1  52                                 .byt ("R"&%01111111)
 1045 T:d2e2  52                                 .byt ("R"&%01111111)
 1046 T:d2e3  41                                 .byt ("A"&%01111111)
 1047 T:d2e4  d9                                 .byt ("Y"|%10000000)

 1049 T:d2e5                                    ERR_ZERODIV=*-ERROR_MESSAGES
 1050 T:d2e5  44                                 .byt ("D"&%01111111)
 1051 T:d2e6  49                                 .byt ("I"&%01111111)
 1052 T:d2e7  56                                 .byt ("V"&%01111111)
 1053 T:d2e8  49                                 .byt ("I"&%01111111)
 1054 T:d2e9  53                                 .byt ("S"&%01111111)
 1055 T:d2ea  49                                 .byt ("I"&%01111111)
 1056 T:d2eb  4f                                 .byt ("O"&%01111111)
 1057 T:d2ec  4e                                 .byt ("N"&%01111111)
 1058 T:d2ed  20                                 .byt (" "&%01111111)
 1059 T:d2ee  42                                 .byt ("B"&%01111111)
 1060 T:d2ef  59                                 .byt ("Y"&%01111111)
 1061 T:d2f0  20                                 .byt (" "&%01111111)
 1062 T:d2f1  5a                                 .byt ("Z"&%01111111)
 1063 T:d2f2  45                                 .byt ("E"&%01111111)
 1064 T:d2f3  52                                 .byt ("R"&%01111111)
 1065 T:d2f4  cf                                 .byt ("O"|%10000000)

 1067 T:d2f5                                    ERR_ILLDIR=*-ERROR_MESSAGES
 1068 T:d2f5  49                                 .byt ("I"&%01111111)
 1069 T:d2f6  4c                                 .byt ("L"&%01111111)
 1070 T:d2f7  4c                                 .byt ("L"&%01111111)
 1071 T:d2f8  45                                 .byt ("E"&%01111111)
 1072 T:d2f9  47                                 .byt ("G"&%01111111)
 1073 T:d2fa  41                                 .byt ("A"&%01111111)
 1074 T:d2fb  4c                                 .byt ("L"&%01111111)
 1075 T:d2fc  20                                 .byt (" "&%01111111)
 1076 T:d2fd  44                                 .byt ("D"&%01111111)
 1077 T:d2fe  49                                 .byt ("I"&%01111111)
 1078 T:d2ff  52                                 .byt ("R"&%01111111)
 1079 T:d300  45                                 .byt ("E"&%01111111)
 1080 T:d301  43                                 .byt ("C"&%01111111)
 1081 T:d302  d4                                 .byt ("T"|%10000000)

 1083 T:d303                                    ERR_BADTYPE=*-ERROR_MESSAGES
 1084 T:d303  54                                 .byt ("T"&%01111111)
 1085 T:d304  59                                 .byt ("Y"&%01111111)
 1086 T:d305  50                                 .byt ("P"&%01111111)
 1087 T:d306  45                                 .byt ("E"&%01111111)
 1088 T:d307  20                                 .byt (" "&%01111111)
 1089 T:d308  4d                                 .byt ("M"&%01111111)
 1090 T:d309  49                                 .byt ("I"&%01111111)
 1091 T:d30a  53                                 .byt ("S"&%01111111)
 1092 T:d30b  4d                                 .byt ("M"&%01111111)
 1093 T:d30c  41                                 .byt ("A"&%01111111)
 1094 T:d30d  54                                 .byt ("T"&%01111111)
 1095 T:d30e  43                                 .byt ("C"&%01111111)
 1096 T:d30f  c8                                 .byt ("H"|%10000000)

 1098 T:d310                                    ERR_STRLONG=*-ERROR_MESSAGES
 1099 T:d310  53                                 .byt ("S"&%01111111)
 1100 T:d311  54                                 .byt ("T"&%01111111)
 1101 T:d312  52                                 .byt ("R"&%01111111)
 1102 T:d313  49                                 .byt ("I"&%01111111)
 1103 T:d314  4e                                 .byt ("N"&%01111111)
 1104 T:d315  47                                 .byt ("G"&%01111111)
 1105 T:d316  20                                 .byt (" "&%01111111)
 1106 T:d317  54                                 .byt ("T"&%01111111)
 1107 T:d318  4f                                 .byt ("O"&%01111111)
 1108 T:d319  4f                                 .byt ("O"&%01111111)
 1109 T:d31a  20                                 .byt (" "&%01111111)
 1110 T:d31b  4c                                 .byt ("L"&%01111111)
 1111 T:d31c  4f                                 .byt ("O"&%01111111)
 1112 T:d31d  4e                                 .byt ("N"&%01111111)
 1113 T:d31e  c7                                 .byt ("G"|%10000000)

 1115 T:d31f                                    ERR_FRMCPX=*-ERROR_MESSAGES
 1116 T:d31f  46                                 .byt ("F"&%01111111)
 1117 T:d320  4f                                 .byt ("O"&%01111111)
 1118 T:d321  52                                 .byt ("R"&%01111111)
 1119 T:d322  4d                                 .byt ("M"&%01111111)
 1120 T:d323  55                                 .byt ("U"&%01111111)
 1121 T:d324  4c                                 .byt ("L"&%01111111)
 1122 T:d325  41                                 .byt ("A"&%01111111)
 1123 T:d326  20                                 .byt (" "&%01111111)
 1124 T:d327  54                                 .byt ("T"&%01111111)
 1125 T:d328  4f                                 .byt ("O"&%01111111)
 1126 T:d329  4f                                 .byt ("O"&%01111111)
 1127 T:d32a  20                                 .byt (" "&%01111111)
 1128 T:d32b  43                                 .byt ("C"&%01111111)
 1129 T:d32c  4f                                 .byt ("O"&%01111111)
 1130 T:d32d  4d                                 .byt ("M"&%01111111)
 1131 T:d32e  50                                 .byt ("P"&%01111111)
 1132 T:d32f  4c                                 .byt ("L"&%01111111)
 1133 T:d330  45                                 .byt ("E"&%01111111)
 1134 T:d331  d8                                 .byt ("X"|%10000000)

 1136 T:d332                                    ERR_CANTCONT=*-ERROR_MESSAGES
 1137 T:d332  43                                 .byt ("C"&%01111111)
 1138 T:d333  41                                 .byt ("A"&%01111111)
 1139 T:d334  4e                                 .byt ("N"&%01111111)

 1141 T:d335  27                                 .byt $27
 1142 T:d336  54                                 .byt ("T"&%01111111)
 1143 T:d337  20                                 .byt (" "&%01111111)
 1144 T:d338  43                                 .byt ("C"&%01111111)
 1145 T:d339  4f                                 .byt ("O"&%01111111)
 1146 T:d33a  4e                                 .byt ("N"&%01111111)
 1147 T:d33b  54                                 .byt ("T"&%01111111)
 1148 T:d33c  49                                 .byt ("I"&%01111111)
 1149 T:d33d  4e                                 .byt ("N"&%01111111)
 1150 T:d33e  55                                 .byt ("U"&%01111111)
 1151 T:d33f  c5                                 .byt ("E"|%10000000)

 1153 T:d340                                    ERR_UNDEFFUNC=*-ERROR_MESSAGES
 1154 T:d340  55                                 .byt ("U"&%01111111)
 1155 T:d341  4e                                 .byt ("N"&%01111111)
 1156 T:d342  44                                 .byt ("D"&%01111111)
 1157 T:d343  45                                 .byt ("E"&%01111111)
 1158 T:d344  46                                 .byt ("F"&%01111111)

 1160 T:d345  27                                 .byt $27
 1161 T:d346  44                                 .byt ("D"&%01111111)
 1162 T:d347  20                                 .byt (" "&%01111111)
 1163 T:d348  46                                 .byt ("F"&%01111111)
 1164 T:d349  55                                 .byt ("U"&%01111111)
 1165 T:d34a  4e                                 .byt ("N"&%01111111)
 1166 T:d34b  43                                 .byt ("C"&%01111111)
 1167 T:d34c  54                                 .byt ("T"&%01111111)
 1168 T:d34d  49                                 .byt ("I"&%01111111)
 1169 T:d34e  4f                                 .byt ("O"&%01111111)
 1170 T:d34f  ce                                 .byt ("N"|%10000000)

 1172 T:d350                                    ; --------------------------------

 1174 T:d350  20                       QT_ERROR  .byt (" "&%01111111)
 1175 T:d351  45                                 .byt ("E"&%01111111)
 1176 T:d352  52                                 .byt ("R"&%01111111)
 1177 T:d353  52                                 .byt ("R"&%01111111)
 1178 T:d354  4f                                 .byt ("O"&%01111111)
 1179 T:d355  52                                 .byt ("R"&%01111111)

 1181 T:d356  07 00                              .byt $07,0

 1183 T:d358  20                       QT_IN     .byt (" "&%01111111)
 1184 T:d359  49                                 .byt ("I"&%01111111)
 1185 T:d35a  4e                                 .byt ("N"&%01111111)
 1186 T:d35b  20                                 .byt (" "&%01111111)

 1188 T:d35c  00                                 .byt 0

 1190 T:d35d  0d                       QT_BREAK  .byt $0d
 1191 T:d35e  42                                 .byt ("B"&%01111111)
 1192 T:d35f  52                                 .byt ("R"&%01111111)
 1193 T:d360  45                                 .byt ("E"&%01111111)
 1194 T:d361  41                                 .byt ("A"&%01111111)
 1195 T:d362  4b                                 .byt ("K"&%01111111)

 1197 T:d363  07 00                              .byt $07,0
 1198 T:d365                                    ; --------------------------------
 1199 T:d365                                    ; CALLED BY "NEXT" AND "FOR" TO SCAN THROUGH
 1200 T:d365                                    ; THE STACK FOR A FRAME WITH THE SAME VARIABLE.
 1201 T:d365                                    ; 
 1202 T:d365                                    ; (FORPNT) = ADDRESS OF VARIABLE IF "FOR" OR "NEXT"
 1203 T:d365                                    ; = $XXFF IF CALLED FROM "RETURN"
 1204 T:d365                                    ; <<< BUG: SHOULD BE $FFXX >>>
 1205 T:d365                                    ; 
 1206 T:d365                                    ; RETURNS .NE. IF VARIABLE NOT FOUND,
 1207 T:d365                                    ; (X) = STACK PNTR AFTER SKIPPING ALL FRAMES
 1208 T:d365                                    ; 
 1209 T:d365                                    ; EQU. IF FOUND
 1210 T:d365                                    ; (X) = STACK PNTR OF FRAME FOUND
 1211 T:d365                                    ; --------------------------------
 1212 T:d365                           GTFORPNT  
 1213 T:d365  ba                                 tsx 
 1214 T:d366  e8                                 inx 
 1215 T:d367  e8                                 inx 
 1216 T:d368  e8                                 inx 
 1217 T:d369  e8                                 inx 
 1218 T:d36a  bd 01 01                 L_GTFORPNT_1 lda STACK+1,X                   ; "FOR" FRAME HERE?
 1219 T:d36d  c9 81                              cmp #TOKEN_FOR               ; 
 1220 T:d36f  d0 21                              bne L_GTFORPNT_4                ; NO
 1221 T:d371  a5 86                              lda FORPNT+1          ; YES -- "NEXT" WITH NO VARIABLE?
 1222 T:d373  d0 0a                              bne L_GTFORPNT_2                ; NO, VARIABLE SPECIFIED
 1223 T:d375  bd 02 01                           lda STACK+2,X                   ; YES, SO USE THIS FRAME
 1224 T:d378  85 85                              sta FORPNT                ; 
 1225 T:d37a  bd 03 01                           lda STACK+3,X                   ; 
 1226 T:d37d  85 86                              sta FORPNT+1          ; 
 1227 T:d37f  dd 03 01                 L_GTFORPNT_2 cmp STACK+3,X                   ; IS VARIABLE IN THIS FRAME?
 1228 T:d382  d0 07                              bne L_GTFORPNT_3                ; NO
 1229 T:d384  a5 85                              lda FORPNT                ; LOOK AT 2ND BYTE TOO
 1230 T:d386  dd 02 01                           cmp STACK+2,X                   ; SAME VARIABLE?
 1231 T:d389  f0 07                              beq L_GTFORPNT_4                ; YES
 1232 T:d38b  8a                       L_GTFORPNT_3 txa                 ; NO, SO TRY NEXT FRAME (IF ANY)
 1233 T:d38c  18                                 clc                    ; 18 BYTES PER FRAME
 1234 T:d38d  69 12                              adc #18             ; 
 1235 T:d38f  aa                                 tax 
 1236 T:d390  d0 d8                              bne L_GTFORPNT_1             ; ...ALWAYS?
 1237 T:d392  60                       L_GTFORPNT_4 rts 
 1238 T:d393                                    ; --------------------------------
 1239 T:d393                                    ; MOVE BLOCK OF MEMORY UP
 1240 T:d393                                    ; 
 1241 T:d393                                    ; ON ENTRY:
 1242 T:d393                                    ; (Y,A) = (HIGHDS) = DESTINATION END+1
 1243 T:d393                                    ; (LOWTR) = LOWEST ADDRESS OF SOURCE
 1244 T:d393                                    ; (HIGHTR) = HIGHEST SOURCE ADDRESS+1
 1245 T:d393                                    ; --------------------------------
 1246 T:d393  20 e3 03                 BLTU      jsr REASON             ; BE SURE (Y,A) < FRETOP
 1247 T:d396  85 6d                              sta STREND                ; NEW TOP OF ARRAY STORAGE
 1248 T:d398  84 6e                              sty STREND+1          ; 
 1249 T:d39a  38                       BLTU2     sec                 ; 
 1250 T:d39b  a5 96                              lda HIGHTR                ; COMPUTE # OF BYTES TO BE MOVED
 1251 T:d39d  e5 9b                              sbc LOWTR                ; (FROM LOWTR THRU HIGHTR-1)
 1252 T:d39f  85 5e                              sta INDEX                ; PARTIAL PAGE AMOUNT
 1253 T:d3a1  a8                                 tay                    ; 
 1254 T:d3a2  a5 97                              lda HIGHTR+1          ; 
 1255 T:d3a4  e5 9c                              sbc LOWTR+1          ; 
 1256 T:d3a6  aa                                 tax                    ; # OF WHOLE PAGES IN X-REG
 1257 T:d3a7  e8                                 inx                    ; 
 1258 T:d3a8  98                                 tya                    ; # BYTES IN PARTIAL PAGE
 1259 T:d3a9  f0 23                              beq L_BLTU2_4                ; NO PARTIAL PAGE
 1260 T:d3ab  a5 96                              lda HIGHTR                ; BACK UP HIGHTR # BYTES IN PARTIAL PAGE
 1261 T:d3ad  38                                 sec                    ; 
 1262 T:d3ae  e5 5e                              sbc INDEX                ; 
 1263 T:d3b0  85 96                              sta HIGHTR                ; 
 1264 T:d3b2  b0 03                              bcs L_BLTU2_1                ; 
 1265 T:d3b4  c6 97                              dec HIGHTR+1          ; 
 1266 T:d3b6  38                                 sec                    ; 
 1267 T:d3b7  a5 94                    L_BLTU2_1 lda HIGHDS             ; BACK UP HIGHDS # BYTES IN PARTIAL PAGE
 1268 T:d3b9  e5 5e                              sbc INDEX                ; 
 1269 T:d3bb  85 94                              sta HIGHDS                ; 
 1270 T:d3bd  b0 08                              bcs L_BLTU2_3                ; 
 1271 T:d3bf  c6 95                              dec HIGHDS+1          ; 
 1272 T:d3c1  90 04                              bcc L_BLTU2_3                ; ...ALWAYS
 1273 T:d3c3  b1 96                    L_BLTU2_2 lda (HIGHTR),Y                  ; MOVE THE BYTES
 1274 T:d3c5  91 94                              sta (HIGHDS),Y
 1275 T:d3c7  88                       L_BLTU2_3 dey 
 1276 T:d3c8  d0 f9                              bne L_BLTU2_2             ; LOOP TO END OF THIS 256 BYTES
 1277 T:d3ca  b1 96                              lda (HIGHTR),Y                  ; MOVE ONE MORE BYTE
 1278 T:d3cc  91 94                              sta (HIGHDS),Y
 1279 T:d3ce  c6 97                    L_BLTU2_4 dec HIGHTR+1       ; DOWN TO NEXT BLOCK OF 256
 1280 T:d3d0  c6 95                              dec HIGHDS+1
 1281 T:d3d2  ca                                 dex                    ; ANOTHER BLOCK OF 256 TO MOVE?
 1282 T:d3d3  d0 f2                              bne L_BLTU2_3             ; YES
 1283 T:d3d5  60                                 rts                    ; NO, FINISHED
 1284 T:d3d6                                    ; --------------------------------
 1285 T:d3d6                                    ; CHECK IF ENOUGH ROOM LEFT ON STACK
 1286 T:d3d6                                    ; FOR "FOR", "GOSUB", OR EXPRESSION EVALUATION
 1287 T:d3d6                                    ; --------------------------------
 1288 T:d3d6  0a                       CHKMEM    asl 
 1289 T:d3d7  69 36                              adc #54
 1290 T:d3d9  b0 35                              bcs MEMERR                ; ...MEM FULL ERR
 1291 T:d3db  85 5e                              sta INDEX
 1292 T:d3dd  ba                                 tsx 
 1293 T:d3de  e4 5e                              cpx INDEX
 1294 T:d3e0  90 2e                              bcc MEMERR                ; ...MEM FULL ERR
 1295 T:d3e2  60                                 rts 
 1296 T:d3e3                                    ; --------------------------------
 1297 T:d3e3                                    ; CHECK IF ENOUGH ROOM BETWEEN ARRAYS AND STRINGS
 1298 T:d3e3                                    ; (Y,A) = ADDR ARRAYS NEED TO GROW TO
 1299 T:d3e3                                    ; --------------------------------
 1300 T:d3e3  c4 70                    REASON    cpy FRETOP+1       ; HIGH BYTE
 1301 T:d3e5  90 28                              bcc L_REASON_4                ; PLENTY OF ROOM
 1302 T:d3e7  d0 04                              bne L_REASON_1                ; NOT ENOUGH, TRY GARBAGE COLLECTION
 1303 T:d3e9  c5 6f                              cmp FRETOP                ; LOW BYTE
 1304 T:d3eb  90 22                              bcc L_REASON_4                ; ENOUGH ROOM
 1305 T:d3ed                                    ; --------------------------------
 1306 T:d3ed  48                       L_REASON_1 pha                 ; SAVE (Y,A), TEMP1, AND TEMP2
 1307 T:d3ee  a2 09                              ldx #FAC-TEMP1-1
 1308 T:d3f0  98                                 tya 
 1309 T:d3f1  48                       L_REASON_2 pha 
 1310 T:d3f2  b5 93                              lda TEMP1,X
 1311 T:d3f4  ca                                 dex 
 1312 T:d3f5  10 fa                              bpl L_REASON_2
 1313 T:d3f7  20 84 14                           jsr GARBAG                ; MAKE AS MUCH ROOM AS POSSIBLE
 1314 T:d3fa  a2 f7                              ldx #TEMP1+256-FAC+1; RESTORE TEMP1 AND TEMP2
 1315 T:d3fc  68                       L_REASON_3 pla                 ; AND (Y,A)
 1316 T:d3fd  95 9d                              sta FAC,X
 1317 T:d3ff  e8                                 inx 
 1318 T:d400  30 fa                              bmi L_REASON_3
 1319 T:d402  68                                 pla 
 1320 T:d403  a8                                 tay 
 1321 T:d404  68                                 pla                    ; DID WE FIND ENOUGH ROOM?
 1322 T:d405  c4 70                              cpy FRETOP+1          ; HIGH BYTE
 1323 T:d407  90 06                              bcc L_REASON_4                ; YES, AT LEAST A PAGE
 1324 T:d409  d0 05                              bne MEMERR                ; NO, MEM FULL ERR
 1325 T:d40b  c5 6f                              cmp FRETOP                ; LOW BYTE
 1326 T:d40d  b0 01                              bcs MEMERR                ; NO, MEM FULL ERR
 1327 T:d40f  60                       L_REASON_4 rts                 ; YES, RETURN
 1328 T:d410                                    ; --------------------------------
 1329 T:d410  a2 4d                    MEMERR    ldx #ERR_MEMFULL
 1330 T:d412                                    ; --------------------------------
 1331 T:d412                                    ; HANDLE AN ERROR
 1332 T:d412                                    ; 
 1333 T:d412                                    ; (X)=OFFSET IN ERROR MESSAGE TABLE
 1334 T:d412                                    ; (ERRFLG) > 128 IF "ON ERR" TURNED ON
 1335 T:d412                                    ; (CURLIN+1) = $FF IF IN DIRECT MODE
 1336 T:d412                                    ; --------------------------------
 1337 T:d412  24 d8                    ERROR     bit ERRFLG             ; "ON ERR" TURNED ON?
 1338 T:d414  10 03                              bpl L_ERROR_1                ; NO
 1339 T:d416  4c e9 22                           jmp HANDLERR                ; YES
 1340 T:d419  20 fb 0a                 L_ERROR_1 jsr CRDO             ; PRINT <RETURN>
 1341 T:d41c  20 5a 0b                           jsr OUTQUES                ; PRINT "?"
 1342 T:d41f  bd 60 02                 L_ERROR_2 lda ERROR_MESSAGES,X
 1343 T:d422  48                                 pha                    ; PRINT MESSAGE
 1344 T:d423  20 5c 0b                           jsr OUTDO
 1345 T:d426  e8                                 inx 
 1346 T:d427  68                                 pla 
 1347 T:d428  10 f5                              bpl L_ERROR_2
 1348 T:d42a  20 83 06                           jsr STKINI                ; FIX STACK, ET AL
 1349 T:d42d  a9 50                              lda #<QT_ERROR           ; PRINT " ERROR" AND BELL
 1350 T:d42f  a0 03                              ldy #>QT_ERROR
 1351 T:d431                                    ; --------------------------------
 1352 T:d431                                    ; PRINT STRING AT (Y,A)
 1353 T:d431                                    ; PRINT CURRENT LINE # UNLESS IN DIRECT MODE
 1354 T:d431                                    ; FALL INTO WARM RESTART
 1355 T:d431                                    ; --------------------------------
 1356 T:d431                           PRINT_ERROR_LINNUM 
 1357 T:d431  20 3a 0b                           jsr STROUT                ; PRINT STRING AT (Y,A)
 1358 T:d434  a4 76                              ldy CURLIN+1          ; RUNNING, OR DIRECT?
 1359 T:d436  c8                                 iny 
 1360 T:d437  f0 03                              beq RESTART                ; WAS $FF, SO DIRECT MODE
 1361 T:d439  20 19 1d                           jsr INPRT                ; RUNNING, SO PRINT LINE NUMBER
 1362 T:d43c                                    ; --------------------------------
 1363 T:d43c                                    ; WARM RESTART ENTRY
 1364 T:d43c                                    ; 
 1365 T:d43c                                    ; COME HERE FROM MONITOR BY CTL-C, 0G, 3D0G, OR E003G
 1366 T:d43c                                    ; --------------------------------
 1367 T:d43c                           RESTART   
 1368 T:d43c  20 fb 0a                           jsr CRDO                ; PRINT <RETURN>
 1369 T:d43f  a2 dd                              ldx #("]"|%10000000)     ; PROMPT CHARACTER
 1370 T:d441  20 2e 05                           jsr INLIN2                ; READ A LINE
 1371 T:d444  86 b8                              stx TXTPTR                ; SET UP CHRGET TO SCAN THE LINE
 1372 T:d446  84 b9                              sty TXTPTR+1          ; 
 1373 T:d448  46 d8                              lsr ERRFLG                ; CLEAR FLAG
 1374 T:d44a  20 b1 00                           jsr CHRGET                ; 
 1375 T:d44d  aa                                 tax                    ; 
 1376 T:d44e  f0 ec                              beq RESTART             ; EMPTY LINE
 1377 T:d450  a2 ff                              ldx #$ff             ; $FF IN HI-BYTE OF CURLIN MEANS
 1378 T:d452  86 76                              stx CURLIN+1          ; WE ARE IN DIRECT MODE
 1379 T:d454  90 06                              bcc NUMBERED_LINE                ; CHRGET SAW DIGIT, NUMBERED LINE
 1380 T:d456  20 59 05                           jsr PARSE_INPUT_LINE                ; NO NUMBER, SO PARSE IT
 1381 T:d459  4c 05 08                           jmp TRACE_                ; AND TRY EXECUTING IT
 1382 T:d45c                                    ; --------------------------------
 1383 T:d45c                                    ; HANDLE NUMBERED LINE
 1384 T:d45c                                    ; --------------------------------
 1385 T:d45c                           NUMBERED_LINE 
 1386 T:d45c  a6 af                              ldx PRGEND                ; SQUASH VARIABLE TABLE
 1387 T:d45e  86 69                              stx VARTAB
 1388 T:d460  a6 b0                              ldx PRGEND+1
 1389 T:d462  86 6a                              stx VARTAB+1
 1390 T:d464  20 0c 0a                           jsr LINGET                ; GET LINE #
 1391 T:d467  20 59 05                           jsr PARSE_INPUT_LINE                ; AND PARSE THE INPUT LINE
 1392 T:d46a  84 0f                              sty EOL_PNTR                ; SAVE INDEX TO INPUT BUFFER
 1393 T:d46c  20 1a 06                           jsr FNDLIN                ; IS THIS LINE # ALREADY IN PROGRAM?
 1394 T:d46f  90 44                              bcc PUT_NEW_LINE                ; NO
 1395 T:d471  a0 01                              ldy #1             ; YES, SO DELETE IT
 1396 T:d473  b1 9b                              lda (LOWTR),Y                   ; LOWTR POINTS AT LINE
 1397 T:d475  85 5f                              sta INDEX+1          ; GET HIGH BYTE OF FORWARD PNTR
 1398 T:d477  a5 69                              lda VARTAB
 1399 T:d479  85 5e                              sta INDEX
 1400 T:d47b  a5 9c                              lda LOWTR+1
 1401 T:d47d  85 61                              sta DEST+1
 1402 T:d47f  a5 9b                              lda LOWTR
 1403 T:d481  88                                 dey 
 1404 T:d482  f1 9b                              sbc (LOWTR),Y
 1405 T:d484  18                                 clc 
 1406 T:d485  65 69                              adc VARTAB
 1407 T:d487  85 69                              sta VARTAB
 1408 T:d489  85 60                              sta DEST
 1409 T:d48b  a5 6a                              lda VARTAB+1
 1410 T:d48d  69 ff                              adc #$ff
 1411 T:d48f  85 6a                              sta VARTAB+1
 1412 T:d491  e5 9c                              sbc LOWTR+1
 1413 T:d493  aa                                 tax 
 1414 T:d494  38                                 sec 
 1415 T:d495  a5 9b                              lda LOWTR
 1416 T:d497  e5 69                              sbc VARTAB
 1417 T:d499  a8                                 tay 
 1418 T:d49a  b0 03                              bcs L_NUMBERED_LINE_1
 1419 T:d49c  e8                                 inx 
 1420 T:d49d  c6 61                              dec DEST+1
 1421 T:d49f  18                       L_NUMBERED_LINE_1 clc 
 1422 T:d4a0  65 5e                              adc INDEX
 1423 T:d4a2  90 03                              bcc L_NUMBERED_LINE_2
 1424 T:d4a4  c6 5f                              dec INDEX+1
 1425 T:d4a6  18                                 clc 
 1426 T:d4a7                                    ; --------------------------------
 1427 T:d4a7  b1 5e                    L_NUMBERED_LINE_2 lda (INDEX),Y                   ; MOVE HIGHER LINES OF PROGRAM
 1428 T:d4a9  91 60                              sta (DEST),Y                    ; DOWN OVER THE DELETED LINE.
 1429 T:d4ab  c8                                 iny 
 1430 T:d4ac  d0 f9                              bne L_NUMBERED_LINE_2
 1431 T:d4ae  e6 5f                              inc INDEX+1
 1432 T:d4b0  e6 61                              inc DEST+1
 1433 T:d4b2  ca                                 dex 
 1434 T:d4b3  d0 f2                              bne L_NUMBERED_LINE_2
 1435 T:d4b5                                    ; --------------------------------
 1436 T:d4b5                           PUT_NEW_LINE 
 1437 T:d4b5  ad 00 02                           lda INPUT_BUFFER                ; ANY CHARACTERS AFTER LINE #?
 1438 T:d4b8  f0 38                              beq FIX_LINKS                ; NO, SO NOTHING TO INSERT.
 1439 T:d4ba  a5 73                              lda MEMSIZ                ; YES, SO MAKE ROOM AND INSERT LINE
 1440 T:d4bc  a4 74                              ldy MEMSIZ+1          ; WIPE STRING AREA CLEAN
 1441 T:d4be  85 6f                              sta FRETOP                ; 
 1442 T:d4c0  84 70                              sty FRETOP+1          ; 
 1443 T:d4c2  a5 69                              lda VARTAB                ; SET UP BLTU SUBROUTINE
 1444 T:d4c4  85 96                              sta HIGHTR                ; INSERT NEW LINE.
 1445 T:d4c6  65 0f                              adc EOL_PNTR
 1446 T:d4c8  85 94                              sta HIGHDS
 1447 T:d4ca  a4 6a                              ldy VARTAB+1
 1448 T:d4cc  84 97                              sty HIGHTR+1
 1449 T:d4ce  90 01                              bcc L_PUT_NEW_LINE_1
 1450 T:d4d0  c8                                 iny 
 1451 T:d4d1  84 95                    L_PUT_NEW_LINE_1 sty HIGHDS+1
 1452 T:d4d3  20 93 03                           jsr BLTU             ; MAKE ROOM FOR THE LINE
 1453 T:d4d6  a5 50                              lda LINNUM                ; PUT LINE NUMBER IN LINE IMAGE
 1454 T:d4d8  a4 51                              ldy LINNUM+1
 1455 T:d4da  8d fe 01                           sta INPUT_BUFFER-2
 1456 T:d4dd  8c ff 01                           sty INPUT_BUFFER-1
 1457 T:d4e0  a5 6d                              lda STREND
 1458 T:d4e2  a4 6e                              ldy STREND+1
 1459 T:d4e4  85 69                              sta VARTAB
 1460 T:d4e6  84 6a                              sty VARTAB+1
 1461 T:d4e8  a4 0f                              ldy EOL_PNTR
 1462 T:d4ea                                    ; ---COPY LINE INTO PROGRAM-------
 1463 T:d4ea  b9 fb 01                 L_PUT_NEW_LINE_2 lda INPUT_BUFFER-5,Y
 1464 T:d4ed  88                                 dey 
 1465 T:d4ee  91 9b                              sta (LOWTR),Y
 1466 T:d4f0  d0 f8                              bne L_PUT_NEW_LINE_2
 1467 T:d4f2                                    ; --------------------------------
 1468 T:d4f2                                    ; CLEAR ALL VARIABLES
 1469 T:d4f2                                    ; RE-ESTABLISH ALL FORWARD LINKS
 1470 T:d4f2                                    ; --------------------------------
 1471 T:d4f2                           FIX_LINKS 
 1472 T:d4f2  20 65 06                           jsr SETPTRS                ; CLEAR ALL VARIABLES
 1473 T:d4f5  a5 67                              lda TXTTAB                ; POINT INDEX AT START OF PROGRAM
 1474 T:d4f7  a4 68                              ldy TXTTAB+1
 1475 T:d4f9  85 5e                              sta INDEX
 1476 T:d4fb  84 5f                              sty INDEX+1
 1477 T:d4fd  18                                 clc 
 1478 T:d4fe  a0 01                    L_FIX_LINKS_1 ldy #1          ; HI-BYTE OF NEXT FORWARD PNTR
 1479 T:d500  b1 5e                              lda (INDEX),Y                   ; END OF PROGRAM YET?
 1480 T:d502  d0 0b                              bne L_FIX_LINKS_2                ; NO, KEEP GOING
 1481 T:d504  a5 69                              lda VARTAB                ; YES
 1482 T:d506  85 af                              sta PRGEND
 1483 T:d508  a5 6a                              lda VARTAB+1
 1484 T:d50a  85 b0                              sta PRGEND+1
 1485 T:d50c  4c 3c 04                           jmp RESTART
 1486 T:d50f  a0 04                    L_FIX_LINKS_2 ldy #4          ; FIND END OF THIS LINE
 1487 T:d511  c8                       L_FIX_LINKS_3 iny                 ; (NOTE MAXIMUM LENGTH < 256)
 1488 T:d512  b1 5e                              lda (INDEX),Y                   ; 
 1489 T:d514  d0 fb                              bne L_FIX_LINKS_3             ; 
 1490 T:d516  c8                                 iny                    ; COMPUTE ADDRESS OF NEXT LINE
 1491 T:d517  98                                 tya                    ; 
 1492 T:d518  65 5e                              adc INDEX                ; 
 1493 T:d51a  aa                                 tax                    ; 
 1494 T:d51b  a0 00                              ldy #0             ; STORE FORWARD PNTR IN THIS LINE
 1495 T:d51d  91 5e                              sta (INDEX),Y                   ; 
 1496 T:d51f  a5 5f                              lda INDEX+1          ; 
 1497 T:d521  69 00                              adc #0             ; (NOTE: THIS CLEARS CARRY)
 1498 T:d523  c8                                 iny                    ; 
 1499 T:d524  91 5e                              sta (INDEX),Y                   ; 
 1500 T:d526  86 5e                              stx INDEX                ; 
 1501 T:d528  85 5f                              sta INDEX+1          ; 
 1502 T:d52a  90 d2                              bcc L_FIX_LINKS_1             ; ...ALWAYS
 1503 T:d52c                                    ; --------------------------------
 1504 T:d52c                                    ; --------------------------------
 1505 T:d52c                                    ; READ A LINE, AND STRIP OFF SIGN BITS
 1506 T:d52c                                    ; --------------------------------
 1507 T:d52c  a2 80                    INLIN     ldx #$80          ; NULL PROMPT
 1508 T:d52e  86 33                    INLIN2    stx MON_PROMPT
 1509 T:d530  20 6a fd                           jsr MON_GETLN
 1510 T:d533  e0 ef                              cpx #239             ; MAXIMUM LINE LENGTH
 1511 T:d535  90 02                              bcc L_INLIN2_1
 1512 T:d537  a2 ef                              ldx #239             ; TRUNCATE AT 239 CHARS
 1513 T:d539  a9 00                    L_INLIN2_1 lda #0          ; MARK END OF LINE WITH $00 BYTE
 1514 T:d53b  9d 00 02                           sta INPUT_BUFFER,X
 1515 T:d53e  8a                                 txa 
 1516 T:d53f  f0 0b                              beq L_INLIN2_3                ; NULL INPUT LINE
 1517 T:d541  bd ff 01                 L_INLIN2_2 lda INPUT_BUFFER-1,X            ; DROP SIGN BITS
 1518 T:d544  29 7f                              and #$7f
 1519 T:d546  9d ff 01                           sta INPUT_BUFFER-1,X
 1520 T:d549  ca                                 dex 
 1521 T:d54a  d0 f5                              bne L_INLIN2_2
 1522 T:d54c  a9 00                    L_INLIN2_3 lda #0          ; (Y,X) POINTS AT BUFFER-1
 1523 T:d54e  a2 ff                              ldx #<(INPUT_BUFFER-1)
 1524 T:d550  a0 01                              ldy #>(INPUT_BUFFER-1)
 1525 T:d552  60                                 rts 
 1526 T:d553                                    ; --------------------------------
 1527 T:d553  20 0c fd                 INCHR     jsr MON_RDKEY             ; *** OUGHT TO BE "BIT $C010" ***
 1528 T:d556  29 7f                              and #$7f
 1529 T:d558  60                                 rts 
 1530 T:d559                                    ; --------------------------------
 1531 T:d559                                    ; TOKENIZE THE INPUT LINE
 1532 T:d559                                    ; --------------------------------
 1533 T:d559                           PARSE_INPUT_LINE 
 1534 T:d559  a6 b8                              ldx TXTPTR                ; INDEX INTO UNPARSED LINE
 1535 T:d55b  ca                                 dex                    ; PREPARE FOR INX AT "PARSE"
 1536 T:d55c  a0 04                              ldy #4             ; INDEX TO PARSED OUTPUT LINE
 1537 T:d55e  84 13                              sty DATAFLG                ; CLEAR SIGN-BIT OF DATAFLG
 1538 T:d560  24 d6                              bit LOCK                ; IS THIS PROGRAM LOCKED?
 1539 T:d562  10 08                              bpl PARSE                ; NO, GO AHEAD AND PARSE THE LINE
 1540 T:d564  68                                 pla                    ; YES, IGNORE INPUT AND "RUN"
 1541 T:d565  68                                 pla                    ; THE PROGRAM
 1542 T:d566  20 65 06                           jsr SETPTRS                ; CLEAR ALL VARIABLES
 1543 T:d569  4c d2 07                           jmp NEWSTT                ; START RUNNING
 1544 T:d56c                                    ; --------------------------------
 1545 T:d56c  e8                       PARSE     inx                 ; NEXT INPUT CHARACTER
 1546 T:d56d  bd 00 02                 L_PARSE_1 lda INPUT_BUFFER,X
 1547 T:d570  24 13                              bit DATAFLG                ; IN A "DATA" STATEMENT?
 1548 T:d572  70 04                              bvs L_PARSE_2                ; YES (DATAFLG = $49)
 1549 T:d574  c9 20                              cmp #(" "&%01111111)     ; IGNORE BLANKS
 1550 T:d576  f0 f4                              beq PARSE             ; 
 1551 T:d578  85 0e                    L_PARSE_2 sta ENDCHR             ; 
 1552 T:d57a  c9 22                              cmp #$22             ; START OF QUOTATION?
 1553 T:d57c  f0 74                              beq L_PARSE_13                ; 
 1554 T:d57e  70 4d                              bvs L_PARSE_9                ; BRANCH IF IN "DATA" STATEMENT
 1555 T:d580  c9 3f                              cmp #("?"&%01111111)     ; SHORTHAND FOR "PRINT"?
 1556 T:d582  d0 04                              bne L_PARSE_3                ; NO
 1557 T:d584  a9 ba                              lda #TOKEN_PRINT               ; YES, REPLACE WITH "PRINT" TOKEN
 1558 T:d586  d0 45                              bne L_PARSE_9                ; ...ALWAYS
 1559 T:d588  c9 30                    L_PARSE_3 cmp #("0"&%01111111)  ; IS IT A DIGIT, COLON, OR SEMI-COLON?
 1560 T:d58a  90 04                              bcc L_PARSE_4                ; NO, PUNCTUATION !"#$%&'()*+,-./
 1561 T:d58c  c9 3c                              cmp #(";"&%01111111)+1
 1562 T:d58e  90 3d                              bcc L_PARSE_9                ; YES, NOT A TOKEN
 1563 T:d590                                    ; --------------------------------
 1564 T:d590                                    ; SEARCH TOKEN NAME TABLE FOR MATCH STARTING
 1565 T:d590                                    ; WITH CURRENT CHAR FROM INPUT LINE
 1566 T:d590                                    ; --------------------------------
 1567 T:d590  84 ad                    L_PARSE_4 sty STRNG2             ; SAVE INDEX TO OUTPUT LINE
 1568 T:d592  a9 d0                              lda #<(TOKEN_NAME_TABLE-$0100)
 1569 T:d594  85 9d                              sta FAC                ; MAKE PNTR FOR SEARCH
 1570 T:d596  a9 ff                              lda #>(TOKEN_NAME_TABLE-$0100)
 1571 T:d598  85 9e                              sta FAC+1
 1572 T:d59a  a0 00                              ldy #0             ; USE Y-REG WITH (FAC) TO ADDRESS TABLE
 1573 T:d59c  84 0f                              sty TKN_CNTR                ; HOLDS CURRENT TOKEN-$80
 1574 T:d59e  88                                 dey                    ; PREPARE FOR "INY" A FEW LINES DOWN
 1575 T:d59f  86 b8                              stx TXTPTR                ; SAVE POSITION IN INPUT LINE
 1576 T:d5a1  ca                                 dex                    ; PREPARE FOR "INX" A FEW LINES DOWN
 1577 T:d5a2  c8                       L_PARSE_5 iny                 ; ADVANCE POINTER TO TOKEN TABLE
 1578 T:d5a3  d0 02                              bne L_PARSE_6                ; Y=Y+1 IS ENOUGH
 1579 T:d5a5  e6 9e                              inc FAC+1          ; ALSO NEED TO BUMP THE PAGE
 1580 T:d5a7  e8                       L_PARSE_6 inx                 ; ADVANCE POINTER TO INPUT LINE
 1581 T:d5a8  bd 00 02                 L_PARSE_7 lda INPUT_BUFFER,X              ; NEXT CHAR FROM INPUT LINE
 1582 T:d5ab  c9 20                              cmp #(" "&%01111111)     ; THIS CHAR A BLANK?
 1583 T:d5ad  f0 f8                              beq L_PARSE_6             ; YES, IGNORE ALL BLANKS
 1584 T:d5af  38                                 sec                    ; NO, COMPARE TO CHAR IN TABLE
 1585 T:d5b0  f1 9d                              sbc (FAC),Y                     ; SAME AS NEXT CHAR OF TOKEN NAME?
 1586 T:d5b2  f0 ee                              beq L_PARSE_5             ; YES, CONTINUE MATCHING
 1587 T:d5b4  c9 80                              cmp #$80             ; MAYBE; WAS IT SAME EXCEPT FOR BIT 7?
 1588 T:d5b6  d0 41                              bne L_PARSE_14                ; NO, SKIP TO NEXT TOKEN
 1589 T:d5b8  05 0f                              ora TKN_CNTR                ; YES, END OF TOKEN; GET TOKEN #
 1590 T:d5ba  c9 c5                              cmp #TOKENDB               ; DID WE MATCH "AT"?
 1591 T:d5bc  d0 0d                              bne L_PARSE_8                ; NO, SO NO AMBIGUITY
 1592 T:d5be  bd 01 02                           lda INPUT_BUFFER+1,X            ; "AT" COULD BE "ATN" OR "A TO"
 1593 T:d5c1  c9 4e                              cmp #("N"&%01111111)     ; "ATN" HAS PRECEDENCE OVER "AT"
 1594 T:d5c3  f0 34                              beq L_PARSE_14                ; IT IS "ATN", FIND IT THE HARD WAY
 1595 T:d5c5  c9 4f                              cmp #("O"&%01111111)     ; "TO" HAS PRECEDENCE OVER "AT"
 1596 T:d5c7  f0 30                              beq L_PARSE_14                ; IT IS "A TO", FIN IT THE HARD WAY
 1597 T:d5c9  a9 c5                              lda #TOKENDB               ; NOT "ATN" OR "A TO", SO USE "AT"
 1598 T:d5cb                                    ; --------------------------------
 1599 T:d5cb                                    ; STORE CHARACTER OR TOKEN IN OUTPUT LINE
 1600 T:d5cb                                    ; --------------------------------
 1601 T:d5cb  a4 ad                    L_PARSE_8 ldy STRNG2             ; GET INDEX TO OUTPUT LINE IN Y-REG
 1602 T:d5cd  e8                       L_PARSE_9 inx                 ; ADVANCE INPUT INDEX
 1603 T:d5ce  c8                                 iny                    ; ADVANCE OUTPUT INDEX
 1604 T:d5cf  99 fb 01                           sta INPUT_BUFFER-5,Y            ; STORE CHAR OR TOKEN
 1605 T:d5d2  b9 fb 01                           lda INPUT_BUFFER-5,Y            ; TEST FOR EOL OR EOS
 1606 T:d5d5  f0 39                              beq L_PARSE_17                ; END OF LINE
 1607 T:d5d7  38                                 sec                    ; 
 1608 T:d5d8  e9 3a                              sbc #(":"&%01111111)     ; END OF STATEMENT?
 1609 T:d5da  f0 04                              beq L_PARSE_10                ; YES, CLEAR DATAFLG
 1610 T:d5dc  c9 49                              cmp #TOKENDWTA+128-$ba   ; "DATA" TOKEN?
 1611 T:d5de  d0 02                              bne L_PARSE_11                ; NO, LEAVE DATAFLG ALONE
 1612 T:d5e0  85 13                    L_PARSE_10 sta DATAFLG             ; DATAFLG = 0 OR $83-$3A = $49
 1613 T:d5e2  38                       L_PARSE_11 sec                 ; IS IT A "REM" TOKEN?
 1614 T:d5e3  e9 78                              sbc #TOKEN_REM+128-$ba
 1615 T:d5e5  d0 86                              bne L_PARSE_1             ; NO, CONTINUE PARSING LINE
 1616 T:d5e7  85 0e                              sta ENDCHR                ; YES, CLEAR LITERAL FLAG
 1617 T:d5e9                                    ; --------------------------------
 1618 T:d5e9                                    ; HANDLE LITERAL (BETWEEN QUOTES) OR REMARK,
 1619 T:d5e9                                    ; BY COPYING CHARS UP TO ENDCHR.
 1620 T:d5e9                                    ; --------------------------------
 1621 T:d5e9  bd 00 02                 L_PARSE_12 lda INPUT_BUFFER,X
 1622 T:d5ec  f0 df                              beq L_PARSE_9             ; END OF LINE
 1623 T:d5ee  c5 0e                              cmp ENDCHR
 1624 T:d5f0  f0 db                              beq L_PARSE_9             ; FOUND ENDCHR
 1625 T:d5f2  c8                       L_PARSE_13 iny                 ; NEXT OUTPUT CHAR
 1626 T:d5f3  99 fb 01                           sta INPUT_BUFFER-5,Y
 1627 T:d5f6  e8                                 inx                    ; NEXT INPUT CHAR
 1628 T:d5f7  d0 f0                              bne L_PARSE_12             ; ...ALWAYS
 1629 T:d5f9                                    ; --------------------------------
 1630 T:d5f9                                    ; ADVANCE POINTER TO NEXT TOKEN NAME
 1631 T:d5f9                                    ; --------------------------------
 1632 T:d5f9  a6 b8                    L_PARSE_14 ldx TXTPTR             ; GET POINTER TO INPUT LINE IN X-REG
 1633 T:d5fb  e6 0f                              inc TKN_CNTR                ; BUMP (TOKEN # - $80)
 1634 T:d5fd  b1 9d                    L_PARSE_15 lda (FAC),Y                     ; SCAN THROUGH TABLE FOR BIT7 = 1
 1635 T:d5ff  c8                                 iny                    ; NEXT TOKEN ONE BEYOND THAT
 1636 T:d600  d0 02                              bne L_PARSE_16                ; ...USUALLY ENOUGH TO BUMP Y-REG
 1637 T:d602  e6 9e                              inc FAC+1          ; NEXT SET OF 256 TOKEN CHARS
 1638 T:d604  0a                       L_PARSE_16 asl                 ; SEE IF SIGN BIT SET ON CHAR
 1639 T:d605  90 f6                              bcc L_PARSE_15             ; NO, MORE IN THIS NAME
 1640 T:d607  b1 9d                              lda (FAC),Y                     ; YES, AT NEXT NAME.  END OF TABLE?
 1641 T:d609  d0 9d                              bne L_PARSE_7             ; NO, NOT END OF TABLE
 1642 T:d60b  bd 00 02                           lda INPUT_BUFFER,X              ; YES, SO NOT A KEYWORD
 1643 T:d60e  10 bb                              bpl L_PARSE_8             ; ...ALWAYS, COPY CHAR AS IS
 1644 T:d610                                    ; ---END OF LINE------------------
 1645 T:d610  99 fd 01                 L_PARSE_17 sta INPUT_BUFFER-3,Y            ; STORE ANOTHER 00 ON END
 1646 T:d613  c6 b9                              dec TXTPTR+1          ; SET TXTPTR = INPUT.BUFFER-1
 1647 T:d615  a9 ff                              lda #<(INPUT_BUFFER-1)
 1648 T:d617  85 b8                              sta TXTPTR
 1649 T:d619  60                                 rts 
 1650 T:d61a                                    ; --------------------------------
 1651 T:d61a                                    ; SEARCH FOR LINE
 1652 T:d61a                                    ; 
 1653 T:d61a                                    ; (LINNUM) = LINE # TO FIND
 1654 T:d61a                                    ; IF NOT FOUND:  CARRY = 0
 1655 T:d61a                                    ; LOWTR POINTS AT NEXT LINE
 1656 T:d61a                                    ; IF FOUND:      CARRY = 1
 1657 T:d61a                                    ; LOWTR POINTS AT LINE
 1658 T:d61a                                    ; --------------------------------
 1659 T:d61a  a5 67                    FNDLIN    lda TXTTAB             ; SEARCH FROM BEGINNING OF PROGRAM
 1660 T:d61c  a6 68                              ldx TXTTAB+1          ; 
 1661 T:d61e  a0 01                    FL1       ldy #1          ; SEARCH FROM (X,A)
 1662 T:d620  85 9b                              sta LOWTR                ; 
 1663 T:d622  86 9c                              stx LOWTR+1          ; 
 1664 T:d624  b1 9b                              lda (LOWTR),Y                   ; 
 1665 T:d626  f0 1f                              beq L_FL1_3                ; END OF PROGRAM, AND NOT FOUND
 1666 T:d628  c8                                 iny                    ; 
 1667 T:d629  c8                                 iny                    ; 
 1668 T:d62a  a5 51                              lda LINNUM+1          ; 
 1669 T:d62c  d1 9b                              cmp (LOWTR),Y                   ; 
 1670 T:d62e  90 18                              bcc RTS_1                ; IF NOT FOUND
 1671 T:d630  f0 03                              beq L_FL1_1                ; 
 1672 T:d632  88                                 dey                    ; 
 1673 T:d633  d0 09                              bne L_FL1_2                ; 
 1674 T:d635  a5 50                    L_FL1_1   lda LINNUM             ; 
 1675 T:d637  88                                 dey                    ; 
 1676 T:d638  d1 9b                              cmp (LOWTR),Y                   ; 
 1677 T:d63a  90 0c                              bcc RTS_1                ; PAST LINE, NOT FOUND
 1678 T:d63c  f0 0a                              beq RTS_1                ; IF FOUND
 1679 T:d63e  88                       L_FL1_2   dey                 ; 
 1680 T:d63f  b1 9b                              lda (LOWTR),Y                   ; 
 1681 T:d641  aa                                 tax                    ; 
 1682 T:d642  88                                 dey                    ; 
 1683 T:d643  b1 9b                              lda (LOWTR),Y                   ; 
 1684 T:d645  b0 d7                              bcs FL1             ; ALWAYS
 1685 T:d647  18                       L_FL1_3   clc                 ; RETURN CARRY = 0
 1686 T:d648  60                       RTS_1     rts 
 1687 T:d649                                    ; --------------------------------
 1688 T:d649                                    ; "NEW" STATEMENT
 1689 T:d649                                    ; --------------------------------
 1690 T:d649  d0 fd                    NEW       bne RTS_1          ; IGNORE IF MORE TO THE STATEMENT
 1691 T:d64b  a9 00                    SCRTCH    lda #0
 1692 T:d64d  85 d6                              sta LOCK
 1693 T:d64f  a8                                 tay 
 1694 T:d650  91 67                              sta (TXTTAB),Y
 1695 T:d652  c8                                 iny 
 1696 T:d653  91 67                              sta (TXTTAB),Y
 1697 T:d655  a5 67                              lda TXTTAB
 1698 T:d657  69 02                              adc #2             ; (CARRY WASN'T CLEARED, SO "NEW" USUALLY
 1699 T:d659  85 69                              sta VARTAB                ; ADDS 3, WHEREAS "FP" ADDS 2.)
 1700 T:d65b  85 af                              sta PRGEND
 1701 T:d65d  a5 68                              lda TXTTAB+1
 1702 T:d65f  69 00                              adc #0
 1703 T:d661  85 6a                              sta VARTAB+1
 1704 T:d663  85 b0                              sta PRGEND+1
 1705 T:d665                                    ; --------------------------------
 1706 T:d665                           SETPTRS   
 1707 T:d665  20 97 06                           jsr STXTPT                ; SET TXTPTR TO TXTTAB - 1
 1708 T:d668  a9 00                              lda #0             ; (THIS COULD HAVE BEEN ".HS 2C")
 1709 T:d66a                                    ; --------------------------------
 1710 T:d66a                                    ; "CLEAR" STATEMENT
 1711 T:d66a                                    ; --------------------------------
 1712 T:d66a  d0 2a                    CLEAR     bne RTS_2             ; IGNORE IF NOT AT END OF STATEMENT
 1713 T:d66c  a5 73                    CLEARC    lda MEMSIZ             ; CLEAR STRING AREA
 1714 T:d66e  a4 74                              ldy MEMSIZ+1          ; 
 1715 T:d670  85 6f                              sta FRETOP                ; 
 1716 T:d672  84 70                              sty FRETOP+1          ; 
 1717 T:d674  a5 69                              lda VARTAB                ; CLEAR ARRAY AREA
 1718 T:d676  a4 6a                              ldy VARTAB+1          ; 
 1719 T:d678  85 6b                              sta ARYTAB                ; 
 1720 T:d67a  84 6c                              sty ARYTAB+1          ; 
 1721 T:d67c  85 6d                              sta STREND                ; LOW END OF FREE SPACE
 1722 T:d67e  84 6e                              sty STREND+1          ; 
 1723 T:d680  20 49 08                           jsr RESTORE                ; SET "DATA" POINTER TO BEGINNING
 1724 T:d683                                    ; --------------------------------
 1725 T:d683  a2 55                    STKINI    ldx #TEMPST
 1726 T:d685  86 52                              stx TEMPPT
 1727 T:d687  68                                 pla                    ; SAVE RETURN ADDRESS
 1728 T:d688  a8                                 tay                    ; 
 1729 T:d689  68                                 pla                    ; 
 1730 T:d68a  a2 f8                              ldx #$f8             ; START STACK AT $F8,
 1731 T:d68c  9a                                 txs                    ; LEAVING ROOM FOR PARSING LINES
 1732 T:d68d  48                                 pha                    ; RESTORE RETURN ADDRESS
 1733 T:d68e  98                                 tya 
 1734 T:d68f  48                                 pha 
 1735 T:d690  a9 00                              lda #0
 1736 T:d692  85 7a                              sta OLDTEXT+1
 1737 T:d694  85 14                              sta SUBFLG
 1738 T:d696  60                       RTS_2     rts 
 1739 T:d697                                    ; --------------------------------
 1740 T:d697                                    ; SET TXTPTR TO BEGINNING OF PROGRAM
 1741 T:d697                                    ; --------------------------------
 1742 T:d697  18                       STXTPT    clc                 ; TXTPTR = TXTTAB - 1
 1743 T:d698  a5 67                              lda TXTTAB
 1744 T:d69a  69 ff                              adc #$ff
 1745 T:d69c  85 b8                              sta TXTPTR
 1746 T:d69e  a5 68                              lda TXTTAB+1
 1747 T:d6a0  69 ff                              adc #$ff
 1748 T:d6a2  85 b9                              sta TXTPTR+1
 1749 T:d6a4  60                                 rts 
 1750 T:d6a5                                    ; --------------------------------
 1751 T:d6a5                                    ; "LIST" STATEMENT
 1752 T:d6a5                                    ; --------------------------------
 1753 T:d6a5  90 0a                    LIST      bcc L_LIST_1             ; NO  LINE # SPECIFIED
 1754 T:d6a7  f0 08                              beq L_LIST_1                ; ---DITTO---
 1755 T:d6a9  c9 c9                              cmp #TOKEN_MINUS               ; IF DASH OR COMMA, START AT LINE 0
 1756 T:d6ab  f0 04                              beq L_LIST_1                ; IS IS A DASH
 1757 T:d6ad  c9 2c                              cmp #(","&%01111111)     ; COMMA?
 1758 T:d6af  d0 e5                              bne RTS_2             ; NO, ERROR
 1759 T:d6b1  20 0c 0a                 L_LIST_1  jsr LINGET             ; CONVERT LINE NUMBER IF ANY
 1760 T:d6b4  20 1a 06                           jsr FNDLIN             ; POINT LOWTR TO 1ST LINE
 1761 T:d6b7  20 b7 00                           jsr CHRGOT                ; RANGE SPECIFIED?
 1762 T:d6ba  f0 10                              beq L_LIST_3                ; NO
 1763 T:d6bc  c9 c9                              cmp #TOKEN_MINUS
 1764 T:d6be  f0 04                              beq L_LIST_2
 1765 T:d6c0  c9 2c                              cmp #(","&%01111111)
 1766 T:d6c2  d0 84                              bne RTS_1
 1767 T:d6c4  20 b1 00                 L_LIST_2  jsr CHRGET             ; GET NEXT CHAR
 1768 T:d6c7  20 0c 0a                           jsr LINGET                ; CONVERT SECOND LINE #
 1769 T:d6ca  d0 ca                              bne RTS_2             ; BRANCH IF SYNTAX ERR
 1770 T:d6cc  68                       L_LIST_3  pla                 ; POP RETURN ADRESS
 1771 T:d6cd  68                                 pla                    ; (GET BACK BY "JMP NEWSTT")
 1772 T:d6ce  a5 50                              lda LINNUM                ; IF NO SECOND NUMBER, USE $FFFF
 1773 T:d6d0  05 51                              ora LINNUM+1          ; 
 1774 T:d6d2  d0 06                              bne LIST_0                ; THERE WAS A SECOND NUMBER
 1775 T:d6d4  a9 ff                              lda #$ff             ; MAX END RANGE
 1776 T:d6d6  85 50                              sta LINNUM                ; 
 1777 T:d6d8  85 51                              sta LINNUM+1          ; 
 1778 T:d6da  a0 01                    LIST_0    ldy #1          ; 
 1779 T:d6dc  b1 9b                              lda (LOWTR),Y                   ; HIGH BYTE OF LINK
 1780 T:d6de  f0 44                              beq LIST_3                ; END OF PROGRAM
 1781 T:d6e0  20 58 08                           jsr ISCNTC                ; CHECK IF CONTROL-C HAS BEEN TYPED
 1782 T:d6e3  20 fb 0a                           jsr CRDO                ; NO, PRINT <RETURN>
 1783 T:d6e6  c8                                 iny                    ; 
 1784 T:d6e7  b1 9b                              lda (LOWTR),Y                   ; GET LINE #, COMPARE WITH END RANGE
 1785 T:d6e9  aa                                 tax                    ; 
 1786 T:d6ea  c8                                 iny                    ; 
 1787 T:d6eb  b1 9b                              lda (LOWTR),Y                   ; 
 1788 T:d6ed  c5 51                              cmp LINNUM+1          ; 
 1789 T:d6ef  d0 04                              bne L_LIST_0_5                ; 
 1790 T:d6f1  e4 50                              cpx LINNUM                ; 
 1791 T:d6f3  f0 02                              beq L_LIST_0_6                ; ON LAST LINE OF RANGE
 1792 T:d6f5  b0 2d                    L_LIST_0_5 bcs LIST_3             ; FINISHED THE RANGE
 1793 T:d6f7                                    ; ---LIST ONE LINE----------------
 1794 T:d6f7  84 85                    L_LIST_0_6 sty FORPNT             ; 
 1795 T:d6f9  20 24 1d                           jsr LINPRT                ; PRINT LINE # FROM X,A
 1796 T:d6fc  a9 20                              lda #(" "&%01111111)     ; PRINT SPACE AFTER LINE #
 1797 T:d6fe  a4 85                    LIST_1    ldy FORPNT             ; 
 1798 T:d700  29 7f                              and #$7f             ; 
 1799 T:d702  20 5c 0b                 LIST_2    jsr OUTDO             ; 
 1800 T:d705  a5 24                              lda MON_CH                ; IF PAST COLUMN 33, START A NEW LINE
 1801 T:d707  c9 21                              cmp #33             ; 
 1802 T:d709  90 07                              bcc L_LIST_2_1                ; < 33
 1803 T:d70b  20 fb 0a                           jsr CRDO                ; PRINT <RETURN>
 1804 T:d70e  a9 05                              lda #5             ; AND TAB OVER 5
 1805 T:d710  85 24                              sta MON_CH                ; 
 1806 T:d712  c8                       L_LIST_2_1 iny                 ; 
 1807 T:d713  b1 9b                              lda (LOWTR),Y                   ; 
 1808 T:d715  d0 1d                              bne LIST_4                ; NOT END OF LINE YET
 1809 T:d717  a8                                 tay                    ; END OF LINE
 1810 T:d718  b1 9b                              lda (LOWTR),Y                   ; GET LINK TO NEXT LINE
 1811 T:d71a  aa                                 tax                    ; 
 1812 T:d71b  c8                                 iny                    ; 
 1813 T:d71c  b1 9b                              lda (LOWTR),Y                   ; 
 1814 T:d71e  86 9b                              stx LOWTR                ; POINT TO NEXT LINE
 1815 T:d720  85 9c                              sta LOWTR+1          ; 
 1816 T:d722  d0 b6                              bne LIST_0             ; BRANCH IF NOT END OF PROGRAM
 1817 T:d724  a9 0d                    LIST_3    lda #$0d          ; PRINT <RETURN>
 1818 T:d726  20 5c 0b                           jsr OUTDO                ; 
 1819 T:d729  4c d2 07                           jmp NEWSTT                ; TO NEXT STATEMENT
 1820 T:d72c                                    ; --------------------------------
 1821 T:d72c  c8                       GETCHR    iny                 ; PICK UP CHAR FROM TABLE
 1822 T:d72d  d0 02                              bne L_GETCHR_1                ; 
 1823 T:d72f  e6 9e                              inc FAC+1          ; 
 1824 T:d731  b1 9d                    L_GETCHR_1 lda (FAC),Y                     ; 
 1825 T:d733  60                                 rts                    ; 
 1826 T:d734                                    ; --------------------------------
 1827 T:d734  10 cc                    LIST_4    bpl LIST_2          ; BRANCH IF NOT A TOKEN
 1828 T:d736  38                                 sec                    ; 
 1829 T:d737  e9 7f                              sbc #$7f             ; CONVERT TOKEN TO INDEX
 1830 T:d739  aa                                 tax                    ; 
 1831 T:d73a  84 85                              sty FORPNT                ; SAVE LINE POINTER
 1832 T:d73c  a0 d0                              ldy #<(TOKEN_NAME_TABLE-$0100)
 1833 T:d73e  84 9d                              sty FAC                ; POINT FAC TO TABLE
 1834 T:d740  a0 ff                              ldy #>(TOKEN_NAME_TABLE-$0100)
 1835 T:d742  84 9e                              sty FAC+1
 1836 T:d744  a0 ff                              ldy #$ff
 1837 T:d746  ca                       L_LIST_4_1 dex                 ; SKIP KEYWORDS UNTIL REACH THIS ONE
 1838 T:d747  f0 07                              beq L_LIST_4_3                ; 
 1839 T:d749  20 2c 07                 L_LIST_4_2 jsr GETCHR          ; BUMP Y, GET CHAR FROM TABLE
 1840 T:d74c  10 fb                              bpl L_LIST_4_2             ; NOT AT END OF KEYWORD YET
 1841 T:d74e  30 f6                              bmi L_LIST_4_1             ; END OF KEYWORD, ALWAYS BRANCHES
 1842 T:d750  a9 20                    L_LIST_4_3 lda #(" "&%01111111)  ; FOUND THE RIGHT KEYWORD
 1843 T:d752  20 5c 0b                           jsr OUTDO                ; PRINT LEADING SPACE
 1844 T:d755  20 2c 07                 L_LIST_4_4 jsr GETCHR          ; PRINT THE KEYWORD
 1845 T:d758  30 05                              bmi L_LIST_4_5                ; LAST CHAR OF KEYWORD
 1846 T:d75a  20 5c 0b                           jsr OUTDO                ; 
 1847 T:d75d  d0 f6                              bne L_LIST_4_4             ; ...ALWAYS
 1848 T:d75f  20 5c 0b                 L_LIST_4_5 jsr OUTDO             ; PRINT LAST CHAR OF KEYWORD
 1849 T:d762  a9 20                              lda #(" "&%01111111)     ; PRINT TRAILING SPACE
 1850 T:d764  d0 98                              bne LIST_1             ; ...ALWAYS, BACK TO ACTUAL LINE
 1851 T:d766                                    ; --------------------------------
 1852 T:d766                                    ; "FOR" STATEMENT
 1853 T:d766                                    ; 
 1854 T:d766                                    ; FOR PUSHES 18 BYTES ON THE STACK:
 1855 T:d766                                    ; 2 -- TXTPTR
 1856 T:d766                                    ; 2 -- LINE NUMBER
 1857 T:d766                                    ; 5 -- INITIAL (CURRENT)  FOR VARIABLE VALUE
 1858 T:d766                                    ; 1 -- STEP SIGN
 1859 T:d766                                    ; 5 -- STEP VALUE
 1860 T:d766                                    ; 2 -- ADDRESS OF FOR VARIABLE IN VARTAB
 1861 T:d766                                    ; 1 -- FOR TOKEN ($81)
 1862 T:d766                                    ; --------------------------------
 1863 T:d766  a9 80                    FOR       lda #$80          ; 
 1864 T:d768  85 14                              sta SUBFLG                ; SUBSCRIPTS NOT ALLOWED
 1865 T:d76a  20 46 0a                           jsr LET                ; DO <VAR> = <EXP>, STORE ADDR IN FORPNT
 1866 T:d76d  20 65 03                           jsr GTFORPNT             ; IS THIS FOR VARIABLE ACTIVE?
 1867 T:d770  d0 05                              bne L_FOR_1                ; NO
 1868 T:d772  8a                                 txa                    ; YES, CANCEL IT AND ENCLOSED LOOPS
 1869 T:d773  69 0f                              adc #15             ; CARRY=1, THIS ADDS 16
 1870 T:d775  aa                                 tax                    ; X WAS ALREADY S+2
 1871 T:d776  9a                                 txs                    ; 
 1872 T:d777  68                       L_FOR_1   pla                 ; POP RETURN ADDRESS TOO
 1873 T:d778  68                                 pla                    ; 
 1874 T:d779  a9 09                              lda #9             ; BE CERTAIN ENOUGH ROOM IN STACK
 1875 T:d77b  20 d6 03                           jsr CHKMEM             ; 
 1876 T:d77e  20 a3 09                           jsr DATAN                ; SCAN AHEAD TO NEXT STATEMENT
 1877 T:d781  18                                 clc                    ; PUSH STATEMENT ADDRESS ON STACK
 1878 T:d782  98                                 tya                    ; 
 1879 T:d783  65 b8                              adc TXTPTR                ; 
 1880 T:d785  48                                 pha                    ; 
 1881 T:d786  a5 b9                              lda TXTPTR+1          ; 
 1882 T:d788  69 00                              adc #0             ; 
 1883 T:d78a  48                                 pha                    ; 
 1884 T:d78b  a5 76                              lda CURLIN+1          ; PUSH LINE NUMBER ON STACK
 1885 T:d78d  48                                 pha                    ; 
 1886 T:d78e  a5 75                              lda CURLIN                ; 
 1887 T:d790  48                                 pha                    ; 
 1888 T:d791  a9 c1                              lda #TOKEN_TO               ; 
 1889 T:d793  20 c0 0e                           jsr SYNCHR                ; REQUIRE "TO"
 1890 T:d796  20 6a 0d                           jsr CHKNUM                ; <VAR> = <EXP> MUST BE NUMERIC
 1891 T:d799  20 67 0d                           jsr FRMNUM                ; GET FINAL VALUE, MUST BE NUMERIC
 1892 T:d79c  a5 a2                              lda FAC_SIGN                ; PUT SIGN INTO VALUE IN FAC
 1893 T:d79e  09 7f                              ora #$7f             ; 
 1894 T:d7a0  25 9e                              and FAC+1          ; 
 1895 T:d7a2  85 9e                              sta FAC+1          ; 
 1896 T:d7a4  a9 af                              lda #<STEP              ; SET UP FOR RETURN
 1897 T:d7a6  a0 07                              ldy #>STEP              ; TO STEP
 1898 T:d7a8  85 5e                              sta INDEX
 1899 T:d7aa  84 5f                              sty INDEX+1
 1900 T:d7ac  4c 20 0e                           jmp FRM_STACK_3                ; RETURNS BY "JMP (INDEX)"
 1901 T:d7af                                    ; --------------------------------
 1902 T:d7af                                    ; "STEP" PHRASE OF "FOR" STATEMENT
 1903 T:d7af                                    ; --------------------------------
 1904 T:d7af  a9 13                    STEP      lda #<CON_ONE           ; STEP DEFAULT=1
 1905 T:d7b1  a0 19                              ldy #>CON_ONE
 1906 T:d7b3  20 f9 1a                           jsr LOAD_FAC_FROM_YA
 1907 T:d7b6  20 b7 00                           jsr CHRGOT
 1908 T:d7b9  c9 c7                              cmp #TOKEN_STEP
 1909 T:d7bb  d0 06                              bne L_STEP_1                ; USE DEFAULT VALUE OF 1.0
 1910 T:d7bd  20 b1 00                           jsr CHRGET                ; STEP SPECIFIED, GET IT
 1911 T:d7c0  20 67 0d                           jsr FRMNUM
 1912 T:d7c3  20 82 1b                 L_STEP_1  jsr SIGN
 1913 T:d7c6  20 15 0e                           jsr FRM_STACK_2
 1914 T:d7c9  a5 86                              lda FORPNT+1
 1915 T:d7cb  48                                 pha 
 1916 T:d7cc  a5 85                              lda FORPNT
 1917 T:d7ce  48                                 pha 
 1918 T:d7cf  a9 81                              lda #TOKEN_FOR
 1919 T:d7d1  48                                 pha 
 1920 T:d7d2                                    ; --------------------------------
 1921 T:d7d2                                    ; PERFORM NEXT STATEMENT
 1922 T:d7d2                                    ; --------------------------------
 1923 T:d7d2  ba                       NEWSTT    tsx                 ; REMEMBER THE STACK POSITION
 1924 T:d7d3  86 f8                              stx REMSTK                ; 
 1925 T:d7d5  20 58 08                           jsr ISCNTC                ; SEE IF CONTROL-C HAS BEEN TYPED
 1926 T:d7d8  a5 b8                              lda TXTPTR                ; NO, KEEP EXECUTING
 1927 T:d7da  a4 b9                              ldy TXTPTR+1          ; 
 1928 T:d7dc  a6 76                              ldx CURLIN+1          ; =$FF IF IN DIRECT MODE
 1929 T:d7de  e8                                 inx                    ; $FF TURNS INTO $00
 1930 T:d7df  f0 04                              beq L_NEWSTT_1                ; IN DIRECT MODE
 1931 T:d7e1  85 79                              sta OLDTEXT                ; IN RUNNING MODE
 1932 T:d7e3  84 7a                              sty OLDTEXT+1          ; 
 1933 T:d7e5  a0 00                    L_NEWSTT_1 ldy #0          ; 
 1934 T:d7e7  b1 b8                              lda (TXTPTR),Y                  ; END OF LINE YET?
 1935 T:d7e9  d0 57                              bne COLON_                ; NO
 1936 T:d7eb  a0 02                              ldy #2             ; YES, SEE IF END OF PROGRAM
 1937 T:d7ed  b1 b8                              lda (TXTPTR),Y                  ; 
 1938 T:d7ef  18                                 clc                    ; 
 1939 T:d7f0  f0 34                              beq GOEND                ; YES, END OF PROGRAM
 1940 T:d7f2  c8                                 iny                    ; 
 1941 T:d7f3  b1 b8                              lda (TXTPTR),Y                  ; GET LINE # OF NEXT LINE
 1942 T:d7f5  85 75                              sta CURLIN                ; 
 1943 T:d7f7  c8                                 iny                    ; 
 1944 T:d7f8  b1 b8                              lda (TXTPTR),Y                  ; 
 1945 T:d7fa  85 76                              sta CURLIN+1          ; 
 1946 T:d7fc  98                                 tya                    ; ADJUST TXTPTR TO START
 1947 T:d7fd  65 b8                              adc TXTPTR                ; OF NEW LINE
 1948 T:d7ff  85 b8                              sta TXTPTR
 1949 T:d801  90 02                              bcc L_NEWSTT_2
 1950 T:d803  e6 b9                              inc TXTPTR+1
 1951 T:d805                           L_NEWSTT_2 
 1952 T:d805                                    ; --------------------------------
 1953 T:d805  24 f2                    TRACE_    bit TRCFLG             ; IS TRACE ON?
 1954 T:d807  10 14                              bpl L_TRACE__1                ; NO
 1955 T:d809  a6 76                              ldx CURLIN+1          ; YES, ARE WE RUNNING?
 1956 T:d80b  e8                                 inx                    ; 
 1957 T:d80c  f0 0f                              beq L_TRACE__1                ; NOT RUNNING, SO DON'T TRACE
 1958 T:d80e  a9 23                              lda #("#"&%01111111)     ; PRINT "#"
 1959 T:d810  20 5c 0b                           jsr OUTDO                ; 
 1960 T:d813  a6 75                              ldx CURLIN                ; 
 1961 T:d815  a5 76                              lda CURLIN+1          ; 
 1962 T:d817  20 24 1d                           jsr LINPRT                ; PRINT LINE NUMBER
 1963 T:d81a  20 57 0b                           jsr OUTSP                ; PRINT TRAILING SPACE
 1964 T:d81d  20 b1 00                 L_TRACE__1 jsr CHRGET             ; GET FIRST CHR OF STATEMENT
 1965 T:d820  20 28 08                           jsr EXECUTE_STATEMENT                ; AND START PROCESSING
 1966 T:d823  4c d2 07                           jmp NEWSTT             ; BACK FOR MORE
 1967 T:d826                                    ; --------------------------------
 1968 T:d826  f0 62                    GOEND     beq END4
 1969 T:d828                                    ; --------------------------------
 1970 T:d828                                    ; EXECUTE A STATEMENT
 1971 T:d828                                    ; 
 1972 T:d828                                    ; (A) IS FIRST CHAR OF STATEMENT
 1973 T:d828                                    ; CARRY IS SET
 1974 T:d828                                    ; --------------------------------
 1975 T:d828                           EXECUTE_STATEMENT 
 1976 T:d828  f0 2d                              beq RTS_3                ; END OF LINE, NULL STATEMENT
 1977 T:d82a                           EXECUTE_STATEMENT_1                  ; 
 1978 T:d82a  e9 80                              sbc #$80             ; FIRST CHAR A TOKEN?
 1979 T:d82c  90 11                              bcc L_EXECUTE_STATEMENT_1_1                ; NOT TOKEN, MUST BE "LET"
 1980 T:d82e  c9 40                              cmp #$40             ; STATEMENT-TYPE TOKEN?
 1981 T:d830  b0 14                              bcs SYNERR_1                ; NO, SYNTAX ERROR
 1982 T:d832  0a                                 asl                    ; DOUBLE TO GET INDEX
 1983 T:d833  a8                                 tay                    ; INTO ADDRESS TABLE
 1984 T:d834  b9 01 00                           lda TOKEN_ADDRESS_TABLE+1,Y
 1985 T:d837  48                                 pha                    ; PUT ADDRESS ON STACK
 1986 T:d838  b9 00 00                           lda TOKEN_ADDRESS_TABLE,Y
 1987 T:d83b  48                                 pha 
 1988 T:d83c  4c b1 00                           jmp CHRGET                ; GET NEXT CHR & RTS TO ROUTINE
 1989 T:d83f                                    ; --------------------------------
 1990 T:d83f  4c 46 0a                 L_EXECUTE_STATEMENT_1_1 jmp LET             ; MUST BE <VAR> = <EXP>
 1991 T:d842                                    ; --------------------------------
 1992 T:d842  c9 3a                    COLON_    cmp #(":"&%01111111)
 1993 T:d844  f0 bf                              beq TRACE_
 1994 T:d846  4c c9 0e                 SYNERR_1  jmp SYNERR
 1995 T:d849                                    ; --------------------------------
 1996 T:d849                                    ; "RESTORE" STATEMENT
 1997 T:d849                                    ; --------------------------------
 1998 T:d849                           RESTORE   
 1999 T:d849  38                                 sec                    ; SET DATPTR TO BEGINNING OF PROGRAM
 2000 T:d84a  a5 67                              lda TXTTAB
 2001 T:d84c  e9 01                              sbc #1
 2002 T:d84e  a4 68                              ldy TXTTAB+1
 2003 T:d850  b0 01                              bcs SETDA
 2004 T:d852  88                                 dey 
 2005 T:d853                                    ; ---SET DATPTR TO Y,A------------
 2006 T:d853  85 7d                    SETDA     sta DATPTR
 2007 T:d855  84 7e                              sty DATPTR+1
 2008 T:d857  60                       RTS_3     rts 
 2009 T:d858                                    ; --------------------------------
 2010 T:d858                                    ; SEE IF CONTROL-C TYPED
 2011 T:d858                                    ; --------------------------------
 2012 T:d858  ad 00 c0                 ISCNTC    lda KEYBOARD
 2013 T:d85b  c9 83                              cmp #$83
 2014 T:d85d  f0 01                              beq L_ISCNTC_1
 2015 T:d85f  60                                 rts 
 2016 T:d860  20 53 05                 L_ISCNTC_1 jsr INCHR          ; <<< SHOULD BE "BIT $C010" >>>
 2017 T:d863                           CONTROL_C_TYPED 
 2018 T:d863  a2 ff                              ldx #$ff             ; CONTROL C ATTEMPTED
 2019 T:d865  24 d8                              bit ERRFLG                ; "ON ERR" ENABLED?
 2020 T:d867  10 03                              bpl L_CONTROL_C_TYPED_2                ; NO
 2021 T:d869  4c e9 22                           jmp HANDLERR                ; YES, RETURN ERR CODE = 255
 2022 T:d86c  c9 03                    L_CONTROL_C_TYPED_2 cmp #3          ; SINCE IT IS CTRL-C, SET Z AND C BITS
 2023 T:d86e                                    ; --------------------------------
 2024 T:d86e                                    ; "STOP" STATEMENT
 2025 T:d86e                                    ; --------------------------------
 2026 T:d86e  b0 01                    STOP      bcs END2             ; CARRY=1 TO FORCE PRINTING "BREAK AT.."
 2027 T:d870                                    ; --------------------------------
 2028 T:d870                                    ; "END" STATEMENT
 2029 T:d870                                    ; --------------------------------
 2030 T:d870  18                       ENDX      clc                 ; CARRY=0 TO AVOID PRINTING MESSAGE
 2031 T:d871  d0 3c                    END2      bne RTS_4             ; IF NOT END OF STATEMENT, DO NOTHING
 2032 T:d873  a5 b8                              lda TXTPTR
 2033 T:d875  a4 b9                              ldy TXTPTR+1
 2034 T:d877  a6 76                              ldx CURLIN+1
 2035 T:d879  e8                                 inx                    ; RUNNING?
 2036 T:d87a  f0 0c                              beq L_END2_1                ; NO, DIRECT MODE
 2037 T:d87c  85 79                              sta OLDTEXT
 2038 T:d87e  84 7a                              sty OLDTEXT+1
 2039 T:d880  a5 75                              lda CURLIN
 2040 T:d882  a4 76                              ldy CURLIN+1
 2041 T:d884  85 77                              sta OLDLIN
 2042 T:d886  84 78                              sty OLDLIN+1
 2043 T:d888  68                       L_END2_1  pla 
 2044 T:d889  68                                 pla 
 2045 T:d88a  a9 5d                    END4      lda #<QT_BREAK        ; " BREAK" AND BELL
 2046 T:d88c  a0 03                              ldy #>QT_BREAK
 2047 T:d88e  90 03                              bcc L_END4_1
 2048 T:d890  4c 31 04                           jmp PRINT_ERROR_LINNUM
 2049 T:d893  4c 3c 04                 L_END4_1  jmp RESTART
 2050 T:d896                                    ; --------------------------------
 2051 T:d896                                    ; "CONT" COMMAND
 2052 T:d896                                    ; --------------------------------
 2053 T:d896  d0 17                    CONT      bne RTS_4             ; IF NOT END OF STATEMENT, DO NOTHING
 2054 T:d898  a2 d2                              ldx #ERR_CANTCONT
 2055 T:d89a  a4 7a                              ldy OLDTEXT+1          ; MEANINGFUL RE-ENTRY?
 2056 T:d89c  d0 03                              bne L_CONT_1                ; YES
 2057 T:d89e  4c 12 04                           jmp ERROR             ; NO
 2058 T:d8a1  a5 79                    L_CONT_1  lda OLDTEXT             ; RESTORE TXTPTR
 2059 T:d8a3  85 b8                              sta TXTPTR                ; 
 2060 T:d8a5  84 b9                              sty TXTPTR+1          ; 
 2061 T:d8a7  a5 77                              lda OLDLIN                ; RESTORE LINE NUMBER
 2062 T:d8a9  a4 78                              ldy OLDLIN+1
 2063 T:d8ab  85 75                              sta CURLIN
 2064 T:d8ad  84 76                              sty CURLIN+1
 2065 T:d8af  60                       RTS_4     rts 
 2066 T:d8b0                                    ; --------------------------------
 2067 T:d8b0                                    ; "SAVE" COMMAND
 2068 T:d8b0                                    ; WRITES PROGRAM ON CASSETTE TAPE
 2069 T:d8b0                                    ; --------------------------------
 2070 T:d8b0  38                       SAVE      sec 
 2071 T:d8b1  a5 af                              lda PRGEND                ; COMPUTE PROGRAM LENGTH
 2072 T:d8b3  e5 67                              sbc TXTTAB
 2073 T:d8b5  85 50                              sta LINNUM
 2074 T:d8b7  a5 b0                              lda PRGEND+1
 2075 T:d8b9  e5 68                              sbc TXTTAB+1
 2076 T:d8bb  85 51                              sta LINNUM+1
 2077 T:d8bd  20 f0 08                           jsr VARTIO                ; SET UP TO WRITE 3 BYTE HEADER
 2078 T:d8c0  20 cd fe                           jsr MON_WRITE                ; WRITE 'EM
 2079 T:d8c3  20 01 09                           jsr PROGIO                ; SET UP TO WRITE THE PROGRAM
 2080 T:d8c6  4c cd fe                           jmp MON_WRITE                ; WRITE IT
 2081 T:d8c9                                    ; --------------------------------
 2082 T:d8c9                                    ; "LOAD" COMMAND
 2083 T:d8c9                                    ; READS A PROGRAM FROM CASSETTE TAPE
 2084 T:d8c9                                    ; --------------------------------
 2085 T:d8c9  20 f0 08                 LOAD      jsr VARTIO             ; SET UP TO READ 3 BYTE HEADER
 2086 T:d8cc  20 fd fe                           jsr MON_READ                ; READ LENGTH, LOCK BYTE
 2087 T:d8cf  18                                 clc                    ; 
 2088 T:d8d0  a5 67                              lda TXTTAB                ; COMPUTE END ADDRESS
 2089 T:d8d2  65 50                              adc LINNUM                ; 
 2090 T:d8d4  85 69                              sta VARTAB                ; 
 2091 T:d8d6  a5 68                              lda TXTTAB+1          ; 
 2092 T:d8d8  65 51                              adc LINNUM+1          ; 
 2093 T:d8da  85 6a                              sta VARTAB+1          ; 
 2094 T:d8dc  a5 52                              lda TEMPPT                ; LOCK BYTE
 2095 T:d8de  85 d6                              sta LOCK                ; 
 2096 T:d8e0  20 01 09                           jsr PROGIO                ; SET UP TO READ PROGRAM
 2097 T:d8e3  20 fd fe                           jsr MON_READ                ; READ IT
 2098 T:d8e6  24 d6                              bit LOCK                ; IF LOCKED, START RUNNING NOW
 2099 T:d8e8  10 03                              bpl L_LOAD_1                ; NOT LOCKED
 2100 T:d8ea  4c 65 06                           jmp SETPTRS             ; LOCKED, START RUNNING
 2101 T:d8ed  4c f2 04                 L_LOAD_1  jmp FIX_LINKS          ; JUST FIX FORWARD POINTERS
 2102 T:d8f0                                    ; --------------------------------
 2103 T:d8f0  a9 50                    VARTIO    lda #LINNUM            ; SET UP TO READ/WRITE 3 BYTE HEADER
 2104 T:d8f2  a0 00                              ldy #0
 2105 T:d8f4  85 3c                              sta MON_A1L
 2106 T:d8f6  84 3d                              sty MON_A1H
 2107 T:d8f8  a9 52                              lda #TEMPPT
 2108 T:d8fa  85 3e                              sta MON_A2L
 2109 T:d8fc  84 3f                              sty MON_A2H
 2110 T:d8fe  84 d6                              sty LOCK
 2111 T:d900  60                                 rts 
 2112 T:d901                                    ; --------------------------------
 2113 T:d901  a5 67                    PROGIO    lda TXTTAB             ; SET UP TO READ/WRITE PROGRAM
 2114 T:d903  a4 68                              ldy TXTTAB+1
 2115 T:d905  85 3c                              sta MON_A1L
 2116 T:d907  84 3d                              sty MON_A1H
 2117 T:d909  a5 69                              lda VARTAB
 2118 T:d90b  a4 6a                              ldy VARTAB+1
 2119 T:d90d  85 3e                              sta MON_A2L
 2120 T:d90f  84 3f                              sty MON_A2H
 2121 T:d911  60                                 rts 
 2122 T:d912                                    ; --------------------------------
 2123 T:d912                                    ; --------------------------------
 2124 T:d912                                    ; "RUN" COMMAND
 2125 T:d912                                    ; --------------------------------
 2126 T:d912  08                       RUN       php                 ; SAVE STATUS WHILE SUBTRACTING
 2127 T:d913  c6 76                              dec CURLIN+1          ; IF WAS $FF (MEANING DIRECT MODE)
 2128 T:d915                                    ; MAKE IT "RUNNING MODE"
 2129 T:d915  28                                 plp                    ; GET STATUS AGAIN (FROM CHRGET)
 2130 T:d916  d0 03                              bne L_RUN_1                ; PROBABLY A LINE NUMBER
 2131 T:d918  4c 65 06                           jmp SETPTRS             ; START AT BEGINNING OF PROGRAM
 2132 T:d91b  20 6c 06                 L_RUN_1   jsr CLEARC          ; CLEAR VARIABLES
 2133 T:d91e  4c 35 09                           jmp GO_TO_LINE                ; JOIN GOSUB STATEMENT
 2134 T:d921                                    ; --------------------------------
 2135 T:d921                                    ; "GOSUB" STATEMENT
 2136 T:d921                                    ; 
 2137 T:d921                                    ; LEAVES 7 BYTES ON STACK:
 2138 T:d921                                    ; 2 -- RETURN ADDRESS (NEWSTT)
 2139 T:d921                                    ; 2 -- TXTPTR
 2140 T:d921                                    ; 2 -- LINE #
 2141 T:d921                                    ; 1 -- GOSUB TOKEN ($B0)
 2142 T:d921                                    ; --------------------------------
 2143 T:d921  a9 03                    GOSUB     lda #3          ; BE SURE ENOUGH ROOM ON STACK
 2144 T:d923  20 d6 03                           jsr CHKMEM
 2145 T:d926  a5 b9                              lda TXTPTR+1
 2146 T:d928  48                                 pha 
 2147 T:d929  a5 b8                              lda TXTPTR
 2148 T:d92b  48                                 pha 
 2149 T:d92c  a5 76                              lda CURLIN+1
 2150 T:d92e  48                                 pha 
 2151 T:d92f  a5 75                              lda CURLIN
 2152 T:d931  48                                 pha 
 2153 T:d932  a9 b0                              lda #TOKEN_GOSUB
 2154 T:d934  48                                 pha 
 2155 T:d935                           GO_TO_LINE 
 2156 T:d935  20 b7 00                           jsr CHRGOT
 2157 T:d938  20 3e 09                           jsr GOTO
 2158 T:d93b  4c d2 07                           jmp NEWSTT
 2159 T:d93e                                    ; --------------------------------
 2160 T:d93e                                    ; "GOTO" STATEMENT
 2161 T:d93e                                    ; ALSO USED BY "RUN" AND "GOSUB"
 2162 T:d93e                                    ; --------------------------------
 2163 T:d93e  20 0c 0a                 GOTO      jsr LINGET             ; GET GOTO LINE
 2164 T:d941  20 a6 09                           jsr REMN                ; POINT Y TO EOL
 2165 T:d944  a5 76                              lda CURLIN+1          ; IS CURRENT PAGE < GOTO PAGE?
 2166 T:d946  c5 51                              cmp LINNUM+1          ; 
 2167 T:d948  b0 0b                              bcs L_GOTO_1                ; SEARCH FROM PROG START IF NOT
 2168 T:d94a  98                                 tya                    ; OTHERWISE SEARCH FROM NEXT LINE
 2169 T:d94b  38                                 sec                    ; 
 2170 T:d94c  65 b8                              adc TXTPTR                ; 
 2171 T:d94e  a6 b9                              ldx TXTPTR+1          ; 
 2172 T:d950  90 07                              bcc L_GOTO_2                ; 
 2173 T:d952  e8                                 inx                    ; 
 2174 T:d953  b0 04                              bcs L_GOTO_2                ; 
 2175 T:d955  a5 67                    L_GOTO_1  lda TXTTAB             ; GET PROGRAM BEGINNING
 2176 T:d957  a6 68                              ldx TXTTAB+1          ; 
 2177 T:d959  20 1e 06                 L_GOTO_2  jsr FL1          ; SEARCH FOR GOTO LINE
 2178 T:d95c  90 1e                              bcc UNDERR                ; ERROR IF NOT THERE
 2179 T:d95e  a5 9b                              lda LOWTR                ; TXTPTR = START OF THE DESTINATION LINE
 2180 T:d960  e9 01                              sbc #1             ; 
 2181 T:d962  85 b8                              sta TXTPTR                ; 
 2182 T:d964  a5 9c                              lda LOWTR+1          ; 
 2183 T:d966  e9 00                              sbc #0             ; 
 2184 T:d968  85 b9                              sta TXTPTR+1          ; 
 2185 T:d96a  60                       RTS_5     rts                 ; RETURN TO NEWSTT OR GOSUB
 2186 T:d96b                                    ; --------------------------------
 2187 T:d96b                                    ; "POP" AND "RETURN" STATEMENTS
 2188 T:d96b                                    ; --------------------------------
 2189 T:d96b  d0 fd                    POP       bne RTS_5
 2190 T:d96d  a9 ff                              lda #$ff
 2191 T:d96f  85 85                              sta FORPNT                ; <<< BUG: SHOULD BE FORPNT+1 >>>
 2192 T:d971                                    ; <<< SEE "ALL ABOUT APPLESOFT", PAGES 100,101 >>>
 2193 T:d971  20 65 03                           jsr GTFORPNT             ; TO CANCEL FOR/NEXT IN SUB
 2194 T:d974  9a                                 txs 
 2195 T:d975  c9 b0                              cmp #TOKEN_GOSUB               ; LAST GOSUB FOUND?
 2196 T:d977  f0 0b                              beq RETURN
 2197 T:d979  a2 16                              ldx #ERR_NOGOSUB
 2198 T:d97b  2c                                 .byt $2c              ; FAKE
 2199 T:d97c  a2 5a                    UNDERR    ldx #ERR_UNDEFSTAT
 2200 T:d97e  4c 12 04                           jmp ERROR
 2201 T:d981                                    ; --------------------------------
 2202 T:d981  4c c9 0e                 SYNERR_2  jmp SYNERR
 2203 T:d984                                    ; --------------------------------
 2204 T:d984  68                       RETURN    pla                 ; DISCARD GOSUB TOKEN
 2205 T:d985  68                                 pla 
 2206 T:d986  c0 42                              cpy #<(TOKEN_POP*2)
 2207 T:d988  f0 3b                              beq PULL3                ; BRANCH IF A POP
 2208 T:d98a  85 75                              sta CURLIN                ; PULL LINE #
 2209 T:d98c  68                                 pla 
 2210 T:d98d  85 76                              sta CURLIN+1
 2211 T:d98f  68                                 pla 
 2212 T:d990  85 b8                              sta TXTPTR                ; PULL TXTPTR
 2213 T:d992  68                                 pla 
 2214 T:d993  85 b9                              sta TXTPTR+1
 2215 T:d995                                    ; --------------------------------
 2216 T:d995                                    ; "DATA" STATEMENT
 2217 T:d995                                    ; EXECUTED BY SKIPPING TO NEXT COLON OR EOL
 2218 T:d995                                    ; --------------------------------
 2219 T:d995  20 a3 09                 DATA      jsr DATAN             ; MOVE TO NEXT STATEMENT
 2220 T:d998                                    ; --------------------------------
 2221 T:d998                                    ; ADD (Y) TO TXTPTR
 2222 T:d998                                    ; --------------------------------
 2223 T:d998  98                       ADDON     tya 
 2224 T:d999  18                                 clc 
 2225 T:d99a  65 b8                              adc TXTPTR
 2226 T:d99c  85 b8                              sta TXTPTR
 2227 T:d99e  90 02                              bcc L_ADDON_1
 2228 T:d9a0  e6 b9                              inc TXTPTR+1
 2229 T:d9a2                           L_ADDON_1 
 2230 T:d9a2  60                       RTS_6     rts 
 2231 T:d9a3                                    ; --------------------------------
 2232 T:d9a3                                    ; SCAN AHEAD TO NEXT ":" OR EOL
 2233 T:d9a3                                    ; --------------------------------
 2234 T:d9a3  a2 3a                    DATAN     ldx #(":"&%01111111)  ; GET OFFSET IN Y TO EOL OR ":"
 2235 T:d9a5  2c                                 .byt $2c              ; FAKE
 2236 T:d9a6                                    ; --------------------------------
 2237 T:d9a6  a2 00                    REMN      ldx #0          ; TO EOL ONLY
 2238 T:d9a8  86 0d                              stx CHARAC
 2239 T:d9aa  a0 00                              ldy #0
 2240 T:d9ac  84 0e                              sty ENDCHR
 2241 T:d9ae  a5 0e                    L_REMN_1  lda ENDCHR             ; TRICK TO COUNT QUOTE PARITY
 2242 T:d9b0  a6 0d                              ldx CHARAC
 2243 T:d9b2  85 0d                              sta CHARAC
 2244 T:d9b4  86 0e                              stx ENDCHR
 2245 T:d9b6  b1 b8                    L_REMN_2  lda (TXTPTR),Y
 2246 T:d9b8  f0 e8                              beq RTS_6             ; END OF LINE
 2247 T:d9ba  c5 0e                              cmp ENDCHR
 2248 T:d9bc  f0 e4                              beq RTS_6             ; COLON IF LOOKING FOR COLONS
 2249 T:d9be  c8                                 iny 
 2250 T:d9bf  c9 22                              cmp #$22
 2251 T:d9c1  d0 f3                              bne L_REMN_2
 2252 T:d9c3  f0 e9                              beq L_REMN_1             ; ...ALWAYS
 2253 T:d9c5                                    ; --------------------------------
 2254 T:d9c5  68                       PULL3     pla 
 2255 T:d9c6  68                                 pla 
 2256 T:d9c7  68                                 pla 
 2257 T:d9c8  60                                 rts 
 2258 T:d9c9                                    ; --------------------------------
 2259 T:d9c9                                    ; "IF" STATEMENT
 2260 T:d9c9                                    ; --------------------------------
 2261 T:d9c9  20 7b 0d                 IF        jsr FRMEVL
 2262 T:d9cc  20 b7 00                           jsr CHRGOT
 2263 T:d9cf  c9 ab                              cmp #TOKEN_GOTO
 2264 T:d9d1  f0 05                              beq L_IF_1
 2265 T:d9d3  a9 c4                              lda #TOKEN_THEN
 2266 T:d9d5  20 c0 0e                           jsr SYNCHR
 2267 T:d9d8  a5 9d                    L_IF_1    lda FAC             ; CONDITION TRUE OR FALSE?
 2268 T:d9da  d0 05                              bne IF_TRUE                ; BRANCH IF TRUE
 2269 T:d9dc                                    ; --------------------------------
 2270 T:d9dc                                    ; "REM" STATEMENT, OR FALSE "IF" STATEMENT
 2271 T:d9dc                                    ; --------------------------------
 2272 T:d9dc  20 a6 09                 REM       jsr REMN          ; SKIP REST OF LINE
 2273 T:d9df  f0 b7                              beq ADDON             ; ...ALWAYS
 2274 T:d9e1                                    ; --------------------------------
 2275 T:d9e1                           IF_TRUE   
 2276 T:d9e1  20 b7 00                           jsr CHRGOT                ; COMMAND OR NUMBER?
 2277 T:d9e4  b0 03                              bcs L_IF_TRUE_1                ; COMMAND
 2278 T:d9e6  4c 3e 09                           jmp GOTO             ; NUMBER
 2279 T:d9e9  4c 28 08                 L_IF_TRUE_1 jmp EXECUTE_STATEMENT
 2280 T:d9ec                                    ; --------------------------------
 2281 T:d9ec                                    ; "ON" STATEMENT
 2282 T:d9ec                                    ; 
 2283 T:d9ec                                    ; ON <EXP> GOTO <LIST>
 2284 T:d9ec                                    ; ON <EXP> GOSUB <LIST>
 2285 T:d9ec                                    ; --------------------------------
 2286 T:d9ec  20 f8 16                 ONGOTO    jsr GETBYT             ; EVALUATE <EXP>, AS BYTE IN FAC+4
 2287 T:d9ef  48                                 pha                    ; SAVE NEXT CHAR ON STACK
 2288 T:d9f0  c9 b0                              cmp #TOKEN_GOSUB
 2289 T:d9f2  f0 04                              beq ON_2
 2290 T:d9f4  c9 ab                    ON_1      cmp #TOKEN_GOTO
 2291 T:d9f6  d0 89                              bne SYNERR_2
 2292 T:d9f8  c6 a1                    ON_2      dec FAC+4       ; COUNTED TO RIGHT ONE YET?
 2293 T:d9fa  d0 04                              bne L_ON_2_3                ; NO, KEEP LOOKING
 2294 T:d9fc  68                                 pla                    ; YES, RETRIEVE CMD
 2295 T:d9fd  4c 2a 08                           jmp EXECUTE_STATEMENT_1             ; AND GO.
 2296 T:da00  20 b1 00                 L_ON_2_3  jsr CHRGET             ; PRIME CONVERT SUBROUTINE
 2297 T:da03  20 0c 0a                           jsr LINGET                ; CONVERT LINE #
 2298 T:da06  c9 2c                              cmp #(","&%01111111)     ; TERMINATE WITH COMMA?
 2299 T:da08  f0 ee                              beq ON_2             ; YES
 2300 T:da0a  68                                 pla                    ; NO, END OF LIST, SO IGNORE
 2301 T:da0b  60                       RTS_7     rts 
 2302 T:da0c                                    ; --------------------------------
 2303 T:da0c                                    ; CONVERT LINE NUMBER
 2304 T:da0c                                    ; --------------------------------
 2305 T:da0c  a2 00                    LINGET    ldx #0          ; ASC # TO HEX ADDRESS
 2306 T:da0e  86 50                              stx LINNUM                ; IN LINNUM.
 2307 T:da10  86 51                              stx LINNUM+1          ; 
 2308 T:da12  b0 f7                    L_LINGET_1 bcs RTS_7          ; NOT A DIGIT
 2309 T:da14  e9 2f                              sbc #("0"&%01111111)-1; CONVERT DIGIT TO BINARY
 2310 T:da16  85 0d                              sta CHARAC                ; SAVE THE DIGIT
 2311 T:da18  a5 51                              lda LINNUM+1          ; CHECK RANGE
 2312 T:da1a  85 5e                              sta INDEX                ; 
 2313 T:da1c  c9 19                              cmp #>6400            ; LINE # TOO LARGE?
 2314 T:da1e  b0 d4                              bcs ON_1             ; YES, > 63999, GO INDIRECTLY TO
 2315 T:da20                                    ; "SYNTAX ERROR".
 2316 T:da20                                    ; <<<<<DANGEROUS CODE>>>>>
 2317 T:da20                                    ; NOTE THAT IF (A) = $AB ON THE LINE ABOVE,
 2318 T:da20                                    ; ON_1 WILL COMPARE = AND CAUSE A CATASTROPHIC
 2319 T:da20                                    ; JUMP TO $22D9 (FOR GOTO), OR OTHER LOCATIONS
 2320 T:da20                                    ; FOR OTHER CALLS TO LINGET.
 2321 T:da20                                    ; 
 2322 T:da20                                    ; YOU CAN SEE THIS IS YOU FIRST PUT "BRK" IN $22D9,
 2323 T:da20                                    ; THEN TYPE "GO TO 437761".
 2324 T:da20                                    ; 
 2325 T:da20                                    ; ANY VALUE FROM 437760 THROUGH 440319 WILL CAUSE
 2326 T:da20                                    ; THE PROBLEM.  ($AB00 - $ABFF)
 2327 T:da20                                    ; <<<<<DANGEROUS CODE>>>>>
 2328 T:da20  a5 50                              lda LINNUM                ; MULTIPLY BY TEN
 2329 T:da22  0a                                 asl 
 2330 T:da23  26 5e                              rol INDEX
 2331 T:da25  0a                                 asl 
 2332 T:da26  26 5e                              rol INDEX
 2333 T:da28  65 50                              adc LINNUM
 2334 T:da2a  85 50                              sta LINNUM
 2335 T:da2c  a5 5e                              lda INDEX
 2336 T:da2e  65 51                              adc LINNUM+1
 2337 T:da30  85 51                              sta LINNUM+1
 2338 T:da32  06 50                              asl LINNUM
 2339 T:da34  26 51                              rol LINNUM+1
 2340 T:da36  a5 50                              lda LINNUM
 2341 T:da38  65 0d                              adc CHARAC                ; ADD DIGIT
 2342 T:da3a  85 50                              sta LINNUM
 2343 T:da3c  90 02                              bcc L_LINGET_2
 2344 T:da3e  e6 51                              inc LINNUM+1
 2345 T:da40  20 b1 00                 L_LINGET_2 jsr CHRGET             ; GET NEXT CHAR
 2346 T:da43  4c 12 0a                           jmp L_LINGET_1             ; MORE CONVERTING
 2347 T:da46                                    ; --------------------------------
 2348 T:da46                                    ; "LET" STATEMENT
 2349 T:da46                                    ; 
 2350 T:da46                                    ; LET <VAR> = <EXP>
 2351 T:da46                                    ; <VAR> = <EXP>
 2352 T:da46                                    ; --------------------------------
 2353 T:da46  20 e3 0f                 LET       jsr PTRGET             ; GET <VAR>
 2354 T:da49  85 85                              sta FORPNT
 2355 T:da4b  84 86                              sty FORPNT+1
 2356 T:da4d  a9 d0                              lda #TOKENEQUUAL
 2357 T:da4f  20 c0 0e                           jsr SYNCHR
 2358 T:da52  a5 12                              lda VALTYP+1          ; SAVE VARIABLE TYPE
 2359 T:da54  48                                 pha 
 2360 T:da55  a5 11                              lda VALTYP
 2361 T:da57  48                                 pha 
 2362 T:da58  20 7b 0d                           jsr FRMEVL                ; EVALUATE <EXP>
 2363 T:da5b  68                                 pla 
 2364 T:da5c  2a                                 rol 
 2365 T:da5d  20 6d 0d                           jsr CHKVAL
 2366 T:da60  d0 18                              bne LET_STRING
 2367 T:da62  68                                 pla 
 2368 T:da63                                    ; --------------------------------
 2369 T:da63  10 12                    LET2      bpl L_LET2_1             ; REAL VARIABLE
 2370 T:da65  20 72 1b                           jsr ROUND_FAC                ; INTEGER VAR: ROUND TO 32 BITS
 2371 T:da68  20 0c 11                           jsr AYINT                ; TRUNCATE TO 16-BITS
 2372 T:da6b  a0 00                              ldy #0
 2373 T:da6d  a5 a0                              lda FAC+3
 2374 T:da6f  91 85                              sta (FORPNT),Y
 2375 T:da71  c8                                 iny 
 2376 T:da72  a5 a1                              lda FAC+4
 2377 T:da74  91 85                              sta (FORPNT),Y
 2378 T:da76  60                                 rts 
 2379 T:da77                                    ; --------------------------------
 2380 T:da77                                    ; REAL VARIABLE = EXPRESSION
 2381 T:da77                                    ; --------------------------------
 2382 T:da77  4c 27 1b                 L_LET2_1  jmp SETFOR
 2383 T:da7a                                    ; --------------------------------
 2384 T:da7a                           LET_STRING 
 2385 T:da7a  68                                 pla 
 2386 T:da7b                                    ; --------------------------------
 2387 T:da7b                                    ; INSTALL STRING, DESCRIPTOR ADDRESS IS AT FAC+3,4
 2388 T:da7b                                    ; --------------------------------
 2389 T:da7b  a0 02                    PUTSTR    ldy #2          ; STRING DATA ALREADY IN STRING AREA?
 2390 T:da7d  b1 a0                              lda (FAC+3),Y                   ; (STRING AREA IS BTWN FRETOP
 2391 T:da7f  c5 70                              cmp FRETOP+1          ; HIMEM)
 2392 T:da81  90 17                              bcc L_PUTSTR_2                ; YES, DATA ALREADY UP THERE
 2393 T:da83  d0 07                              bne L_PUTSTR_1                ; NO
 2394 T:da85  88                                 dey                    ; MAYBE, TEST LOW BYTE OF POINTER
 2395 T:da86  b1 a0                              lda (FAC+3),Y                   ; 
 2396 T:da88  c5 6f                              cmp FRETOP                ; 
 2397 T:da8a  90 0e                              bcc L_PUTSTR_2                ; YES, ALREADY THERE
 2398 T:da8c  a4 a1                    L_PUTSTR_1 ldy FAC+4       ; NO. DESCRIPTOR ALREADY AMONG VARIABLES?
 2399 T:da8e  c4 6a                              cpy VARTAB+1          ; 
 2400 T:da90  90 08                              bcc L_PUTSTR_2                ; NO
 2401 T:da92  d0 0d                              bne L_PUTSTR_3                ; YES
 2402 T:da94  a5 a0                              lda FAC+3          ; MAYBE, COMPARE LO-BYTE
 2403 T:da96  c5 69                              cmp VARTAB                ; 
 2404 T:da98  b0 07                              bcs L_PUTSTR_3                ; YES, DESCRIPTOR IS AMONG VARIABLES
 2405 T:da9a  a5 a0                    L_PUTSTR_2 lda FAC+3       ; EITHER STRING ALREADY ON TOP, OR
 2406 T:da9c  a4 a1                              ldy FAC+4          ; DESCRIPTOR IS NOT A VARIABLE
 2407 T:da9e  4c b7 0a                           jmp L_PUTSTR_4                ; SO JUST STORE THE DESCRIPTOR
 2408 T:daa1                                    ; --------------------------------
 2409 T:daa1                                    ; STRING NOT YET IN STRING AREA,
 2410 T:daa1                                    ; AND DESCRIPTOR IS A VARIABLE
 2411 T:daa1                                    ; --------------------------------
 2412 T:daa1  a0 00                    L_PUTSTR_3 ldy #0          ; POINT AT LENGTH IN DESCRIPTOR
 2413 T:daa3  b1 a0                              lda (FAC+3),Y                   ; GET LENGTH
 2414 T:daa5  20 d5 13                           jsr STRINI                ; MAKE A STRING THAT LONG UP ABOVE
 2415 T:daa8  a5 8c                              lda DSCPTR                ; SET UP SOURCE PNTR FOR MONINS
 2416 T:daaa  a4 8d                              ldy DSCPTR+1          ; 
 2417 T:daac  85 ab                              sta STRNG1                ; 
 2418 T:daae  84 ac                              sty STRNG1+1          ; 
 2419 T:dab0  20 d4 15                           jsr MOVINS                ; MOVE STRING DATA TO NEW AREA
 2420 T:dab3  a9 9d                              lda #<FAC              ; ADDRESS OF DESCRIPTOR IS IN FAC
 2421 T:dab5  a0 00                              ldy #>FAC              ; 
 2422 T:dab7  85 8c                    L_PUTSTR_4 sta DSCPTR             ; 
 2423 T:dab9  84 8d                              sty DSCPTR+1          ; 
 2424 T:dabb  20 35 16                           jsr FRETMS                ; DISCARD DESCRIPTOR IF 'TWAS TEMPORARY
 2425 T:dabe  a0 00                              ldy #0             ; COPY STRING DESCRIPTOR
 2426 T:dac0  b1 8c                              lda (DSCPTR),Y
 2427 T:dac2  91 85                              sta (FORPNT),Y
 2428 T:dac4  c8                                 iny 
 2429 T:dac5  b1 8c                              lda (DSCPTR),Y
 2430 T:dac7  91 85                              sta (FORPNT),Y
 2431 T:dac9  c8                                 iny 
 2432 T:daca  b1 8c                              lda (DSCPTR),Y
 2433 T:dacc  91 85                              sta (FORPNT),Y
 2434 T:dace  60                                 rts 
 2435 T:dacf                                    ; --------------------------------
 2436 T:dacf                           PR_STRING 
 2437 T:dacf  20 3d 0b                           jsr STRPRT
 2438 T:dad2  20 b7 00                           jsr CHRGOT
 2439 T:dad5                                    ; --------------------------------
 2440 T:dad5                                    ; "PRINT" STATEMENT
 2441 T:dad5                                    ; --------------------------------
 2442 T:dad5  f0 24                    PRINT     beq CRDO             ; NO MORE LIST, PRINT <RETURN>
 2443 T:dad7                                    ; --------------------------------
 2444 T:dad7  f0 29                    PRINT2    beq RTS_8             ; NO MORE LIST, DON'T PRINT <RETURN>
 2445 T:dad9  c9 c0                              cmp #TOKEN_TAB
 2446 T:dadb  f0 39                              beq PR_TAB_OR_SPC                ; C=1 FOR TAB(
 2447 T:dadd  c9 c3                              cmp #TOKEN_SPC
 2448 T:dadf  18                                 clc 
 2449 T:dae0  f0 34                              beq PR_TAB_OR_SPC                ; C=0 FOR SPC(
 2450 T:dae2  c9 2c                              cmp #(","&%01111111)
 2451 T:dae4  18                                 clc                    ; <<< NO PURPOSE TO THIS >>>
 2452 T:dae5  f0 1c                              beq PR_COMMA                ; 
 2453 T:dae7  c9 3b                              cmp #(";"&%01111111)
 2454 T:dae9  f0 44                              beq PR_NEXT_CHAR                ; 
 2455 T:daeb  20 7b 0d                           jsr FRMEVL                ; EVALUATE EXPRESSION
 2456 T:daee  24 11                              bit VALTYP                ; STRING OR FP VALUE?
 2457 T:daf0  30 dd                              bmi PR_STRING             ; STRING
 2458 T:daf2  20 34 1d                           jsr FOUT                ; FP: CONVERT INTO BUFFER
 2459 T:daf5  20 e7 13                           jsr STRLIT                ; MAKE BUFFER INTO STRING
 2460 T:daf8  4c cf 0a                           jmp PR_STRING             ; PRINT THE STRING
 2461 T:dafb                                    ; --------------------------------
 2462 T:dafb  a9 0d                    CRDO      lda #$0d          ; PRINT <RETURN>
 2463 T:dafd  20 5c 0b                           jsr OUTDO
 2464 T:db00  49 ff                    NEGATE    eor #$ff          ; <<< WHY??? >>>
 2465 T:db02  60                       RTS_8     rts 
 2466 T:db03                                    ; --------------------------------
 2467 T:db03                                    ; TAB TO NEXT COMMA COLUMN
 2468 T:db03                                    ; <<< NOTE BUG IF WIDTH OF WINDOW LESS THAN 33 >>>
 2469 T:db03                           PR_COMMA  
 2470 T:db03  a5 24                              lda MON_CH
 2471 T:db05  c9 18                              cmp #24             ; <<< BUG:  IT SHOULD BE 32 >>>
 2472 T:db07  90 05                              bcc L_PR_COMMA_1                ; NEXT COLUMN, SAME LINE
 2473 T:db09  20 fb 0a                           jsr CRDO             ; FIRST COLUMN, NEXT LINT
 2474 T:db0c  d0 21                              bne PR_NEXT_CHAR                ; ...ALWAYS
 2475 T:db0e  69 10                    L_PR_COMMA_1 adc #16
 2476 T:db10  29 f0                              and #$f0             ; ROUND TO 16 OR 32
 2477 T:db12  85 24                              sta MON_CH
 2478 T:db14  90 19                              bcc PR_NEXT_CHAR                ; ...ALWAYS
 2479 T:db16                                    ; --------------------------------
 2480 T:db16                           PR_TAB_OR_SPC 
 2481 T:db16  08                                 php                    ; C=0 FOR SPC(, C=1 FOR TAB(
 2482 T:db17  20 f5 16                           jsr GTBYTC                ; GET VALUE
 2483 T:db1a  c9 29                              cmp #(")"&%01111111)     ; TRAILING PARENTHESIS
 2484 T:db1c  f0 03                              beq L_PR_TAB_OR_SPC_1                ; GOOD
 2485 T:db1e  4c c9 0e                           jmp SYNERR                ; NO, SYNTAX ERROR
 2486 T:db21  28                       L_PR_TAB_OR_SPC_1 plp                 ; TAB( OR SPC(
 2487 T:db22  90 07                              bcc L_PR_TAB_OR_SPC_2                ; SPC(
 2488 T:db24  ca                                 dex                    ; TAB(
 2489 T:db25  8a                                 txa                    ; CALCULATE SPACES NEEDED FOR TAB(
 2490 T:db26  e5 24                              sbc MON_CH
 2491 T:db28  90 05                              bcc PR_NEXT_CHAR                ; ALREADY PAST THAT COLUMN
 2492 T:db2a  aa                                 tax                    ; NOW DO A SPC( TO THE SPECIFIED COLUMN
 2493 T:db2b  e8                       L_PR_TAB_OR_SPC_2 inx 
 2494 T:db2c  ca                       NXSPC     dex 
 2495 T:db2d  d0 06                              bne DOSPC                ; MORE SPACES TO PRINT
 2496 T:db2f                                    ; --------------------------------
 2497 T:db2f                           PR_NEXT_CHAR 
 2498 T:db2f  20 b1 00                           jsr CHRGET
 2499 T:db32  4c d7 0a                           jmp PRINT2             ; CONTINUE PARSING PRINT LIST
 2500 T:db35                                    ; --------------------------------
 2501 T:db35  20 57 0b                 DOSPC     jsr OUTSP
 2502 T:db38  d0 f2                              bne NXSPC             ; ...ALWAYS
 2503 T:db3a                                    ; --------------------------------
 2504 T:db3a                                    ; PRINT STRING AT (Y,A)
 2505 T:db3a  20 e7 13                 STROUT    jsr STRLIT             ; MAKE (Y,A) PRINTABLE
 2506 T:db3d                                    ; --------------------------------
 2507 T:db3d                                    ; PRINT STRING AT (FACMO,FACLO)
 2508 T:db3d                                    ; --------------------------------
 2509 T:db3d  20 00 16                 STRPRT    jsr FREFAC             ; GET ADDRESS INTO INDEX, (A)=LENGTH
 2510 T:db40  aa                                 tax                    ; USE X-REG FOR COUNTER
 2511 T:db41  a0 00                              ldy #0             ; USE Y-REG FOR SCANNER
 2512 T:db43  e8                                 inx                    ; 
 2513 T:db44  ca                       L_STRPRT_1 dex                 ; 
 2514 T:db45  f0 bb                              beq RTS_8             ; FINISHED
 2515 T:db47  b1 5e                              lda (INDEX),Y                   ; NEXT CHAR FROM STRING
 2516 T:db49  20 5c 0b                           jsr OUTDO                ; PRINT THE CHAR
 2517 T:db4c  c8                                 iny                    ; 
 2518 T:db4d                                    ; <<< NEXT THREE LINES ARE USELESS >>>
 2519 T:db4d  c9 0d                              cmp #$0d             ; WAS IT <RETURN>?
 2520 T:db4f  d0 f3                              bne L_STRPRT_1             ; NO
 2521 T:db51  20 00 0b                           jsr NEGATE             ; EOR #$FF WOULD DO IT, BUT WHY?
 2522 T:db54                                    ; <<< ABOVE THREE LINES ARE USELESS >>>
 2523 T:db54  4c 44 0b                           jmp L_STRPRT_1
 2524 T:db57                                    ; --------------------------------
 2525 T:db57  a9 20                    OUTSP     lda #(" "&%01111111)  ; PRINT A SPACE
 2526 T:db59  2c                                 .byt $2c              ; SKIP OVER NEXT LINE
 2527 T:db5a  a9 3f                    OUTQUES   lda #("?"&%01111111)  ; PRINT QUESTION MARK
 2528 T:db5c                                    ; --------------------------------
 2529 T:db5c                                    ; PRINT CHAR FROM (A)
 2530 T:db5c                                    ; 
 2531 T:db5c                                    ; NOTE: POKE 243,32 ($20 IN $F3) WILL CONVERT
 2532 T:db5c                                    ; OUTPUT TO LOWER CASE.  THIS CAN BE CANCELLED
 2533 T:db5c                                    ; BY NORMAL, INVERSE, OR FLASH OR POKE 243,0.
 2534 T:db5c                                    ; --------------------------------
 2535 T:db5c  09 80                    OUTDO     ora #$80          ; PRINT (A)
 2536 T:db5e  c9 a0                              cmp #$a0             ; CONTROL CHR?
 2537 T:db60  90 02                              bcc L_OUTDO_1                ; SKIP IF SO
 2538 T:db62  05 f3                              ora FLASH_BIT                ; =$40 FOR FLASH, ELSE $00
 2539 T:db64  20 ed fd                 L_OUTDO_1 jsr MON_COUT             ; "AND"S WITH $3F (INVERSE), $7F (FLASH)
 2540 T:db67  29 7f                              and #$7f             ; 
 2541 T:db69  48                                 pha                    ; 
 2542 T:db6a  a5 f1                              lda SPEEDZ                ; COMPLEMENT OF SPEED #
 2543 T:db6c  20 a8 fc                           jsr MON_WAIT                ; SO SPEED=255 BECOMES (A)=1
 2544 T:db6f  68                                 pla 
 2545 T:db70  60                                 rts 
 2546 T:db71                                    ; --------------------------------
 2547 T:db71                                    ; INPUT CONVERSION ERROR:  ILLEGAL CHARACTER
 2548 T:db71                                    ; IN NUMERIC FIELD.  MUST DISTINGUISH
 2549 T:db71                                    ; BETWEEN INPUT, READ, AND GET
 2550 T:db71                                    ; --------------------------------
 2551 T:db71                           INPUTERR  
 2552 T:db71  a5 15                              lda INPUTFLG
 2553 T:db73  f0 12                              beq RESPERR                ; TAKEN IF INPUT
 2554 T:db75  30 04                              bmi READERR                ; TAKEN IF READ
 2555 T:db77  a0 ff                              ldy #$ff             ; FROM A GET
 2556 T:db79  d0 04                              bne ERLIN                ; ...ALWAYS
 2557 T:db7b                                    ; --------------------------------
 2558 T:db7b                           READERR   
 2559 T:db7b  a5 7b                              lda DATLIN                ; TELL WHERE THE "DATA" IS, RATHER
 2560 T:db7d  a4 7c                              ldy DATLIN+1          ; THAN THE "READ"
 2561 T:db7f                                    ; --------------------------------
 2562 T:db7f  85 75                    ERLIN     sta CURLIN
 2563 T:db81  84 76                              sty CURLIN+1
 2564 T:db83  4c c9 0e                           jmp SYNERR
 2565 T:db86                                    ; --------------------------------
 2566 T:db86  68                       INPERR    pla 
 2567 T:db87                                    ; --------------------------------
 2568 T:db87                           RESPERR   
 2569 T:db87  24 d8                              bit ERRFLG                ; "ON ERR" TURNED ON?
 2570 T:db89  10 05                              bpl L_RESPERR_1                ; NO, GIVE REENTRY A TRY
 2571 T:db8b  a2 fe                              ldx #254             ; ERROR CODE = 254
 2572 T:db8d  4c e9 22                           jmp HANDLERR
 2573 T:db90  a9 ef                    L_RESPERR_1 lda #<ERR_REENTRY           ; "?REENTER"
 2574 T:db92  a0 0c                              ldy #>ERR_REENTRY
 2575 T:db94  20 3a 0b                           jsr STROUT
 2576 T:db97  a5 79                              lda OLDTEXT                ; RE-EXECUTE THE WHOLE INPUT STATEMENT
 2577 T:db99  a4 7a                              ldy OLDTEXT+1
 2578 T:db9b  85 b8                              sta TXTPTR
 2579 T:db9d  84 b9                              sty TXTPTR+1
 2580 T:db9f  60                                 rts 
 2581 T:dba0                                    ; --------------------------------
 2582 T:dba0                                    ; "GET" STATEMENT
 2583 T:dba0                                    ; --------------------------------
 2584 T:dba0  20 06 13                 GET       jsr ERRDIR             ; ILLEGAL IF IN DIRECT MODE
 2585 T:dba3  a2 01                              ldx #<(INPUT_BUFFER+1)      ; SIMULATE INPUT
 2586 T:dba5  a0 02                              ldy #>(INPUT_BUFFER+1)
 2587 T:dba7  a9 00                              lda #0
 2588 T:dba9  8d 01 02                           sta INPUT_BUFFER+1
 2589 T:dbac  a9 40                              lda #$40             ; SET UP INPUTFLG
 2590 T:dbae  20 eb 0b                           jsr PROCESS_INPUT_LIST                ; <<< CAN SAVE 1 BYTE HERE>>>
 2591 T:dbb1  60                                 rts                    ; <<<BY "JMP PROCESS.INPUT.LIST">>>
 2592 T:dbb2                                    ; --------------------------------
 2593 T:dbb2                                    ; "INPUT" STATEMENT
 2594 T:dbb2                                    ; --------------------------------
 2595 T:dbb2  c9 22                    INPUT     cmp #$22          ; CHECK FOR OPTIONAL PROMPT STRING
 2596 T:dbb4  d0 0e                              bne L_INPUT_1                ; NO, PRINT "?" PROMPT
 2597 T:dbb6  20 81 0e                           jsr STRTXT                ; MAKE A PRINTABLE STRING OUT OF IT
 2598 T:dbb9  a9 3b                              lda #(";"&%01111111)     ; MUST HAVE ; NOW
 2599 T:dbbb  20 c0 0e                           jsr SYNCHR                ; 
 2600 T:dbbe  20 3d 0b                           jsr STRPRT             ; PRINT THE STRING
 2601 T:dbc1  4c c7 0b                           jmp L_INPUT_2                ; 
 2602 T:dbc4  20 5a 0b                 L_INPUT_1 jsr OUTQUES          ; NO STRING, PRINT "?"
 2603 T:dbc7  20 06 13                 L_INPUT_2 jsr ERRDIR             ; ILLEGAL IF IN DIRECT MODE
 2604 T:dbca  a9 2c                              lda #(","&%01111111)     ; PRIME THE BUFFER
 2605 T:dbcc  8d ff 01                           sta INPUT_BUFFER-1
 2606 T:dbcf  20 2c 05                           jsr INLIN
 2607 T:dbd2  ad 00 02                           lda INPUT_BUFFER
 2608 T:dbd5  c9 03                              cmp #$03             ; CONTROL C?
 2609 T:dbd7  d0 10                              bne INPUT_FLAG_ZERO                ; NO
 2610 T:dbd9  4c 63 08                           jmp CONTROL_C_TYPED
 2611 T:dbdc                                    ; --------------------------------
 2612 T:dbdc  20 5a 0b                 NXIN      jsr OUTQUES          ; PRINT "?"
 2613 T:dbdf  4c 2c 05                           jmp INLIN
 2614 T:dbe2                                    ; --------------------------------
 2615 T:dbe2                                    ; "READ" STATEMENT
 2616 T:dbe2                                    ; --------------------------------
 2617 T:dbe2  a6 7d                    READ      ldx DATPTR             ; Y,X POINTS AT NEXT DATA STATEMENT
 2618 T:dbe4  a4 7e                              ldy DATPTR+1          ; 
 2619 T:dbe6  a9 98                              lda #$98             ; SET INPUTFLG = $98
 2620 T:dbe8  2c                                 .byt $2c              ; TRICK TO PROCESS.INPUT.LIST
 2621 T:dbe9                                    ; --------------------------------
 2622 T:dbe9  a9 00                    INPUT_FLAG_ZERO lda #0          ; SET INPUTFLG = $00
 2623 T:dbeb                                    ; --------------------------------
 2624 T:dbeb                                    ; PROCESS INPUT LIST
 2625 T:dbeb                                    ; 
 2626 T:dbeb                                    ; (Y,X) IS ADDRESS OF INPUT DATA STRING
 2627 T:dbeb                                    ; (A) = VALUE FOR INPUTFLG:  $00 FOR INPUT
 2628 T:dbeb                                    ; $40 FOR GET
 2629 T:dbeb                                    ; $98 FOR READ
 2630 T:dbeb                                    ; --------------------------------
 2631 T:dbeb  85 15                    PROCESS_INPUT_LIST sta INPUTFLG
 2632 T:dbed  86 7f                              stx INPTR                ; ADDRESS OF INPUT STRING
 2633 T:dbef  84 80                              sty INPTR+1
 2634 T:dbf1                                    ; --------------------------------
 2635 T:dbf1  20 e3 0f                 PROCESS_INPUT_ITEM jsr PTRGET             ; GET ADDRESS OF VARIABLE
 2636 T:dbf4  85 85                              sta FORPNT                ; 
 2637 T:dbf6  84 86                              sty FORPNT+1          ; 
 2638 T:dbf8  a5 b8                              lda TXTPTR                ; SAVE CURRENT TXTPTR,
 2639 T:dbfa  a4 b9                              ldy TXTPTR+1          ; WHICH POINTS INTO PROGRAM
 2640 T:dbfc  85 87                              sta TXPSV                ; 
 2641 T:dbfe  84 88                              sty TXPSV+1          ; 
 2642 T:dc00  a6 7f                              ldx INPTR                ; SET TXTPTR TO POINT AT INPUT BUFFER
 2643 T:dc02  a4 80                              ldy INPTR+1          ; OR "DATA" LINE
 2644 T:dc04  86 b8                              stx TXTPTR                ; 
 2645 T:dc06  84 b9                              sty TXTPTR+1          ; 
 2646 T:dc08  20 b7 00                           jsr CHRGOT                ; GET CHAR AT PNTR
 2647 T:dc0b  d0 1e                              bne INSTART                ; NOT END OF LINE OR COLON
 2648 T:dc0d  24 15                              bit INPUTFLG                ; DOING A "GET"?
 2649 T:dc0f  50 0e                              bvc L_PROCESS_INPUT_ITEM_1                ; NO
 2650 T:dc11  20 0c fd                           jsr MON_RDKEY                ; YES, GET CHAR
 2651 T:dc14  29 7f                              and #$7f
 2652 T:dc16  8d 00 02                           sta INPUT_BUFFER
 2653 T:dc19  a2 ff                              ldx #<(INPUT_BUFFER-1)
 2654 T:dc1b  a0 01                              ldy #>(INPUT_BUFFER-1)
 2655 T:dc1d  d0 08                              bne L_PROCESS_INPUT_ITEM_2                ; ...ALWAYS
 2656 T:dc1f                                    ; --------------------------------
 2657 T:dc1f  30 7f                    L_PROCESS_INPUT_ITEM_1 bmi FINDATA             ; DOING A "READ"
 2658 T:dc21  20 5a 0b                           jsr OUTQUES             ; DOING AN "INPUT", PRINT "?"
 2659 T:dc24  20 dc 0b                           jsr NXIN             ; PRINT ANOTHER "?", AND INPUT A LINE
 2660 T:dc27  86 b8                    L_PROCESS_INPUT_ITEM_2 stx TXTPTR
 2661 T:dc29  84 b9                              sty TXTPTR+1
 2662 T:dc2b                                    ; --------------------------------
 2663 T:dc2b                           INSTART   
 2664 T:dc2b  20 b1 00                           jsr CHRGET                ; GET NEXT INPUT CHAR
 2665 T:dc2e  24 11                              bit VALTYP                ; STRING OR NUMERIC?
 2666 T:dc30  10 31                              bpl L_INSTART_5                ; NUMERIC
 2667 T:dc32  24 15                              bit INPUTFLG                ; STRING -- NOW WHAT INPUT TYPE?
 2668 T:dc34  50 09                              bvc L_INSTART_1                ; NOT A "GET"
 2669 T:dc36  e8                                 inx                    ; "GET"
 2670 T:dc37  86 b8                              stx TXTPTR
 2671 T:dc39  a9 00                              lda #0
 2672 T:dc3b  85 0d                              sta CHARAC                ; NO OTHER TERMINATORS THAN $00
 2673 T:dc3d  f0 0c                              beq L_INSTART_2                ; ...ALWAYS
 2674 T:dc3f                                    ; --------------------------------
 2675 T:dc3f  85 0d                    L_INSTART_1 sta CHARAC
 2676 T:dc41  c9 22                              cmp #$22             ; TERMINATE ON $00 OR QUOTE
 2677 T:dc43  f0 07                              beq L_INSTART_3
 2678 T:dc45  a9 3a                              lda #(":"&%01111111)     ; TERMINATE ON $00, COLON, OR COMMA
 2679 T:dc47  85 0d                              sta CHARAC
 2680 T:dc49  a9 2c                              lda #(","&%01111111)
 2681 T:dc4b  18                       L_INSTART_2 clc 
 2682 T:dc4c  85 0e                    L_INSTART_3 sta ENDCHR
 2683 T:dc4e  a5 b8                              lda TXTPTR
 2684 T:dc50  a4 b9                              ldy TXTPTR+1
 2685 T:dc52  69 00                              adc #0             ; SKIP OVER QUOTATION MARK, IF
 2686 T:dc54  90 01                              bcc L_INSTART_4                ; THERE WAS ONE
 2687 T:dc56  c8                                 iny 
 2688 T:dc57  20 ed 13                 L_INSTART_4 jsr STRLT2             ; BUILD STRING STARTING AT (Y,A)
 2689 T:dc5a                                    ; TERMINATED BY $00, (CHARAC), OR (ENDCHR)
 2690 T:dc5a  20 3d 17                           jsr POINT                ; SET TXTPTR TO POINT AT STRING
 2691 T:dc5d  20 7b 0a                           jsr PUTSTR             ; STORE STRING IN VARIABLE
 2692 T:dc60  4c 72 0c                           jmp INPUT_MORE
 2693 T:dc63                                    ; --------------------------------
 2694 T:dc63  48                       L_INSTART_5 pha 
 2695 T:dc64  ad 00 02                           lda INPUT_BUFFER                ; ANYTHING IN BUFFER?
 2696 T:dc67  f0 30                              beq INPFIN                ; NO, SEE IF READ OR INPUT
 2697 T:dc69                                    ; --------------------------------
 2698 T:dc69                           INPUTDWTA 
 2699 T:dc69  68                                 pla                    ; "READ"
 2700 T:dc6a  20 4a 1c                           jsr FIN                ; GET FP NUMBER AT TXTPTR
 2701 T:dc6d  a5 12                              lda VALTYP+1          ; 
 2702 T:dc6f  20 63 0a                           jsr LET2             ; STORE RESULT IN VARIABLE
 2703 T:dc72                                    ; --------------------------------
 2704 T:dc72                           INPUT_MORE 
 2705 T:dc72  20 b7 00                           jsr CHRGOT
 2706 T:dc75  f0 07                              beq L_INPUT_MORE_1                ; END OF LINE OR COLON
 2707 T:dc77  c9 2c                              cmp #(","&%01111111)     ; COMMA IN INPUT?
 2708 T:dc79  f0 03                              beq L_INPUT_MORE_1                ; YES
 2709 T:dc7b  4c 71 0b                           jmp INPUTERR             ; NOTHING ELSE WILL DO
 2710 T:dc7e  a5 b8                    L_INPUT_MORE_1 lda TXTPTR             ; SAVE POSITION IN INPUT BUFFER
 2711 T:dc80  a4 b9                              ldy TXTPTR+1          ; 
 2712 T:dc82  85 7f                              sta INPTR                ; 
 2713 T:dc84  84 80                              sty INPTR+1          ; 
 2714 T:dc86  a5 87                              lda TXPSV                ; RESTORE PROGRAM POINTER
 2715 T:dc88  a4 88                              ldy TXPSV+1          ; 
 2716 T:dc8a  85 b8                              sta TXTPTR                ; 
 2717 T:dc8c  84 b9                              sty TXTPTR+1          ; 
 2718 T:dc8e  20 b7 00                           jsr CHRGOT                ; NEXT CHAR FROM PROGRAM
 2719 T:dc91  f0 33                              beq INPDONE                ; END OF STATEMENT
 2720 T:dc93  20 be 0e                           jsr CHKCOM                ; BETTER BE A COMMA THEN
 2721 T:dc96  4c f1 0b                           jmp PROCESS_INPUT_ITEM
 2722 T:dc99                                    ; --------------------------------
 2723 T:dc99  a5 15                    INPFIN    lda INPUTFLG             ; "INPUT" OR "READ"
 2724 T:dc9b  d0 cc                              bne INPUTDWTA             ; "READ"
 2725 T:dc9d  4c 86 0b                           jmp INPERR
 2726 T:dca0                                    ; --------------------------------
 2727 T:dca0                           FINDATA   
 2728 T:dca0  20 a3 09                           jsr DATAN             ; GET OFFSET TO NEXT COLON OR EOL
 2729 T:dca3  c8                                 iny                    ; TO FIRST CHAR OF NEXT LINE
 2730 T:dca4  aa                                 tax                    ; WHICH:  EOL OR COLON?
 2731 T:dca5  d0 12                              bne L_FINDATA_1                ; COLON
 2732 T:dca7  a2 2a                              ldx #ERR_NODATA               ; EOL: MIGHT BE OUT OF DATA
 2733 T:dca9  c8                                 iny                    ; CHECK HI-BYTE OF FORWARD PNTR
 2734 T:dcaa  b1 b8                              lda (TXTPTR),Y                  ; END OF PROGRAM?
 2735 T:dcac  f0 5f                              beq GERR                ; YES, WE ARE OUT OF DATA
 2736 T:dcae  c8                                 iny                    ; PICK UP THE LINE #
 2737 T:dcaf  b1 b8                              lda (TXTPTR),Y
 2738 T:dcb1  85 7b                              sta DATLIN
 2739 T:dcb3  c8                                 iny 
 2740 T:dcb4  b1 b8                              lda (TXTPTR),Y
 2741 T:dcb6  c8                                 iny                    ; POINT AT FIRST TEXT CHAR IN LINE
 2742 T:dcb7  85 7c                              sta DATLIN+1
 2743 T:dcb9  b1 b8                    L_FINDATA_1 lda (TXTPTR),Y                  ; GET 1ST TOKEN OF STATEMENT
 2744 T:dcbb  aa                                 tax                    ; SAVE TOKEN IN X-REG
 2745 T:dcbc  20 98 09                           jsr ADDON             ; ADD (Y) TO TXTPTR
 2746 T:dcbf  e0 83                              cpx #TOKENDWTA               ; DID WE FIND A "DATA" STATEMENT?
 2747 T:dcc1  d0 dd                              bne FINDATA             ; NOT YET
 2748 T:dcc3  4c 2b 0c                           jmp INSTART             ; YES, READ IT
 2749 T:dcc6                                    ; ---NO MORE INPUT REQUESTED------
 2750 T:dcc6                           INPDONE   
 2751 T:dcc6  a5 7f                              lda INPTR                ; GET POINTER IN CASE IT WAS "READ"
 2752 T:dcc8  a4 80                              ldy INPTR+1
 2753 T:dcca  a6 15                              ldx INPUTFLG                ; "READ" OR "INPUT"?
 2754 T:dccc  10 03                              bpl L_INPDONE_1                ; "INPUT"
 2755 T:dcce  4c 53 08                           jmp SETDA             ; "DATA", SO STORE (Y,X) AT DATPTR
 2756 T:dcd1  a0 00                    L_INPDONE_1 ldy #0          ; "INPUT":  ANY MORE CHARS ON LINE?
 2757 T:dcd3  b1 7f                              lda (INPTR),Y
 2758 T:dcd5  f0 07                              beq L_INPDONE_2                ; NO, ALL IS WELL
 2759 T:dcd7  a9 df                              lda #<ERR_EXTRA              ; YES, ERROR
 2760 T:dcd9  a0 0c                              ldy #>ERR_EXTRA              ; "EXTRA IGNORED"
 2761 T:dcdb  4c 3a 0b                           jmp STROUT
 2762 T:dcde  60                       L_INPDONE_2 rts 
 2763 T:dcdf                                    ; --------------------------------
 2764 T:dcdf  3f                       ERR_EXTRA .byt ("?"&%01111111)
 2765 T:dce0  45                                 .byt ("E"&%01111111)
 2766 T:dce1  58                                 .byt ("X"&%01111111)
 2767 T:dce2  54                                 .byt ("T"&%01111111)
 2768 T:dce3  52                                 .byt ("R"&%01111111)
 2769 T:dce4  41                                 .byt ("A"&%01111111)
 2770 T:dce5  20                                 .byt (" "&%01111111)
 2771 T:dce6  49                                 .byt ("I"&%01111111)
 2772 T:dce7  47                                 .byt ("G"&%01111111)
 2773 T:dce8  4e                                 .byt ("N"&%01111111)
 2774 T:dce9  4f                                 .byt ("O"&%01111111)
 2775 T:dcea  52                                 .byt ("R"&%01111111)
 2776 T:dceb  45                                 .byt ("E"&%01111111)
 2777 T:dcec  44                                 .byt ("D"&%01111111)

 2779 T:dced  0d 00                              .byt $0d,0

 2781 T:dcef  3f                       ERR_REENTRY .byt ("?"&%01111111)
 2782 T:dcf0  52                                 .byt ("R"&%01111111)
 2783 T:dcf1  45                                 .byt ("E"&%01111111)
 2784 T:dcf2  45                                 .byt ("E"&%01111111)
 2785 T:dcf3  4e                                 .byt ("N"&%01111111)
 2786 T:dcf4  54                                 .byt ("T"&%01111111)
 2787 T:dcf5  45                                 .byt ("E"&%01111111)
 2788 T:dcf6  52                                 .byt ("R"&%01111111)

 2790 T:dcf7  0d 00                              .byt $0d,0
 2791 T:dcf9                                    ; --------------------------------
 2792 T:dcf9                                    ; --------------------------------
 2793 T:dcf9                                    ; "NEXT" STATEMENT
 2794 T:dcf9                                    ; --------------------------------
 2795 T:dcf9  d0 04                    NEXT      bne NEXT_1             ; VARIABLE AFTER "NEXT"
 2796 T:dcfb  a0 00                              ldy #0             ; FLAG BY SETTING FORPNT+1 = 0
 2797 T:dcfd  f0 03                              beq NEXT_2                ; ...ALWAYS
 2798 T:dcff                                    ; --------------------------------
 2799 T:dcff  20 e3 0f                 NEXT_1    jsr PTRGET             ; GET PNTR TO VARIABLE IN (Y,A)
 2800 T:dd02  85 85                    NEXT_2    sta FORPNT
 2801 T:dd04  84 86                              sty FORPNT+1
 2802 T:dd06  20 65 03                           jsr GTFORPNT             ; FIND FOR-FRAME FOR THIS VARIABLE
 2803 T:dd09  f0 04                              beq NEXT_3                ; FOUND IT
 2804 T:dd0b  a2 00                              ldx #ERR_NOFOR               ; NOT THERE, ABORT
 2805 T:dd0d  f0 69                    GERR      beq JERROR             ; ...ALWAYS
 2806 T:dd0f  9a                       NEXT_3    txs                 ; SET STACK PTR TO POINT TO THIS FRAME,
 2807 T:dd10  e8                                 inx                    ; WHICH TRIMS OFF ANY INNER LOOPS
 2808 T:dd11  e8                                 inx 
 2809 T:dd12  e8                                 inx 
 2810 T:dd13  e8                                 inx 
 2811 T:dd14  8a                                 txa                    ; LOW BYTE OF ADRS OF STEP VALUE
 2812 T:dd15  e8                                 inx 
 2813 T:dd16  e8                                 inx 
 2814 T:dd17  e8                                 inx 
 2815 T:dd18  e8                                 inx 
 2816 T:dd19  e8                                 inx 
 2817 T:dd1a  e8                                 inx 
 2818 T:dd1b  86 60                              stx DEST                ; LOW BYTE ADRS OF FOR VAR VALUE
 2819 T:dd1d  a0 01                              ldy #>STACK              ; (Y,A) IS ADDRESS OF STEP VALUE
 2820 T:dd1f  20 f9 1a                           jsr LOAD_FAC_FROM_YA                ; STEP TO FAC
 2821 T:dd22  ba                                 tsx 
 2822 T:dd23  bd 09 01                           lda STACK+9,X
 2823 T:dd26  85 a2                              sta FAC_SIGN
 2824 T:dd28  a5 85                              lda FORPNT
 2825 T:dd2a  a4 86                              ldy FORPNT+1
 2826 T:dd2c  20 be 17                           jsr FADD                ; ADD TO FOR VALUE
 2827 T:dd2f  20 27 1b                           jsr SETFOR                ; PUT NEW VALUE BACK
 2828 T:dd32  a0 01                              ldy #>STACK              ; (Y,A) IS ADDRESS OF END VALUE
 2829 T:dd34  20 b4 1b                           jsr FCOMP2                ; COMPARE TO END VALUE
 2830 T:dd37  ba                                 tsx 
 2831 T:dd38  38                                 sec 
 2832 T:dd39  fd 09 01                           sbc STACK+9,X                   ; SIGN OF STEP
 2833 T:dd3c  f0 17                              beq L_NEXT_3_2                ; BRANCH IF FOR COMPLETE
 2834 T:dd3e  bd 0f 01                           lda STACK+15,X                  ; OTHERWISE SET UP
 2835 T:dd41  85 75                              sta CURLIN                ; FOR LINE #
 2836 T:dd43  bd 10 01                           lda STACK+16,X
 2837 T:dd46  85 76                              sta CURLIN+1
 2838 T:dd48  bd 12 01                           lda STACK+18,X                  ; AND SET TXTPTR TO JUST
 2839 T:dd4b  85 b8                              sta TXTPTR                ; AFTER FOR STATEMENT
 2840 T:dd4d  bd 11 01                           lda STACK+17,X
 2841 T:dd50  85 b9                              sta TXTPTR+1
 2842 T:dd52  4c d2 07                 L_NEXT_3_1 jmp NEWSTT
 2843 T:dd55  8a                       L_NEXT_3_2 txa                 ; POP OFF FOR-FRAME, LOOP IS DONE
 2844 T:dd56  69 11                              adc #17             ; CARRY IS SET, SO ADDS 18
 2845 T:dd58  aa                                 tax 
 2846 T:dd59  9a                                 txs 
 2847 T:dd5a  20 b7 00                           jsr CHRGOT                ; CHAR AFTER VARIABLE
 2848 T:dd5d  c9 2c                              cmp #(","&%01111111)     ; ANOTHER VARIABLE IN NEXT_
 2849 T:dd5f  d0 f1                              bne L_NEXT_3_1             ; NO, GO TO NEXT STATEMENT
 2850 T:dd61  20 b1 00                           jsr CHRGET                ; YES, PRIME FOR NEXT VARIABLE
 2851 T:dd64  20 ff 0c                           jsr NEXT_1             ; (DOES NOT RETURN)
 2852 T:dd67                                    ; --------------------------------
 2853 T:dd67                                    ; EVALUATE EXPRESSION, MAKE SURE IT IS NUMERIC
 2854 T:dd67                                    ; --------------------------------
 2855 T:dd67  20 7b 0d                 FRMNUM    jsr FRMEVL
 2856 T:dd6a                                    ; --------------------------------
 2857 T:dd6a                                    ; MAKE SURE (FAC) IS NUMERIC
 2858 T:dd6a                                    ; --------------------------------
 2859 T:dd6a  18                       CHKNUM    clc 
 2860 T:dd6b  24                                 .byt $24              ; DUMMY FOR SKIP
 2861 T:dd6c                                    ; --------------------------------
 2862 T:dd6c                                    ; MAKE SURE (FAC) IS STRING
 2863 T:dd6c                                    ; --------------------------------
 2864 T:dd6c  38                       CHKSTR    sec 
 2865 T:dd6d                                    ; --------------------------------
 2866 T:dd6d                                    ; MAKE SURE (FAC) IS CORRECT TYPE
 2867 T:dd6d                                    ; IF C=0, TYPE MUST BE NUMERIC
 2868 T:dd6d                                    ; IF C=1, TYPE MUST BE STRING
 2869 T:dd6d                                    ; --------------------------------
 2870 T:dd6d  24 11                    CHKVAL    bit VALTYP             ; $00 IF NUMERIC, $FF IF STRING
 2871 T:dd6f  30 03                              bmi L_CHKVAL_2                ; TYPE IS STRING
 2872 T:dd71  b0 03                              bcs L_CHKVAL_3                ; NOT STRING, BUT WE NEED STRING
 2873 T:dd73  60                       L_CHKVAL_1 rts                 ; TYPE IS CORRECT
 2874 T:dd74  b0 fd                    L_CHKVAL_2 bcs L_CHKVAL_1          ; IS STRING AND WE WANTED STRING
 2875 T:dd76  a2 a3                    L_CHKVAL_3 ldx #ERR_BADTYPE            ; TYPE MISMATCH
 2876 T:dd78  4c 12 04                 JERROR    jmp ERROR
 2877 T:dd7b                                    ; --------------------------------
 2878 T:dd7b                                    ; EVALUATE THE EXPRESSION AT TXTPTR, LEAVING THE
 2879 T:dd7b                                    ; RESULT IN FAC.  WORKS FOR BOTH STRING AND NUMERIC
 2880 T:dd7b                                    ; EXPRESSIONS.
 2881 T:dd7b                                    ; --------------------------------
 2882 T:dd7b  a6 b8                    FRMEVL    ldx TXTPTR             ; DECREMENT TXTPTR
 2883 T:dd7d  d0 02                              bne L_FRMEVL_1
 2884 T:dd7f  c6 b9                              dec TXTPTR+1
 2885 T:dd81  c6 b8                    L_FRMEVL_1 dec TXTPTR
 2886 T:dd83  a2 00                              ldx #0             ; START WITH PRECEDENCE = 0
 2887 T:dd85  24                                 .byt $24              ; TRICK TO SKIP FOLLOWING "PHA"
 2888 T:dd86                                    ; --------------------------------
 2889 T:dd86                           FRMEVL_1  
 2890 T:dd86  48                                 pha                    ; PUSH RELOPS FLAGS
 2891 T:dd87  8a                                 txa                    ; 
 2892 T:dd88  48                                 pha                    ; SAVE LAST PRECEDENCE
 2893 T:dd89  a9 01                              lda #1             ; 
 2894 T:dd8b  20 d6 03                           jsr CHKMEM             ; CHECK IF ENOUGH ROOM ON STACK
 2895 T:dd8e  20 60 0e                           jsr FRM_ELEMENT                ; GET AN ELEMENT
 2896 T:dd91  a9 00                              lda #0
 2897 T:dd93  85 89                              sta CPRTYP                ; CLEAR COMPARISON OPERATOR FLAGS
 2898 T:dd95                                    ; --------------------------------
 2899 T:dd95                           FRMEVL_2  
 2900 T:dd95  20 b7 00                           jsr CHRGOT                ; CHECK FOR RELATIONAL OPERATORS
 2901 T:dd98  38                       L_FRMEVL_2_1 sec                 ; > IS $CF, = IS $D0, < IS $D1
 2902 T:dd99  e9 cf                              sbc #TOKEN_GREATER               ; > IS 0, = IS 1, < IS 2
 2903 T:dd9b  90 17                              bcc L_FRMEVL_2_2                ; NOT RELATIONAL OPERATOR
 2904 T:dd9d  c9 03                              cmp #3             ; 
 2905 T:dd9f  b0 13                              bcs L_FRMEVL_2_2                ; NOT RELATIONAL OPERATOR
 2906 T:dda1  c9 01                              cmp #1             ; SET CARRY IF "=" OR "<"
 2907 T:dda3  2a                                 rol                    ; NOW > IS 0, = IS 3, < IS 5
 2908 T:dda4  49 01                              eor #1             ; NOW > IS 1, = IS 2, < IS 4
 2909 T:dda6  45 89                              eor CPRTYP                ; SET BITS OF CPRTYP:  00000<=>
 2910 T:dda8  c5 89                              cmp CPRTYP                ; CHECK FOR ILLEGAL COMBINATIONS
 2911 T:ddaa  90 61                              bcc SNTXERR                ; IF LESS THAN, A RELOP WAS REPEATED
 2912 T:ddac  85 89                              sta CPRTYP                ; 
 2913 T:ddae  20 b1 00                           jsr CHRGET                ; ANOTHER OPERATOR?
 2914 T:ddb1  4c 98 0d                           jmp L_FRMEVL_2_1             ; CHECK FOR <,=,> AGAIN
 2915 T:ddb4                                    ; --------------------------------
 2916 T:ddb4  a6 89                    L_FRMEVL_2_2 ldx CPRTYP             ; DID WE FIND A RELATIONAL OPERATOR?
 2917 T:ddb6  d0 2c                              bne FRM_RELATIONAL                ; YES
 2918 T:ddb8  b0 7b                              bcs NOTMATH                ; NO, AND NEXT TOKEN IS > $D1
 2919 T:ddba  69 07                              adc #$cf-TOKEN_PLUS         ; NO, AND NEXT TOKEN < $CF
 2920 T:ddbc  90 77                              bcc NOTMATH                ; IF NEXT TOKEN < "+"
 2921 T:ddbe  65 11                              adc VALTYP                ; + AND LAST RESULT A STRING?
 2922 T:ddc0  d0 03                              bne L_FRMEVL_2_3                ; BRANCH IF NOT
 2923 T:ddc2  4c 97 15                           jmp CAT                ; CONCATENATE IF SO.
 2924 T:ddc5                                    ; --------------------------------
 2925 T:ddc5  69 ff                    L_FRMEVL_2_3 adc #$ff          ; +-*/ IS 0123
 2926 T:ddc7  85 5e                              sta INDEX
 2927 T:ddc9  0a                                 asl                    ; MULTIPLY BY 3
 2928 T:ddca  65 5e                              adc INDEX                ; +-*/ IS 0,3,6,9
 2929 T:ddcc  a8                                 tay 
 2930 T:ddcd                                    ; --------------------------------
 2931 T:ddcd                           FRM_PRECEDENCE_TEST 
 2932 T:ddcd  68                                 pla                    ; GET LAST PRECEDENCE
 2933 T:ddce  d9 b2 00                           cmp MATHTBL,Y
 2934 T:ddd1  b0 67                              bcs FRM_PERFORM_1                ; DO NOW IF HIGHER PRECEDENCE
 2935 T:ddd3  20 6a 0d                           jsr CHKNUM             ; WAS LAST RESULT A #?
 2936 T:ddd6  48                       NXOP      pha                 ; YES, SAVE PRECEDENCE ON STACK
 2937 T:ddd7  20 fd 0d                 SAVOP     jsr FRM_RECURSE             ; SAVE REST, CALL FRMEVL RECURSIVELY
 2938 T:ddda  68                                 pla 
 2939 T:dddb  a4 87                              ldy LASTOP
 2940 T:dddd  10 17                              bpl PREFNC
 2941 T:dddf  aa                                 tax 
 2942 T:dde0  f0 56                              beq GOEX                ; EXIT IF NO MATH IN EXPRESSION
 2943 T:dde2  d0 5f                              bne FRM_PERFORM_2                ; ...ALWAYS
 2944 T:dde4                                    ; --------------------------------
 2945 T:dde4                                    ; FOUND ONE OR MORE RELATIONAL OPERATORS <,=,>
 2946 T:dde4                                    ; --------------------------------
 2947 T:dde4                           FRM_RELATIONAL 
 2948 T:dde4  46 11                              lsr VALTYP                ; (VALTYP) = 0 (NUMERIC), = $FF (STRING)
 2949 T:dde6  8a                                 txa                    ; SET CPRTYP TO 0000<=>C
 2950 T:dde7  2a                                 rol                    ; WHERE C=0 IF #, C=1 IF STRING
 2951 T:dde8  a6 b8                              ldx TXTPTR                ; BACK UP TXTPTR
 2952 T:ddea  d0 02                              bne L_FRM_RELATIONAL_1
 2953 T:ddec  c6 b9                              dec TXTPTR+1
 2954 T:ddee  c6 b8                    L_FRM_RELATIONAL_1 dec TXTPTR
 2955 T:ddf0  a0 1b                              ldy #M_REL-MATHTBL     ; POINT AT RELOPS ENTRY
 2956 T:ddf2  85 89                              sta CPRTYP
 2957 T:ddf4  d0 d7                              bne FRM_PRECEDENCE_TEST             ; ...ALWAYS
 2958 T:ddf6                                    ; --------------------------------
 2959 T:ddf6  d9 b2 00                 PREFNC    cmp MATHTBL,Y
 2960 T:ddf9  b0 48                              bcs FRM_PERFORM_2                ; DO NOW IF HIGHER PRECEDENCE
 2961 T:ddfb  90 d9                              bcc NXOP             ; ...ALWAYS
 2962 T:ddfd                                    ; --------------------------------
 2963 T:ddfd                                    ; STACK THIS OPERATION AND CALL FRMEVL FOR
 2964 T:ddfd                                    ; ANOTHER ONE
 2965 T:ddfd                                    ; --------------------------------
 2966 T:ddfd                           FRM_RECURSE 
 2967 T:ddfd  b9 b4 00                           lda MATHTBL+2,Y
 2968 T:de00  48                                 pha                    ; PUSH ADDRESS OF OPERATION PERFORMER
 2969 T:de01  b9 b3 00                           lda MATHTBL+1,Y
 2970 T:de04  48                                 pha 
 2971 T:de05  20 10 0e                           jsr FRM_STACK_1                ; STACK FAC.SIGN AND FAC
 2972 T:de08  a5 89                              lda CPRTYP                ; A=RELOP FLAGS, X=PRECEDENCE BYTE
 2973 T:de0a  4c 86 0d                           jmp FRMEVL_1             ; RECURSIVELY CALL FRMEVL
 2974 T:de0d                                    ; --------------------------------
 2975 T:de0d  4c c9 0e                 SNTXERR   jmp SYNERR
 2976 T:de10                                    ; --------------------------------
 2977 T:de10                                    ; STACK (FAC)
 2978 T:de10                                    ; 
 2979 T:de10                                    ; THREE ENTRY POINTS:
 2980 T:de10                                    ; L_SNTXERR_1, FROM FRMEVL
 2981 T:de10                                    ; L_SNTXERR_2, FROM "STEP"
 2982 T:de10                                    ; L_SNTXERR_3, FROM "FOR"
 2983 T:de10                                    ; --------------------------------
 2984 T:de10                           FRM_STACK_1 
 2985 T:de10  a5 a2                              lda FAC_SIGN                ; GET FAC.SIGN TO PUSH IT
 2986 T:de12                                    ; Note: XA65 assembler (Andre Fachat) requires ! here when asm with "xa -R -bt 0" for some reason:
 2987 T:de12  be b2 00                           ldx !MATHTBL,Y                   ; PRECEDENCE BYTE FROM MATHTBL
 2988 T:de15                                    ; --------------------------------
 2989 T:de15                                    ; ENTER HERE FROM "STEP", TO PUSH STEP SIGN AND VALUE
 2990 T:de15                                    ; --------------------------------
 2991 T:de15                           FRM_STACK_2 
 2992 T:de15  a8                                 tay                    ; FAC.SIGN OR SGN(STEP VALUE)
 2993 T:de16  68                                 pla                    ; PULL RETURN ADDRESS AND ADD 1
 2994 T:de17  85 5e                              sta INDEX                ; <<< ASSUMES NOT ON PAGE BOUNDARY! >>>
 2995 T:de19  e6 5e                              inc INDEX                ; PLACE BUMPED RETURN ADDRESS IN
 2996 T:de1b  68                                 pla                    ; INDEX,INDEX+1
 2997 T:de1c  85 5f                              sta INDEX+1          ; 
 2998 T:de1e  98                                 tya                    ; FAC.SIGN OR SGN(STEP VALUE)
 2999 T:de1f  48                                 pha                    ; PUSH FAC.SIGN OR SGN(STEP VALUE)
 3000 T:de20                                    ; --------------------------------
 3001 T:de20                                    ; ENTER HERE FROM "FOR", WITH (INDEX) = STEP,
 3002 T:de20                                    ; TO PUSH INITIAL VALUE OF "FOR" VARIABLE
 3003 T:de20                                    ; --------------------------------
 3004 T:de20                           FRM_STACK_3 
 3005 T:de20  20 72 1b                           jsr ROUND_FAC                ; ROUND TO 32 BITS
 3006 T:de23  a5 a1                              lda FAC+4          ; PUSH (FAC)
 3007 T:de25  48                                 pha 
 3008 T:de26  a5 a0                              lda FAC+3
 3009 T:de28  48                                 pha 
 3010 T:de29  a5 9f                              lda FAC+2
 3011 T:de2b  48                                 pha 
 3012 T:de2c  a5 9e                              lda FAC+1
 3013 T:de2e  48                                 pha 
 3014 T:de2f  a5 9d                              lda FAC
 3015 T:de31  48                                 pha 
 3016 T:de32  6c 5e 00                           jmp (INDEX)              ; DO RTS FUNNY WAY
 3017 T:de35                                    ; --------------------------------
 3018 T:de35                                    ; 
 3019 T:de35                                    ; --------------------------------
 3020 T:de35  a0 ff                    NOTMATH   ldy #$ff          ; SET UP TO EXIT ROUTINE
 3021 T:de37  68                                 pla 
 3022 T:de38  f0 23                    GOEX      beq EXIT             ; EXIT IF NO MATH TO DO
 3023 T:de3a                                    ; --------------------------------
 3024 T:de3a                                    ; PERFORM STACKED OPERATION
 3025 T:de3a                                    ; 
 3026 T:de3a                                    ; (A) = PRECEDENCE BYTE
 3027 T:de3a                                    ; STACK:  1 -- CPRMASK
 3028 T:de3a                                    ; 5 -- (ARG)
 3029 T:de3a                                    ; 2 -- ADDR OF PERFORMER
 3030 T:de3a                                    ; --------------------------------
 3031 T:de3a                           FRM_PERFORM_1 
 3032 T:de3a  c9 64                              cmp #P_REL               ; WAS IT RELATIONAL OPERATOR?
 3033 T:de3c  f0 03                              beq L_FRM_PERFORM_1_1                ; YES, ALLOW STRING COMPARE
 3034 T:de3e  20 6a 0d                           jsr CHKNUM             ; MUST BE NUMERIC VALUE
 3035 T:de41  84 87                    L_FRM_PERFORM_1_1 sty LASTOP             ; 
 3036 T:de43                                    ; --------------------------------
 3037 T:de43                           FRM_PERFORM_2                  ; 
 3038 T:de43  68                                 pla                    ; GET 0000<=>C FROM STACK
 3039 T:de44  4a                                 lsr                    ; SHIFT TO 00000<=> FORM
 3040 T:de45  85 16                              sta CPRMASK                ; 00000<=>
 3041 T:de47  68                                 pla                    ; 
 3042 T:de48  85 a5                              sta ARG                ; GET FLOATING POINT VALUE OFF STACK,
 3043 T:de4a  68                                 pla                    ; AND PUT IT IN ARG
 3044 T:de4b  85 a6                              sta ARG+1          ; 
 3045 T:de4d  68                                 pla                    ; 
 3046 T:de4e  85 a7                              sta ARG+2          ; 
 3047 T:de50  68                                 pla                    ; 
 3048 T:de51  85 a8                              sta ARG+3          ; 
 3049 T:de53  68                                 pla                    ; 
 3050 T:de54  85 a9                              sta ARG+4          ; 
 3051 T:de56  68                                 pla                    ; 
 3052 T:de57  85 aa                              sta ARG+5          ; 
 3053 T:de59  45 a2                              eor FAC_SIGN                ; SAVE EOR OF SIGNS OF THE OPERANDS,
 3054 T:de5b  85 ab                              sta SGNCPR                ; IN CASE OF MULTIPLY OR DIVIDE
 3055 T:de5d  a5 9d                    EXIT      lda FAC             ; FAC EXPONENT IN A-REG
 3056 T:de5f  60                                 rts                    ; STATUS EQU. IF (FAC)=0
 3057 T:de60                                    ; RTS GOES TO PERFORM OPERATION
 3058 T:de60                                    ; --------------------------------
 3059 T:de60                                    ; GET ELEMENT IN EXPRESSION
 3060 T:de60                                    ; 
 3061 T:de60                                    ; GET VALUE OF VARIABLE OR NUMBER AT TXTPNT, OR POINT
 3062 T:de60                                    ; TO STRING DESCRIPTOR IF A STRING, AND PUT IN FAC.
 3063 T:de60                                    ; --------------------------------
 3064 T:de60                           FRM_ELEMENT                  ; 
 3065 T:de60  a9 00                              lda #0             ; ASSUME NUMERIC
 3066 T:de62  85 11                              sta VALTYP                ; 
 3067 T:de64  20 b1 00                 L_FRM_ELEMENT_1 jsr CHRGET             ; 
 3068 T:de67  b0 03                              bcs L_FRM_ELEMENT_3                ; NOT A DIGIT
 3069 T:de69  4c 4a 1c                 L_FRM_ELEMENT_2 jmp FIN             ; NUMERIC CONSTANT
 3070 T:de6c  20 7d 10                 L_FRM_ELEMENT_3 jsr ISLETC             ; VARIABLE NAME?
 3071 T:de6f  b0 64                              bcs FRM_VARIABLE                ; YES
 3072 T:de71  c9 2e                              cmp #("."&%01111111)     ; DECIMAL POINT
 3073 T:de73  f0 f4                              beq L_FRM_ELEMENT_2             ; YES, NUMERIC CONSTANT
 3074 T:de75  c9 c9                              cmp #TOKEN_MINUS               ; UNARY MINUS?
 3075 T:de77  f0 55                              beq MIN                ; YES
 3076 T:de79  c9 c8                              cmp #TOKEN_PLUS               ; UNARY PLUS
 3077 T:de7b  f0 e7                              beq L_FRM_ELEMENT_1             ; YES
 3078 T:de7d  c9 22                              cmp #$22             ; STRING CONSTANT?
 3079 T:de7f  d0 0f                              bne NOT_                ; NO
 3080 T:de81                                    ; --------------------------------
 3081 T:de81                                    ; STRING CONSTANT ELEMENT
 3082 T:de81                                    ; 
 3083 T:de81                                    ; SET Y,A = (TXTPTR)+CARRY
 3084 T:de81                                    ; --------------------------------
 3085 T:de81  a5 b8                    STRTXT    lda TXTPTR             ; ADD (CARRY) TO GET ADDRESS OF 1ST CHAR
 3086 T:de83  a4 b9                              ldy TXTPTR+1          ; OF STRING IN Y,A
 3087 T:de85  69 00                              adc #0             ; 
 3088 T:de87  90 01                              bcc L_STRTXT_1                ; 
 3089 T:de89  c8                                 iny                    ; 
 3090 T:de8a  20 e7 13                 L_STRTXT_1 jsr STRLIT             ; BUILD DESCRIPTOR TO STRING
 3091 T:de8d                                    ; GET ADDRESS OF DESCRIPTOR IN FAC
 3092 T:de8d  4c 3d 17                           jmp POINT                ; POINT TXTPTR AFTER TRAILING QUOTE
 3093 T:de90                                    ; --------------------------------
 3094 T:de90                                    ; "NOT" FUNCTION
 3095 T:de90                                    ; IF FAC=0, RETURN FAC=1
 3096 T:de90                                    ; IF FAC<>0, RETURN FAC=0
 3097 T:de90                                    ; --------------------------------
 3098 T:de90  c9 c6                    NOT_      cmp #TOKEN_NOT
 3099 T:de92  d0 10                              bne FN_                ; NOT "NOT", TRY "FN"
 3100 T:de94  a0 18                              ldy #MEQUU-MATHTBL     ; POINT AT = COMPARISON
 3101 T:de96  d0 38                              bne EQUL                ; ...ALWAYS
 3102 T:de98                                    ; --------------------------------
 3103 T:de98                                    ; COMPARISON FOR EQUALITY (= OPERATOR)
 3104 T:de98                                    ; ALSO USED TO EVALUATE "NOT" FUNCTION
 3105 T:de98                                    ; --------------------------------
 3106 T:de98  a5 9d                    EQUOP     lda FAC             ; SET "TRUE" IF (FAC) = ZERO
 3107 T:de9a  d0 03                              bne L_EQUOP_1                ; FALSE
 3108 T:de9c  a0 01                              ldy #1             ; TRUE
 3109 T:de9e  2c                                 .byt $2c              ; TRICK TO SKIP NEXT 2 BYTES
 3110 T:de9f  a0 00                    L_EQUOP_1 ldy #0          ; FALSE
 3111 T:dea1  4c 01 13                           jmp SNGFLT                ; 
 3112 T:dea4                                    ; --------------------------------
 3113 T:dea4  c9 c2                    FN_       cmp #TOKEN_FN
 3114 T:dea6  d0 03                              bne SGN_
 3115 T:dea8  4c 54 13                           jmp FUNCT
 3116 T:deab                                    ; --------------------------------
 3117 T:deab  c9 d2                    SGN_      cmp #TOKEN_SGN
 3118 T:dead  90 03                              bcc PARCHK
 3119 T:deaf  4c 0c 0f                           jmp UNARY
 3120 T:deb2                                    ; --------------------------------
 3121 T:deb2                                    ; EVALUATE "(EXPRESSION)"
 3122 T:deb2                                    ; --------------------------------
 3123 T:deb2  20 bb 0e                 PARCHK    jsr CHKOPN             ; IS THERE A '(' AT TXTPTR?
 3124 T:deb5  20 7b 0d                           jsr FRMEVL             ; YES, EVALUATE EXPRESSION
 3125 T:deb8                                    ; --------------------------------
 3126 T:deb8  a9 29                    CHKCLS    lda #$29          ; CHECK FOR ')'
 3127 T:deba  2c                                 .byt $2c              ; TRICK
 3128 T:debb                                    ; --------------------------------
 3129 T:debb  a9 28                    CHKOPN    lda #$28          ; 
 3130 T:debd  2c                                 .byt $2c              ; TRICK
 3131 T:debe                                    ; --------------------------------
 3132 T:debe  a9 2c                    CHKCOM    lda #(","&%01111111)  ; COMMA AT TXTPTR?
 3133 T:dec0                                    ; --------------------------------
 3134 T:dec0                                    ; UNLESS CHAR AT TXTPTR = (A), SYNTAX ERROR
 3135 T:dec0                                    ; --------------------------------
 3136 T:dec0  a0 00                    SYNCHR    ldy #0
 3137 T:dec2  d1 b8                              cmp (TXTPTR),Y
 3138 T:dec4  d0 03                              bne SYNERR
 3139 T:dec6  4c b1 00                           jmp CHRGET                ; MATCH, GET NEXT CHAR & RETURN
 3140 T:dec9                                    ; --------------------------------
 3141 T:dec9  a2 10                    SYNERR    ldx #ERR_SYNTAX
 3142 T:decb  4c 12 04                           jmp ERROR
 3143 T:dece                                    ; --------------------------------
 3144 T:dece  a0 15                    MIN       ldy #M_NEG-MATHTBL  ; POINT AT UNARY MINUS
 3145 T:ded0  68                       EQUL      pla 
 3146 T:ded1  68                                 pla 
 3147 T:ded2  4c d7 0d                           jmp SAVOP
 3148 T:ded5                                    ; --------------------------------
 3149 T:ded5                           FRM_VARIABLE 
 3150 T:ded5  20 e3 0f                           jsr PTRGET
 3151 T:ded8                                    FRM_VARIABLE_CALL=*-1         ; SO PTRGET CAN TELL WE CALLED
 3152 T:ded8  85 a0                              sta VPNT                ; ADDRESS OF VARIABLE
 3153 T:deda  84 a1                              sty VPNT+1          ; 
 3154 T:dedc  a6 11                              ldx VALTYP                ; NUMERIC OR STRING?
 3155 T:dede  f0 05                              beq L_FRM_VARIABLE_CALL_1                ; NUMERIC
 3156 T:dee0  a2 00                              ldx #0             ; STRING
 3157 T:dee2  86 ac                              stx STRNG1+1          ; 
 3158 T:dee4  60                                 rts                    ; 
 3159 T:dee5  a6 12                    L_FRM_VARIABLE_CALL_1 ldx VALTYP+1       ; NUMERIC, WHICH TYPE?
 3160 T:dee7  10 0d                              bpl L_FRM_VARIABLE_CALL_2                ; FLOATING POINT
 3161 T:dee9  a0 00                              ldy #0             ; INTEGER
 3162 T:deeb  b1 a0                              lda (VPNT),Y                    ; 
 3163 T:deed  aa                                 tax                    ; GET VALUE IN A,Y
 3164 T:deee  c8                                 iny                    ; 
 3165 T:deef  b1 a0                              lda (VPNT),Y                    ; 
 3166 T:def1  a8                                 tay                    ; 
 3167 T:def2  8a                                 txa                    ; 
 3168 T:def3  4c f2 12                           jmp GIVAYF                ; CONVERT A,Y TO FLOATING POINT
 3169 T:def6  4c f9 1a                 L_FRM_VARIABLE_CALL_2 jmp LOAD_FAC_FROM_YA
 3170 T:def9                                    ; --------------------------------
 3171 T:def9                                    ; --------------------------------
 3172 T:def9                                    ; "SCRN(" FUNCTION
 3173 T:def9                                    ; --------------------------------
 3174 T:def9  20 b1 00                 SCREEN    jsr CHRGET
 3175 T:defc  20 ec 21                           jsr PLOTFNS                ; GET COLUMN AND ROW
 3176 T:deff  8a                                 txa                    ; ROW
 3177 T:df00  a4 f0                              ldy FIRST                ; COLUMN
 3178 T:df02  20 71 f8                           jsr MON_SCRN                ; GET 4-BIT COLOR THERE
 3179 T:df05  a8                                 tay                    ; 
 3180 T:df06  20 01 13                           jsr SNGFLT                ; CONVERT (Y) TO REAL IN FAC
 3181 T:df09  4c b8 0e                           jmp CHKCLS             ; REQUIRE ")"
 3182 T:df0c                                    ; --------------------------------
 3183 T:df0c                                    ; PROCESS UNARY OPERATORS (FUNCTIONS)
 3184 T:df0c                                    ; --------------------------------
 3185 T:df0c  c9 d7                    UNARY     cmp #TOKEN_SCRN            ; NOT UNARY, DO SPECIAL
 3186 T:df0e  f0 e9                              beq SCREEN
 3187 T:df10  0a                                 asl                    ; DOUBLE TOKEN TO GET INDEX
 3188 T:df11  48                                 pha 
 3189 T:df12  aa                                 tax 
 3190 T:df13  20 b1 00                           jsr CHRGET
 3191 T:df16  e0 cf                              cpx #<(TOKEN_LEFTSTR*2-1); LEFT$, RIGHT$, AND MID$
 3192 T:df18  90 20                              bcc L_UNARY_1                ; NOT ONE OF THE STRING FUNCTIONS
 3193 T:df1a  20 bb 0e                           jsr CHKOPN             ; STRING FUNCTION, NEED "("
 3194 T:df1d  20 7b 0d                           jsr FRMEVL             ; EVALUATE EXPRESSION FOR STRING
 3195 T:df20  20 be 0e                           jsr CHKCOM             ; REQUIRE A COMMA
 3196 T:df23  20 6c 0d                           jsr CHKSTR             ; MAKE SURE EXPRESSION IS A STRING
 3197 T:df26  68                                 pla                    ; 
 3198 T:df27  aa                                 tax                    ; RETRIEVE ROUTINE POINTER
 3199 T:df28  a5 a1                              lda VPNT+1          ; STACK ADDRESS OF STRING
 3200 T:df2a  48                                 pha                    ; 
 3201 T:df2b  a5 a0                              lda VPNT                ; 
 3202 T:df2d  48                                 pha                    ; 
 3203 T:df2e  8a                                 txa                    ; 
 3204 T:df2f  48                                 pha                    ; STACK DOUBLED TOKEN
 3205 T:df30  20 f8 16                           jsr GETBYT                ; CONVERT NEXT EXPRESSION TO BYTE IN X-REG
 3206 T:df33  68                                 pla                    ; GET DOUBLED TOKEN OFF STACK
 3207 T:df34  a8                                 tay                    ; USE AS INDEX TO BRANCH
 3208 T:df35  8a                                 txa                    ; VALUE OF SECOND PARAMETER
 3209 T:df36  48                                 pha                    ; PUSH 2ND PARAM
 3210 T:df37  4c 3f 0f                           jmp L_UNARY_2                ; JOIN UNARY FUNCTIONS
 3211 T:df3a  20 b2 0e                 L_UNARY_1 jsr PARCHK          ; REQUIRE "(EXPRESSION)"
 3212 T:df3d  68                                 pla 
 3213 T:df3e  a8                                 tay                    ; INDEX INTO FUNCTION ADDRESS TABLE
 3214 T:df3f  b9 dc ff                 L_UNARY_2 lda UNFNC-TOKEN_SGN-TOKEN_SGN+$0100,Y
 3215 T:df42  85 91                              sta JMPADRS+1          ; PREPARE TO JSR TO ADDRESS
 3216 T:df44  b9 dd ff                           lda UNFNC-TOKEN_SGN-TOKEN_SGN+$0101,Y
 3217 T:df47  85 92                              sta JMPADRS+2
 3218 T:df49  20 90 00                           jsr JMPADRS                ; DOES NOT RETURN FOR
 3219 T:df4c                                    ; CHR$, LEFT$, RIGHT$, OR MID$
 3220 T:df4c  4c 6a 0d                           jmp CHKNUM             ; REQUIRE NUMERIC RESULT
 3221 T:df4f                                    ; --------------------------------
 3222 T:df4f  a5 a5                    OR        lda ARG             ; "OR" OPERATOR
 3223 T:df51  05 9d                              ora FAC                ; IF RESULT NONZERO, IT IS TRUE
 3224 T:df53  d0 0b                              bne TRUE                ; 
 3225 T:df55                                    ; --------------------------------
 3226 T:df55  a5 a5                    ANDOP     lda ARG             ; "AND" OPERATOR
 3227 T:df57  f0 04                              beq FALSE                ; IF EITHER IS ZERO, RESULT IS FALSE
 3228 T:df59  a5 9d                              lda FAC                ; 
 3229 T:df5b  d0 03                              bne TRUE                ; 
 3230 T:df5d                                    ; --------------------------------
 3231 T:df5d  a0 00                    FALSE     ldy #0          ; RETURN FAC=0
 3232 T:df5f  2c                                 .byt $2c              ; TRICK
 3233 T:df60                                    ; --------------------------------
 3234 T:df60  a0 01                    TRUE      ldy #1          ; RETURN FAC=1
 3235 T:df62  4c 01 13                           jmp SNGFLT                ; 
 3236 T:df65                                    ; --------------------------------
 3237 T:df65                                    ; PERFORM RELATIONAL OPERATIONS
 3238 T:df65                                    ; --------------------------------
 3239 T:df65  20 6d 0d                 RELOPS    jsr CHKVAL          ; MAKE SURE FAC IS CORRECT TYPE
 3240 T:df68  b0 13                              bcs STRCMP                ; TYPE MATCHES, BRANCH IF STRINGS
 3241 T:df6a  a5 aa                              lda ARG_SIGN                ; NUMERIC COMPARISON
 3242 T:df6c  09 7f                              ora #$7f             ; RE-PACK VALUE IN ARG FOR FCOMP
 3243 T:df6e  25 a6                              and ARG+1          ; 
 3244 T:df70  85 a6                              sta ARG+1          ; 
 3245 T:df72  a9 a5                              lda #<ARG              ; 
 3246 T:df74  a0 00                              ldy #>ARG              ; 
 3247 T:df76  20 b2 1b                           jsr FCOMP                ; RETURN A-REG = -1,0,1
 3248 T:df79  aa                                 tax                    ; AS ARG <,=,> FAC
 3249 T:df7a  4c b0 0f                           jmp NUMCMP                ; 
 3250 T:df7d                                    ; --------------------------------
 3251 T:df7d                                    ; STRING COMPARISON
 3252 T:df7d                                    ; --------------------------------
 3253 T:df7d  a9 00                    STRCMP    lda #0          ; SET RESULT TYPE TO NUMERIC
 3254 T:df7f  85 11                              sta VALTYP                ; 
 3255 T:df81  c6 89                              dec CPRTYP                ; MAKE CPRTYP 0000<=>0
 3256 T:df83  20 00 16                           jsr FREFAC                ; 
 3257 T:df86  85 9d                              sta FAC                ; STRING LENGTH
 3258 T:df88  86 9e                              stx FAC+1
 3259 T:df8a  84 9f                              sty FAC+2
 3260 T:df8c  a5 a8                              lda ARG+3
 3261 T:df8e  a4 a9                              ldy ARG+4
 3262 T:df90  20 04 16                           jsr FRETMP
 3263 T:df93  86 a8                              stx ARG+3
 3264 T:df95  84 a9                              sty ARG+4
 3265 T:df97  aa                                 tax                    ; LEN (ARG) STRING
 3266 T:df98  38                                 sec                    ; 
 3267 T:df99  e5 9d                              sbc FAC                ; SET X TO SMALLER LEN
 3268 T:df9b  f0 08                              beq L_STRCMP_1                ; 
 3269 T:df9d  a9 01                              lda #1             ; 
 3270 T:df9f  90 04                              bcc L_STRCMP_1                ; 
 3271 T:dfa1  a6 9d                              ldx FAC                ; 
 3272 T:dfa3  a9 ff                              lda #$ff             ; 
 3273 T:dfa5  85 a2                    L_STRCMP_1 sta FAC_SIGN             ; FLAG WHICH SHORTER
 3274 T:dfa7  a0 ff                              ldy #$ff             ; 
 3275 T:dfa9  e8                                 inx                    ; 
 3276 T:dfaa                           STRCMP_1                   ; 
 3277 T:dfaa  c8                                 iny                    ; 
 3278 T:dfab  ca                                 dex                    ; 
 3279 T:dfac  d0 07                              bne STRCMP_2                ; MORE CHARS IN BOTH STRINGS
 3280 T:dfae  a6 a2                              ldx FAC_SIGN                ; IF = SO FAR, DECIDE BY LENGTH
 3281 T:dfb0                                    ; --------------------------------
 3282 T:dfb0  30 0f                    NUMCMP    bmi CMPDONE             ; 
 3283 T:dfb2  18                                 clc                    ; 
 3284 T:dfb3  90 0c                              bcc CMPDONE                ; ...ALWAYS
 3285 T:dfb5                                    ; --------------------------------
 3286 T:dfb5                           STRCMP_2                   ; 
 3287 T:dfb5  b1 a8                              lda (ARG+3),Y                   ; 
 3288 T:dfb7  d1 9e                              cmp (FAC+1),Y                   ; 
 3289 T:dfb9  f0 ef                              beq STRCMP_1             ; SAME, KEEP COMPARING
 3290 T:dfbb  a2 ff                              ldx #$ff             ; IN CASE ARG GREATER
 3291 T:dfbd  b0 02                              bcs CMPDONE                ; IT IS
 3292 T:dfbf  a2 01                              ldx #1             ; FAC GREATER
 3293 T:dfc1                                    ; --------------------------------
 3294 T:dfc1                           CMPDONE                    ; 
 3295 T:dfc1  e8                                 inx                    ; CONVERT FF,0,1 TO 0,1,2
 3296 T:dfc2  8a                                 txa                    ; 
 3297 T:dfc3  2a                                 rol                    ; AND TO 0,2,4 IF C=0, ELSE 1,2,5
 3298 T:dfc4  25 16                              and CPRMASK                ; 00000<=>
 3299 T:dfc6  f0 02                              beq L_CMPDONE_1                ; IF NO MATCH: FALSE
 3300 T:dfc8  a9 01                              lda #1             ; AT LEAST ONE MATCH: TRUE
 3301 T:dfca  4c 93 1b                 L_CMPDONE_1 jmp FLOAT             ; 
 3302 T:dfcd                                    ; --------------------------------
 3303 T:dfcd                                    ; "PDL" FUNCTION
 3304 T:dfcd                                    ; <<< NOTE: ARG<4 IS NOT CHECKED >>>
 3305 T:dfcd                                    ; --------------------------------
 3306 T:dfcd  20 fb 16                 PDL       jsr CONINT             ; GET # IN X
 3307 T:dfd0  20 1e fb                           jsr MON_PREAD                ; READ PADDLE
 3308 T:dfd3  4c 01 13                           jmp SNGFLT                ; FLOAT RESULT
 3309 T:dfd6                                    ; --------------------------------
 3310 T:dfd6                                    ; "DIM" STATEMENT
 3311 T:dfd6                                    ; --------------------------------
 3312 T:dfd6  20 be 0e                 NXDIM     jsr CHKCOM          ; SEPARATED BY COMMAS
 3313 T:dfd9  aa                       DIM       tax                 ; NON-ZERO, FLAGS PTRGET DIM CALLED
 3314 T:dfda  20 e8 0f                           jsr PTRGET2                ; ALLOCATE THE ARRAY
 3315 T:dfdd  20 b7 00                           jsr CHRGOT                ; NEXT CHAR
 3316 T:dfe0  d0 f4                              bne NXDIM             ; NOT END OF STATEMENT
 3317 T:dfe2  60                                 rts                    ; 
 3318 T:dfe3                                    ; --------------------------------
 3319 T:dfe3                                    ; PTRGET -- GENERAL VARIABLE SCAN
 3320 T:dfe3                                    ; 
 3321 T:dfe3                                    ; SCANS VARIABLE NAME AT TXTPTR, AND SEARCHES THE
 3322 T:dfe3                                    ; VARTAB AND ARYTAB FOR THE NAME.
 3323 T:dfe3                                    ; IF NOT FOUND, CREATE VARIABLE OF APPROPRIATE TYPE.
 3324 T:dfe3                                    ; RETURN WITH ADDRESS IN VARPNT AND Y,A
 3325 T:dfe3                                    ; 
 3326 T:dfe3                                    ; ACTUAL ACTIVITY CONTROLLED SOMEWHAT BY TWO FLAGS:
 3327 T:dfe3                                    ; DIMFLG -- NONZERO IF CALLED FROM "DIM"
 3328 T:dfe3                                    ; ELSE = 0
 3329 T:dfe3                                    ; 
 3330 T:dfe3                                    ; SUBFLG -- = $00
 3331 T:dfe3                                    ; = $40 IF CALLED FROM "GETARYPT"
 3332 T:dfe3                                    ; = $80 IF CALLED FROM "DEF FN"
 3333 T:dfe3                                    ; = $C1-DA IF CALLED FROM "FN"
 3334 T:dfe3                                    ; --------------------------------
 3335 T:dfe3  a2 00                    PTRGET    ldx #0          ; 
 3336 T:dfe5  20 b7 00                           jsr CHRGOT                ; GET FIRST CHAR OF VARIABLE NAME
 3337 T:dfe8                                    ; --------------------------------
 3338 T:dfe8                           PTRGET2                    ; 
 3339 T:dfe8  86 10                              stx DIMFLG                ; X IS NONZERO IF FROM DIM
 3340 T:dfea                                    ; --------------------------------
 3341 T:dfea                           PTRGET3                    ; 
 3342 T:dfea  85 81                              sta VARNAM                ; 
 3343 T:dfec  20 b7 00                           jsr CHRGOT                ; 
 3344 T:dfef  20 7d 10                           jsr ISLETC                ; IS IT A LETTER?
 3345 T:dff2  b0 03                              bcs NAMOK                ; YES, OKAY SO FAR
 3346 T:dff4  4c c9 0e                 BADNAM    jmp SYNERR          ; NO, SYNTAX ERROR
 3347 T:dff7  a2 00                    NAMOK     ldx #0          ; 
 3348 T:dff9  86 11                              stx VALTYP                ; 
 3349 T:dffb  86 12                              stx VALTYP+1          ; 
 3350 T:dffd  4c 07 10                           jmp PTRGET4                ; TO BRANCH ACROSS $E000 VECTORS
 3351 T:e000                                    ; --------------------------------
 3352 T:e000                                    ; DOS AND MONITOR CALL BASIC AT $E000 AND $E003
 3353 T:e000                                    ; --------------------------------
 3354 T:e000  4c 28 21                 BASIC     jmp COLD_START
 3355 T:e003  4c 3c 04                 BASIC2    jmp RESTART
 3356 T:e006  00                                 brk                    ; <<< WASTED BYTE >>>
 3357 T:e007                                    ; --------------------------------
 3358 T:e007                           PTRGET4   
 3359 T:e007  20 b1 00                           jsr CHRGET                ; SECOND CHAR OF VARIABLE NAME
 3360 T:e00a  90 05                              bcc L_PTRGET4_1                ; NUMERIC
 3361 T:e00c  20 7d 10                           jsr ISLETC                ; LETTER?
 3362 T:e00f  90 0b                              bcc L_PTRGET4_3                ; NO, END OF NAME
 3363 T:e011  aa                       L_PTRGET4_1 tax                 ; SAVE SECOND CHAR OF NAME IN X
 3364 T:e012  20 b1 00                 L_PTRGET4_2 jsr CHRGET             ; SCAN TO END OF VARIABLE NAME
 3365 T:e015  90 fb                              bcc L_PTRGET4_2             ; NUMERIC
 3366 T:e017  20 7d 10                           jsr ISLETC                ; 
 3367 T:e01a  b0 f6                              bcs L_PTRGET4_2             ; ALPHA
 3368 T:e01c  c9 24                    L_PTRGET4_3 cmp #("$"&%01111111)  ; STRING?
 3369 T:e01e  d0 06                              bne L_PTRGET4_4                ; NO
 3370 T:e020  a9 ff                              lda #$ff             ; 
 3371 T:e022  85 11                              sta VALTYP                ; 
 3372 T:e024  d0 10                              bne L_PTRGET4_5                ; ...ALWAYS
 3373 T:e026  c9 25                    L_PTRGET4_4 cmp #("%"&%01111111)  ; INTEGER?
 3374 T:e028  d0 13                              bne L_PTRGET4_6                ; NO
 3375 T:e02a  a5 14                              lda SUBFLG                ; YES; INTEGER VARIABLE ALLOWED?
 3376 T:e02c  30 c6                              bmi BADNAM             ; NO, SYNTAX ERROR
 3377 T:e02e  a9 80                              lda #$80             ; YES
 3378 T:e030  85 12                              sta VALTYP+1          ; FLAG INTEGER MODE
 3379 T:e032  05 81                              ora VARNAM                ; 
 3380 T:e034  85 81                              sta VARNAM                ; SET SIGN BIT ON VARNAME
 3381 T:e036  8a                       L_PTRGET4_5 txa                 ; SECOND CHAR OF NAME
 3382 T:e037  09 80                              ora #$80             ; SET SIGN
 3383 T:e039  aa                                 tax                    ; 
 3384 T:e03a  20 b1 00                           jsr CHRGET                ; GET TERMINATING CHAR
 3385 T:e03d  86 82                    L_PTRGET4_6 stx VARNAM+1       ; STORE SECOND CHAR OF NAME
 3386 T:e03f  38                                 sec                    ; 
 3387 T:e040  05 14                              ora SUBFLG                ; $00 OR $40 IF SUBSCRIPTS OK, ELSE $80
 3388 T:e042  e9 28                              sbc #$28             ; IF SUBFLG=$00 AND CHAR="("...
 3389 T:e044  d0 03                              bne L_PTRGET4_8                ; NOPE
 3390 T:e046  4c 1e 11                 L_PTRGET4_7 jmp ARRAY             ; YES
 3391 T:e049  24 14                    L_PTRGET4_8 bit SUBFLG             ; CHECK TOP TWO BITS OF SUBFLG
 3392 T:e04b  30 02                              bmi L_PTRGET4_9                ; $80
 3393 T:e04d  70 f7                              bvs L_PTRGET4_7             ; $40, CALLED FROM GETARYPT
 3394 T:e04f  a9 00                    L_PTRGET4_9 lda #0          ; CLEAR SUBFLG
 3395 T:e051  85 14                              sta SUBFLG                ; 
 3396 T:e053  a5 69                              lda VARTAB                ; START LOWTR AT SIMPLE VARIABLE TABLE
 3397 T:e055  a6 6a                              ldx VARTAB+1          ; 
 3398 T:e057  a0 00                              ldy #0             ; 
 3399 T:e059  86 9c                    L_PTRGET4_10 stx LOWTR+1       ; 
 3400 T:e05b  85 9b                    L_PTRGET4_11 sta LOWTR             ; 
 3401 T:e05d  e4 6c                              cpx ARYTAB+1          ; END OF SIMPLE VARIABLES?
 3402 T:e05f  d0 04                              bne L_PTRGET4_12                ; NO, GO ON
 3403 T:e061  c5 6b                              cmp ARYTAB                ; YES; END OF ARRAYS?
 3404 T:e063  f0 22                              beq NAME_NOT_FOUND                ; YES, MAKE ONE
 3405 T:e065  a5 81                    L_PTRGET4_12 lda VARNAM             ; SAME FIRST LETTER?
 3406 T:e067  d1 9b                              cmp (LOWTR),Y                   ; 
 3407 T:e069  d0 08                              bne L_PTRGET4_13                ; NOT SAME FIRST LETTER
 3408 T:e06b  a5 82                              lda VARNAM+1          ; SAME SECOND LETTER?
 3409 T:e06d  c8                                 iny 
 3410 T:e06e  d1 9b                              cmp (LOWTR),Y
 3411 T:e070  f0 6c                              beq SET_VARPNT_AND_YA                ; YES, SAME VARIABLE NAME
 3412 T:e072  88                                 dey                    ; NO, BUMP TO NEXT NAME
 3413 T:e073  18                       L_PTRGET4_13 clc 
 3414 T:e074  a5 9b                              lda LOWTR
 3415 T:e076  69 07                              adc #7
 3416 T:e078  90 e1                              bcc L_PTRGET4_11
 3417 T:e07a  e8                                 inx 
 3418 T:e07b  d0 dc                              bne L_PTRGET4_10             ; ...ALWAYS
 3419 T:e07d                                    ; --------------------------------
 3420 T:e07d                                    ; CHECK IF (A) IS ASCII LETTER A-Z
 3421 T:e07d                                    ; 
 3422 T:e07d                                    ; RETURN CARRY = 1 IF A-Z
 3423 T:e07d                                    ; = 0 IF NOT
 3424 T:e07d                                    ; 
 3425 T:e07d                                    ; <<<NOTE FASTER AND SHORTER CODE:    >>>
 3426 T:e07d                                    ; <<<    CMP #LOCHAR(`Z')+1  COMPARE HI END
 3427 T:e07d                                    ; <<<    BCS L_PTRGET4_1      ABOVE A-Z
 3428 T:e07d                                    ; <<<    CMP #LOCHAR(`A')    COMPARE LO END
 3429 T:e07d                                    ; <<<    RTS         C=0 IF LO, C=1 IF A-Z
 3430 T:e07d                                    ; <<<L_PTRGET4_1  CLC         C=0 IF HI
 3431 T:e07d                                    ; <<<    RTS
 3432 T:e07d                                    ; --------------------------------
 3433 T:e07d  c9 41                    ISLETC    cmp #("A"&%01111111)  ; COMPARE LO END
 3434 T:e07f  90 05                              bcc L_ISLETC_1                ; C=0 IF LOW
 3435 T:e081  e9 5b                              sbc #("Z"&%01111111)+1; PREPARE HI END TEST
 3436 T:e083  38                                 sec                    ; TEST HI END, RESTORING (A)
 3437 T:e084  e9 a5                              sbc #255-'Z'       ; C=0 IF LO, C=1 IF A-Z
 3438 T:e086  60                       L_ISLETC_1 rts 
 3439 T:e087                                    ; --------------------------------
 3440 T:e087                                    ; VARIABLE NOT FOUND, SO MAKE ONE
 3441 T:e087                                    ; --------------------------------
 3442 T:e087                           NAME_NOT_FOUND 
 3443 T:e087  68                                 pla                    ; LOOK AT RETURN ADDRESS ON STACK TO
 3444 T:e088  48                                 pha                    ; SEE IF CALLED FROM FRM.VARIABLE
 3445 T:e089  c9 d7                              cmp #<FRM_VARIABLE_CALL
 3446 T:e08b  d0 0f                              bne MAKE_NEW_VARIABLE                ; NO
 3447 T:e08d  ba                                 tsx 
 3448 T:e08e  bd 02 01                           lda STACK+2,X
 3449 T:e091  c9 0e                              cmp #>FRM_VARIABLE_CALL
 3450 T:e093  d0 07                              bne MAKE_NEW_VARIABLE                ; NO
 3451 T:e095  a9 9a                              lda #<C_ZERO              ; YES, CALLED FROM FRM.VARIABLE
 3452 T:e097  a0 10                              ldy #>C_ZERO              ; POINT TO A CONSTANT ZERO
 3453 T:e099  60                                 rts                    ; NEW VARIABLE USED IN EXPRESSION = 0
 3454 T:e09a                                    ; --------------------------------
 3455 T:e09a  00 00                    C_ZERO    .byt 0,0     ; INTEGER OR REAL ZERO, OR NULL STRING
 3456 T:e09c                                    ; --------------------------------
 3457 T:e09c                                    ; MAKE A NEW SIMPLE VARIABLE
 3458 T:e09c                                    ; 
 3459 T:e09c                                    ; MOVE ARRAYS UP 7 BYTES TO MAKE ROOM FOR NEW VARIABLE
 3460 T:e09c                                    ; ENTER 7-BYTE VARIABLE DATA IN THE HOLE
 3461 T:e09c                                    ; --------------------------------
 3462 T:e09c                           MAKE_NEW_VARIABLE 
 3463 T:e09c  a5 6b                              lda ARYTAB                ; SET UP CALL TO BLTU TO
 3464 T:e09e  a4 6c                              ldy ARYTAB+1          ; TO MOVE FROM ARYTAB THRU STREND-1
 3465 T:e0a0  85 9b                              sta LOWTR                ; 7 BYTES HIGHER
 3466 T:e0a2  84 9c                              sty LOWTR+1          ; 
 3467 T:e0a4  a5 6d                              lda STREND                ; 
 3468 T:e0a6  a4 6e                              ldy STREND+1          ; 
 3469 T:e0a8  85 96                              sta HIGHTR                ; 
 3470 T:e0aa  84 97                              sty HIGHTR+1          ; 
 3471 T:e0ac  18                                 clc                    ; 
 3472 T:e0ad  69 07                              adc #7             ; 
 3473 T:e0af  90 01                              bcc L_MAKE_NEW_VARIABLE_1                ; 
 3474 T:e0b1  c8                                 iny                    ; 
 3475 T:e0b2  85 94                    L_MAKE_NEW_VARIABLE_1 sta ARYPNT             ; 
 3476 T:e0b4  84 95                              sty ARYPNT+1          ; 
 3477 T:e0b6  20 93 03                           jsr BLTU             ; MOVE ARRAY BLOCK UP
 3478 T:e0b9  a5 94                              lda ARYPNT                ; STORE NEW START OF ARRAYS
 3479 T:e0bb  a4 95                              ldy ARYPNT+1          ; 
 3480 T:e0bd  c8                                 iny                    ; 
 3481 T:e0be  85 6b                              sta ARYTAB                ; 
 3482 T:e0c0  84 6c                              sty ARYTAB+1          ; 
 3483 T:e0c2  a0 00                              ldy #0             ; 
 3484 T:e0c4  a5 81                              lda VARNAM                ; FIRST CHAR OF NAME
 3485 T:e0c6  91 9b                              sta (LOWTR),Y                   ; 
 3486 T:e0c8  c8                                 iny                    ; 
 3487 T:e0c9  a5 82                              lda VARNAM+1          ; SECOND CHAR OF NAME
 3488 T:e0cb  91 9b                              sta (LOWTR),Y                   ; 
 3489 T:e0cd  a9 00                              lda #0             ; SET FIVE-BYTE VALUE TO 0
 3490 T:e0cf  c8                                 iny                    ; 
 3491 T:e0d0  91 9b                              sta (LOWTR),Y                   ; 
 3492 T:e0d2  c8                                 iny                    ; 
 3493 T:e0d3  91 9b                              sta (LOWTR),Y                   ; 
 3494 T:e0d5  c8                                 iny                    ; 
 3495 T:e0d6  91 9b                              sta (LOWTR),Y                   ; 
 3496 T:e0d8  c8                                 iny                    ; 
 3497 T:e0d9  91 9b                              sta (LOWTR),Y                   ; 
 3498 T:e0db  c8                                 iny                    ; 
 3499 T:e0dc  91 9b                              sta (LOWTR),Y                   ; 
 3500 T:e0de                                    ; --------------------------------
 3501 T:e0de                                    ; PUT ADDRESS OF VALUE OF VARIABLE IN VARPNT AND Y,A
 3502 T:e0de                                    ; --------------------------------
 3503 T:e0de                           SET_VARPNT_AND_YA                  ; 
 3504 T:e0de  a5 9b                              lda LOWTR                ; LOWTR POINTS AT NAME OF VARIABLE,
 3505 T:e0e0  18                                 clc                    ; SO ADD 2 TO GET TO VALUE
 3506 T:e0e1  69 02                              adc #2             ; 
 3507 T:e0e3  a4 9c                              ldy LOWTR+1          ; 
 3508 T:e0e5  90 01                              bcc L_SET_VARPNT_AND_YA_1                ; 
 3509 T:e0e7  c8                                 iny                    ; 
 3510 T:e0e8  85 83                    L_SET_VARPNT_AND_YA_1 sta VARPNT             ; ADDRESS IN VARPNT AND Y,A
 3511 T:e0ea  84 84                              sty VARPNT+1          ; 
 3512 T:e0ec  60                                 rts                    ; 
 3513 T:e0ed                                    ; --------------------------------
 3514 T:e0ed                                    ; COMPUTE ADDRESS OF FIRST VALUE IN ARRAY
 3515 T:e0ed                                    ; ARYPNT = (LOWTR) + #DIMS*2 + 5
 3516 T:e0ed                                    ; --------------------------------
 3517 T:e0ed  a5 0f                    GETARY    lda NUMDIM             ; GET # OF DIMENSIONS
 3518 T:e0ef                                    ; --------------------------------
 3519 T:e0ef                           GETARY2                    ; 
 3520 T:e0ef  0a                                 asl                    ; #DIMS*2 (SIZE OF EACH DIM IN 2 BYTES)
 3521 T:e0f0  69 05                              adc #5             ; + 5 (2 FOR NAME, 2 FOR OFFSET TO NEXT
 3522 T:e0f2                                    ; ARRAY, AND 1 FOR #DIMS
 3523 T:e0f2  65 9b                              adc LOWTR                ; ADDRESS OF TH IS ARRAY IN ARYTAB
 3524 T:e0f4  a4 9c                              ldy LOWTR+1          ; 
 3525 T:e0f6  90 01                              bcc L_GETARY2_1                ; 
 3526 T:e0f8  c8                                 iny                    ; 
 3527 T:e0f9  85 94                    L_GETARY2_1 sta ARYPNT             ; ADDRESS OF FIRST VALUE IN ARRAY
 3528 T:e0fb  84 95                              sty ARYPNT+1          ; 
 3529 T:e0fd  60                                 rts                    ; 
 3530 T:e0fe                                    ; --------------------------------

 3532 T:e0fe  90 80 00 00              NEG32768  .byt $90,$80,$00,$00; -32768.00049 IN FLOATING POINT
 3533 T:e102                                    ; <<<  MEANT TO BE -32768, WHICH WOULD BE 9080000000 >>>
 3534 T:e102                                    ; <<<  1 BYTE SHORT, SO PICKS UP $20 FROM NEXT INSTRUCTION
 3535 T:e102                                    ; --------------------------------
 3536 T:e102                                    ; EVALUATE NUMERIC FORMULA AT TXTPTR
 3537 T:e102                                    ; CONVERTING RESULT TO INTEGER 0 <= X <= 32767
 3538 T:e102                                    ; IN FAC+3,4
 3539 T:e102                                    ; --------------------------------
 3540 T:e102  20 b1 00                 MAKINT    jsr CHRGET
 3541 T:e105  20 67 0d                           jsr FRMNUM
 3542 T:e108                                    ; --------------------------------
 3543 T:e108                                    ; CONVERT FAC TO INTEGER
 3544 T:e108                                    ; MUST BE POSITIVE AND LESS THAN 32768
 3545 T:e108                                    ; --------------------------------
 3546 T:e108  a5 a2                    MKINT     lda FAC_SIGN             ; ERROR IF -
 3547 T:e10a  30 0d                              bmi MI1
 3548 T:e10c                                    ; --------------------------------
 3549 T:e10c                                    ; CONVERT FAC TO INTEGER
 3550 T:e10c                                    ; MUST BE -32767 <= FAC <= 32767
 3551 T:e10c                                    ; --------------------------------
 3552 T:e10c  a5 9d                    AYINT     lda FAC             ; EXPONENT OF VALUE IN FAC
 3553 T:e10e  c9 90                              cmp #$90             ; ABS(VALUE) < 32768?
 3554 T:e110  90 09                              bcc MI2                ; YES, OK FOR INTEGER
 3555 T:e112  a9 fe                              lda #<NEG32768           ; NO; NEXT FEW LINES ARE SUPPOSED TO
 3556 T:e114  a0 10                              ldy #>NEG32768           ; ALLOW -32768 ($8000), BUT DO NOT!
 3557 T:e116  20 b2 1b                           jsr FCOMP                ; BECAUSE COMPARED TO -32768.00049
 3558 T:e119                                    ; <<< BUG:  A=-32768.00049:A%=A IS ACCEPTED >>>
 3559 T:e119                                    ; <<<       BUT PRINT A,A% SHOWS THAT       >>>
 3560 T:e119                                    ; <<<       A=-32768.0005 (OK), A%=32767    >>>
 3561 T:e119                                    ; <<<       WRONG! WRONG! WRONG!            >>>
 3562 T:e119                                    ; --------------------------------
 3563 T:e119  d0 7e                    MI1       bne IQERR             ; ILLEGAL QUANTITY
 3564 T:e11b  4c f2 1b                 MI2       jmp QINT             ; CONVERT TO INTEGER
 3565 T:e11e                                    ; --------------------------------
 3566 T:e11e                                    ; LOCATE ARRAY ELEMENT OR CREATE AN ARRAY
 3567 T:e11e                                    ; --------------------------------
 3568 T:e11e  a5 14                    ARRAY     lda SUBFLG             ; SUBSCRIPTS GIVEN?
 3569 T:e120  d0 47                              bne L_ARRAY_2                ; NO
 3570 T:e122                                    ; --------------------------------
 3571 T:e122                                    ; PARSE THE SUBSCRIPT LIST
 3572 T:e122                                    ; --------------------------------
 3573 T:e122  a5 10                              lda DIMFLG                ; YES
 3574 T:e124  05 12                              ora VALTYP+1          ; SET HIGH BIT IF %
 3575 T:e126  48                                 pha                    ; SAVE VALTYP AND DIMFLG ON STACK
 3576 T:e127  a5 11                              lda VALTYP                ; 
 3577 T:e129  48                                 pha                    ; 
 3578 T:e12a  a0 00                              ldy #0             ; COUNT # DIMENSIONS IN Y-REG
 3579 T:e12c  98                       L_ARRAY_1 tya                 ; SAVE #DIMS ON STACK
 3580 T:e12d  48                                 pha                    ; 
 3581 T:e12e  a5 82                              lda VARNAM+1          ; SAVE VARIABLE NAME ON STACK
 3582 T:e130  48                                 pha                    ; 
 3583 T:e131  a5 81                              lda VARNAM                ; 
 3584 T:e133  48                                 pha                    ; 
 3585 T:e134  20 02 11                           jsr MAKINT             ; EVALUATE SUBSCRIPT AS INTEGER
 3586 T:e137  68                                 pla                    ; RESTORE VARIABLE NAME
 3587 T:e138  85 81                              sta VARNAM                ; 
 3588 T:e13a  68                                 pla                    ; 
 3589 T:e13b  85 82                              sta VARNAM+1          ; 
 3590 T:e13d  68                                 pla                    ; RESTORE # DIMS TO Y-REG
 3591 T:e13e  a8                                 tay                    ; 
 3592 T:e13f  ba                                 tsx                    ; COPY VALTYP AND DIMFLG ON STACK
 3593 T:e140  bd 02 01                           lda STACK+2,X                   ; TO LEAVE ROOM FOR THE SUBSCRIPT
 3594 T:e143  48                                 pha                    ; 
 3595 T:e144  bd 01 01                           lda STACK+1,X                   ; 
 3596 T:e147  48                                 pha                    ; 
 3597 T:e148  a5 a0                              lda FAC+3          ; GET SUBSCRIPT VALUE AND PLACE IN THE
 3598 T:e14a  9d 02 01                           sta STACK+2,X                   ; STACK WHERE VALTYP & DIMFLG WERE
 3599 T:e14d  a5 a1                              lda FAC+4          ; 
 3600 T:e14f  9d 01 01                           sta STACK+1,X                   ; 
 3601 T:e152  c8                                 iny                    ; COUNT THE SUBSCRIPT
 3602 T:e153  20 b7 00                           jsr CHRGOT                ; NEXT CHAR
 3603 T:e156  c9 2c                              cmp #(","&%01111111)     ; 
 3604 T:e158  f0 d2                              beq L_ARRAY_1             ; COMMA, PARSE ANOTHER SUBSCRIPT
 3605 T:e15a  84 0f                              sty NUMDIM                ; NO MORE SUBSCRIPTS, SAVE #
 3606 T:e15c  20 b8 0e                           jsr CHKCLS             ; NOW NEED ")"
 3607 T:e15f  68                                 pla                    ; RESTORE VALTYPE AND DIMFLG
 3608 T:e160  85 11                              sta VALTYP                ; 
 3609 T:e162  68                                 pla                    ; 
 3610 T:e163  85 12                              sta VALTYP+1          ; 
 3611 T:e165  29 7f                              and #$7f             ; ISOLATE DIMFLG
 3612 T:e167  85 10                              sta DIMFLG                ; 
 3613 T:e169                                    ; --------------------------------
 3614 T:e169                                    ; SEARCH ARRAY TABLE FOR THIS ARRAY NAME
 3615 T:e169                                    ; --------------------------------
 3616 T:e169  a6 6b                    L_ARRAY_2 ldx ARYTAB             ; (A,X) = START OF ARRAY TABLE
 3617 T:e16b  a5 6c                              lda ARYTAB+1          ; 
 3618 T:e16d  86 9b                    L_ARRAY_3 stx LOWTR             ; USE LOWTR FOR RUNNING POINTER
 3619 T:e16f  85 9c                              sta LOWTR+1          ; 
 3620 T:e171  c5 6e                              cmp STREND+1          ; DID WE REACH THE END OF ARRAYS YET?
 3621 T:e173  d0 04                              bne L_ARRAY_4                ; NO, KEEP SEARCHING
 3622 T:e175  e4 6d                              cpx STREND                ; 
 3623 T:e177  f0 3f                              beq MAKE_NEW_ARRAY                ; YES, THIS IS A NEW ARRAY NAME
 3624 T:e179  a0 00                    L_ARRAY_4 ldy #0          ; POINT AT 1ST CHAR OF ARRAY NAME
 3625 T:e17b  b1 9b                              lda (LOWTR),Y                   ; GET 1ST CHAR OF NAME
 3626 T:e17d  c8                                 iny                    ; POINT AT 2ND CHAR
 3627 T:e17e  c5 81                              cmp VARNAM                ; 1ST CHAR SAME?
 3628 T:e180  d0 06                              bne L_ARRAY_5                ; NO, MOVE TO NEXT ARRAY
 3629 T:e182  a5 82                              lda VARNAM+1          ; YES, TRY 2ND CHAR
 3630 T:e184  d1 9b                              cmp (LOWTR),Y                   ; SAME?
 3631 T:e186  f0 16                              beq USE_OLD_ARRAY                ; YES, ARRAY FOUND
 3632 T:e188  c8                       L_ARRAY_5 iny                 ; POINT AT OFFSET TO NEXT ARRAY
 3633 T:e189  b1 9b                              lda (LOWTR),Y                   ; ADD OFFSET TO RUNNING POINTER
 3634 T:e18b  18                                 clc 
 3635 T:e18c  65 9b                              adc LOWTR
 3636 T:e18e  aa                                 tax 
 3637 T:e18f  c8                                 iny 
 3638 T:e190  b1 9b                              lda (LOWTR),Y
 3639 T:e192  65 9c                              adc LOWTR+1
 3640 T:e194  90 d7                              bcc L_ARRAY_3             ; ...ALWAYS
 3641 T:e196                                    ; --------------------------------
 3642 T:e196                                    ; ERROR:  BAD SUBSCRIPTS
 3643 T:e196                                    ; --------------------------------
 3644 T:e196  a2 6b                    SUBERR    ldx #ERR_BADSUBS
 3645 T:e198  2c                                 .byt $2c              ; TRICK TO SKIP NEXT LINE
 3646 T:e199                                    ; --------------------------------
 3647 T:e199                                    ; ERROR:  ILLEGAL QUANTITY
 3648 T:e199                                    ; --------------------------------
 3649 T:e199  a2 35                    IQERR     ldx #ERR_ILLQTY
 3650 T:e19b  4c 12 04                 JER       jmp ERROR
 3651 T:e19e                                    ; --------------------------------
 3652 T:e19e                                    ; FOUND THE ARRAY
 3653 T:e19e                                    ; --------------------------------
 3654 T:e19e                           USE_OLD_ARRAY 
 3655 T:e19e  a2 78                              ldx #ERR_REDIMD               ; SET UP FOR REDIM'D ARRAY ERROR
 3656 T:e1a0  a5 10                              lda DIMFLG                ; CALLED FROM "DIM" STATEMENT?
 3657 T:e1a2  d0 f7                              bne JER             ; YES, ERROR
 3658 T:e1a4  a5 14                              lda SUBFLG                ; NO, CHECK IF ANY SUBSCRIPTS
 3659 T:e1a6  f0 02                              beq L_USE_OLD_ARRAY_1                ; YES, NEED TO CHECK THE NUMBER
 3660 T:e1a8  38                                 sec                    ; NO, SIGNAL ARRAY FOUND
 3661 T:e1a9  60                                 rts 
 3662 T:e1aa                                    ; --------------------------------
 3663 T:e1aa  20 ed 10                 L_USE_OLD_ARRAY_1 jsr GETARY          ; SET (ARYPNT) = ADDR OF FIRST ELEMENT
 3664 T:e1ad  a5 0f                              lda NUMDIM                ; COMPARE NUMBER OF DIMENSIONS
 3665 T:e1af  a0 04                              ldy #4
 3666 T:e1b1  d1 9b                              cmp (LOWTR),Y
 3667 T:e1b3  d0 e1                              bne SUBERR             ; NOT SAME, SUBSCRIPT ERROR
 3668 T:e1b5  4c 4b 12                           jmp FIND_ARRAY_ELEMENT
 3669 T:e1b8                                    ; --------------------------------
 3670 T:e1b8                                    ; --------------------------------
 3671 T:e1b8                                    ; CREATE A NEW ARRAY, UNLESS CALLED FROM GETARYPT
 3672 T:e1b8                                    ; --------------------------------
 3673 T:e1b8                           MAKE_NEW_ARRAY 
 3674 T:e1b8  a5 14                              lda SUBFLG                ; CALLED FROM GETARYPT?
 3675 T:e1ba  f0 05                              beq L_MAKE_NEW_ARRAY_1                ; NO
 3676 T:e1bc  a2 2a                              ldx #ERR_NODATA               ; YES, GIVE "OUT OF DATA" ERROR
 3677 T:e1be  4c 12 04                           jmp ERROR
 3678 T:e1c1  20 ed 10                 L_MAKE_NEW_ARRAY_1 jsr GETARY          ; PUT ADDR OF 1ST ELEMENT IN ARYPNT
 3679 T:e1c4  20 e3 03                           jsr REASON             ; MAKE SURE ENOUGH MEMORY LEFT
 3680 T:e1c7                                    ; --------------------------------
 3681 T:e1c7                                    ; <<< NEXT 3 LINES COULD BE WRITTEN:   >>>
 3682 T:e1c7                                    ; LDY #0
 3683 T:e1c7                                    ; STY STRNG2+1
 3684 T:e1c7                                    ; --------------------------------
 3685 T:e1c7  a9 00                              lda #0             ; POINT Y-REG AT VARIABLE NAME SLOT
 3686 T:e1c9  a8                                 tay                    ; 
 3687 T:e1ca  85 ae                              sta STRNG2+1          ; START SIZE COMPUTATION
 3688 T:e1cc  a2 05                              ldx #5             ; ASSUME 5-BYTES PER ELEMENT
 3689 T:e1ce  a5 81                              lda VARNAM                ; STUFF VARIABLE NAME IN ARRAY
 3690 T:e1d0  91 9b                              sta (LOWTR),Y                   ; 
 3691 T:e1d2  10 01                              bpl L_MAKE_NEW_ARRAY_2                ; NOT INTEGER ARRAY
 3692 T:e1d4  ca                                 dex                    ; INTEGER ARRAY, DECR. SIZE TO 4-BYTES
 3693 T:e1d5  c8                       L_MAKE_NEW_ARRAY_2 iny                 ; POINT Y-REG AT NEXT CHAR OF NAME
 3694 T:e1d6  a5 82                              lda VARNAM+1          ; REST OF ARRAY NAME
 3695 T:e1d8  91 9b                              sta (LOWTR),Y                   ; 
 3696 T:e1da  10 02                              bpl L_MAKE_NEW_ARRAY_3                ; REAL ARRAY, STICK WITH SIZE = 5 BYTES
 3697 T:e1dc  ca                                 dex                    ; INTEGER OR STRING ARRAY, ADJUST SIZE
 3698 T:e1dd  ca                                 dex                    ; TO INTEGER=3, STRING=2 BYTES
 3699 T:e1de  86 ad                    L_MAKE_NEW_ARRAY_3 stx STRNG2             ; STORE LOW-BYTE OF ARRAY ELEMENT SIZE
 3700 T:e1e0  a5 0f                              lda NUMDIM                ; STORE NUMBER OF DIMENSIONS
 3701 T:e1e2  c8                                 iny                    ; IN 5TH BYTE OF ARRAY
 3702 T:e1e3  c8                                 iny                    ; 
 3703 T:e1e4  c8                                 iny                    ; 
 3704 T:e1e5  91 9b                              sta (LOWTR),Y                   ; 
 3705 T:e1e7  a2 0b                    L_MAKE_NEW_ARRAY_4 ldx #11          ; DEFAULT DIMENSION = 11 ELEMENTS
 3706 T:e1e9  a9 00                              lda #0             ; FOR HI-BYTE OF DIMENSION IF DEFAULT
 3707 T:e1eb  24 10                              bit DIMFLG                ; DIMENSIONED ARRAY?
 3708 T:e1ed  50 08                              bvc L_MAKE_NEW_ARRAY_5                ; NO, USE DEFAULT VALUE
 3709 T:e1ef  68                                 pla                    ; GET SPECIFIED DIM IN A,X
 3710 T:e1f0  18                                 clc                    ; # ELEMENTS IS 1 LARGER THAN
 3711 T:e1f1  69 01                              adc #1             ; DIMENSION VALUE
 3712 T:e1f3  aa                                 tax                    ; 
 3713 T:e1f4  68                                 pla                    ; 
 3714 T:e1f5  69 00                              adc #0             ; 
 3715 T:e1f7  c8                       L_MAKE_NEW_ARRAY_5 iny                 ; ADD THIS DIMENSION TO ARRAY DESCRIPTOR
 3716 T:e1f8  91 9b                              sta (LOWTR),Y
 3717 T:e1fa  c8                                 iny 
 3718 T:e1fb  8a                                 txa 
 3719 T:e1fc  91 9b                              sta (LOWTR),Y
 3720 T:e1fe  20 ad 12                           jsr MULTIPLY_SUBSCRIPT                ; MULTIPLY THIS
 3721 T:e201                                    ; DIMENSION BY RUNNING SIZE
 3722 T:e201                                    ; ((LOWTR)) * (STRNG2) --> A,X
 3723 T:e201  86 ad                              stx STRNG2                ; STORE RUNNING SIZE IN STRNG2
 3724 T:e203  85 ae                              sta STRNG2+1          ; 
 3725 T:e205  a4 5e                              ldy INDEX                ; RETRIEVE Y SAVED BY MULTIPLY.SUBSCRIPT
 3726 T:e207  c6 0f                              dec NUMDIM                ; COUNT DOWN # DIMS
 3727 T:e209  d0 dc                              bne L_MAKE_NEW_ARRAY_4             ; LOOP TILL DONE
 3728 T:e20b                                    ; --------------------------------
 3729 T:e20b                                    ; NOW A,X HAS TOTAL # BYTES OF ARRAY ELEMENTS
 3730 T:e20b                                    ; --------------------------------
 3731 T:e20b  65 95                              adc ARYPNT+1          ; COMPUTE ADDRESS OF END OF THIS ARRAY
 3732 T:e20d  b0 5d                              bcs GME                ; ...TOO LARGE, ERROR
 3733 T:e20f  85 95                              sta ARYPNT+1          ; 
 3734 T:e211  a8                                 tay                    ; 
 3735 T:e212  8a                                 txa                    ; 
 3736 T:e213  65 94                              adc ARYPNT                ; 
 3737 T:e215  90 03                              bcc L_MAKE_NEW_ARRAY_6                ; 
 3738 T:e217  c8                                 iny                    ; 
 3739 T:e218  f0 52                              beq GME                ; ...TOO LARGE, ERROR
 3740 T:e21a  20 e3 03                 L_MAKE_NEW_ARRAY_6 jsr REASON          ; MAKE SURE THERE IS ROOM UP TO Y,A
 3741 T:e21d  85 6d                              sta STREND                ; THERE IS ROOM SO SAVE NEW END OF TABLE
 3742 T:e21f  84 6e                              sty STREND+1          ; AND ZERO THE ARRAY
 3743 T:e221  a9 00                              lda #0             ; 
 3744 T:e223  e6 ae                              inc STRNG2+1          ; PREPARE FOR FAST ZEROING LOOP
 3745 T:e225  a4 ad                              ldy STRNG2                ; # BYTES MOD 256
 3746 T:e227  f0 05                              beq L_MAKE_NEW_ARRAY_8                ; FULL PAGE
 3747 T:e229  88                       L_MAKE_NEW_ARRAY_7 dey                 ; CLEAR PAGE FULL
 3748 T:e22a  91 94                              sta (ARYPNT),Y
 3749 T:e22c  d0 fb                              bne L_MAKE_NEW_ARRAY_7
 3750 T:e22e  c6 95                    L_MAKE_NEW_ARRAY_8 dec ARYPNT+1       ; POINT TO NEXT PAGE
 3751 T:e230  c6 ae                              dec STRNG2+1          ; COUNT THE PAGES
 3752 T:e232  d0 f5                              bne L_MAKE_NEW_ARRAY_7             ; STILL MORE TO CLEAR
 3753 T:e234  e6 95                              inc ARYPNT+1          ; RECOVER LAST DEC, POINT AT 1ST ELEMENT
 3754 T:e236  38                                 sec                    ; 
 3755 T:e237  a5 6d                              lda STREND                ; COMPUTE OFFSET TO END OF ARRAYS
 3756 T:e239  e5 9b                              sbc LOWTR                ; AND STORE IN ARRAY DESCRIPTOR
 3757 T:e23b  a0 02                              ldy #2             ; 
 3758 T:e23d  91 9b                              sta (LOWTR),Y                   ; 
 3759 T:e23f  a5 6e                              lda STREND+1          ; 
 3760 T:e241  c8                                 iny                    ; 
 3761 T:e242  e5 9c                              sbc LOWTR+1          ; 
 3762 T:e244  91 9b                              sta (LOWTR),Y                   ; 
 3763 T:e246  a5 10                              lda DIMFLG                ; WAS THIS CALLED FROM "DIM" STATEMENT?
 3764 T:e248  d0 62                              bne RTS_9                ; YES, WE ARE FINISHED
 3765 T:e24a  c8                                 iny                    ; NO, NOW NEED TO FIND THE ELEMENT
 3766 T:e24b                                    ; --------------------------------
 3767 T:e24b                                    ; FIND SPECIFIED ARRAY ELEMENT
 3768 T:e24b                                    ; 
 3769 T:e24b                                    ; (LOWTR),Y POINTS AT # OF DIMS IN ARRAY DESCRIPTOR
 3770 T:e24b                                    ; THE SUBSCRIPTS ARE ALL ON THE STACK AS INTEGERS
 3771 T:e24b                                    ; --------------------------------
 3772 T:e24b                           FIND_ARRAY_ELEMENT 
 3773 T:e24b  b1 9b                              lda (LOWTR),Y                   ; GET # OF DIMENSIONS
 3774 T:e24d  85 0f                              sta NUMDIM                ; 
 3775 T:e24f  a9 00                              lda #0             ; ZERO SUBSCRIPT ACCUMULATOR
 3776 T:e251  85 ad                              sta STRNG2                ; 
 3777 T:e253  85 ae                    FAE_1     sta STRNG2+1       ; 
 3778 T:e255  c8                                 iny                    ; 
 3779 T:e256  68                                 pla                    ; PULL NEXT SUBSCRIPT FROM STACK
 3780 T:e257  aa                                 tax                    ; SAVE IN FAC+3,4
 3781 T:e258  85 a0                              sta FAC+3          ; AND COMPARE WITH DIMENSIONED SIZE
 3782 T:e25a  68                                 pla                    ; 
 3783 T:e25b  85 a1                              sta FAC+4          ; 
 3784 T:e25d  d1 9b                              cmp (LOWTR),Y                   ; 
 3785 T:e25f  90 0e                              bcc FAE_2                ; SUBSCRIPT NOT TOO LARGE
 3786 T:e261  d0 06                              bne GSE                ; SUBSCRIPT IS TOO LARGE
 3787 T:e263  c8                                 iny                    ; CHECK LOW-BYTE OF SUBSCRIPT
 3788 T:e264  8a                                 txa                    ; 
 3789 T:e265  d1 9b                              cmp (LOWTR),Y                   ; 
 3790 T:e267  90 07                              bcc FAE_3                ; NOT TOO LARGE
 3791 T:e269                                    ; --------------------------------
 3792 T:e269  4c 96 11                 GSE       jmp SUBERR          ; BAD SUBSCRIPTS ERROR
 3793 T:e26c  4c 10 04                 GME       jmp MEMERR          ; MEM FULL ERROR
 3794 T:e26f                                    ; --------------------------------
 3795 T:e26f  c8                       FAE_2     iny                 ; BUMP POINTER INTO DESCRIPTOR
 3796 T:e270  a5 ae                    FAE_3     lda STRNG2+1       ; BYPASS MULTIPLICATION IF VALUE SO
 3797 T:e272  05 ad                              ora STRNG2                ; FAR = 0
 3798 T:e274  18                                 clc                    ; 
 3799 T:e275  f0 0a                              beq L_FAE_3_1                ; IT IS ZERO SO FAR
 3800 T:e277  20 ad 12                           jsr MULTIPLY_SUBSCRIPT                ; NOT ZERO, SO MULTIPLY
 3801 T:e27a  8a                                 txa                    ; ADD CURRENT SUBSCRIPT
 3802 T:e27b  65 a0                              adc FAC+3          ; 
 3803 T:e27d  aa                                 tax                    ; 
 3804 T:e27e  98                                 tya                    ; 
 3805 T:e27f  a4 5e                              ldy INDEX                ; RETRIEVE Y SAVED BY MULTIPLY.SUBSCRIPT
 3806 T:e281  65 a1                    L_FAE_3_1 adc FAC+4       ; FINISH ADDING CURRENT SUBSCRIPT
 3807 T:e283  86 ad                              stx STRNG2                ; STORE ACCUMULATED OFFSET
 3808 T:e285  c6 0f                              dec NUMDIM                ; LAST SUBSCRIPT YET?
 3809 T:e287  d0 ca                              bne FAE_1             ; NO, LOOP TILL DONE
 3810 T:e289  85 ae                              sta STRNG2+1          ; YES, NOW MULTIPLY BE ELEMENT SIZE
 3811 T:e28b  a2 05                              ldx #5             ; START WITH SIZE = 5
 3812 T:e28d  a5 81                              lda VARNAM                ; DETERMINE VARIABLE TYPE
 3813 T:e28f  10 01                              bpl L_FAE_3_2                ; NOT INTEGER
 3814 T:e291  ca                                 dex                    ; INTEGER, BACK DOWN SIZE TO 4 BYTES
 3815 T:e292  a5 82                    L_FAE_3_2 lda VARNAM+1       ; DISCRIMINATE BETWEEN REAL AND STR
 3816 T:e294  10 02                              bpl L_FAE_3_3                ; IT IS REAL
 3817 T:e296  ca                                 dex                    ; SIZE = 3 IF STRING, =2 IF INTEGER
 3818 T:e297  ca                                 dex                    ; 
 3819 T:e298  86 64                    L_FAE_3_3 stx RESULT+2       ; SET UP MULTIPLIER
 3820 T:e29a  a9 00                              lda #0             ; HI-BYTE OF MULTIPLIER
 3821 T:e29c  20 b6 12                           jsr MULTIPLY_SUBS_1                ; (STRNG2) BY ELEMENT SIZE
 3822 T:e29f  8a                                 txa                    ; ADD ACCUMULATED OFFSET
 3823 T:e2a0  65 94                              adc ARYPNT                ; TO ADDRESS OF 1ST ELEMENT
 3824 T:e2a2  85 83                              sta VARPNT                ; TO GET ADDRESS OF SPECIFIED ELEMENT
 3825 T:e2a4  98                                 tya                    ; 
 3826 T:e2a5  65 95                              adc ARYPNT+1          ; 
 3827 T:e2a7  85 84                              sta VARPNT+1          ; 
 3828 T:e2a9  a8                                 tay                    ; RETURN WITH ADDR IN VARPNT
 3829 T:e2aa  a5 83                              lda VARPNT                ; AND IN Y,A
 3830 T:e2ac  60                       RTS_9     rts                 ; 
 3831 T:e2ad                                    ; --------------------------------
 3832 T:e2ad                                    ; MULTIPLY (STRNG2) BY ((LOWTR),Y)
 3833 T:e2ad                                    ; LEAVING PRODUCT IN A,X.  (HI-BYTE ALSO IN Y.)
 3834 T:e2ad                                    ; USED ONLY BY ARRAY SUBSCRIPT ROUTINES
 3835 T:e2ad                                    ; --------------------------------
 3836 T:e2ad                           MULTIPLY_SUBSCRIPT 
 3837 T:e2ad  84 5e                              sty INDEX                ; SAVE Y-REG
 3838 T:e2af  b1 9b                              lda (LOWTR),Y                   ; GET MULTIPLIER
 3839 T:e2b1  85 64                              sta RESULT+2          ; SAVE IN RESULT+2,3
 3840 T:e2b3  88                                 dey                    ; 
 3841 T:e2b4  b1 9b                              lda (LOWTR),Y                   ; 
 3842 T:e2b6                                    ; --------------------------------
 3843 T:e2b6                           MULTIPLY_SUBS_1                  ; 
 3844 T:e2b6  85 65                              sta RESULT+3          ; LOW BYTE OF MULTIPLIER
 3845 T:e2b8  a9 10                              lda #16             ; MULTIPLY 16 BITS
 3846 T:e2ba  85 99                              sta INDX                ; 
 3847 T:e2bc  a2 00                              ldx #0             ; PRODUCT = 0 INITIALLY
 3848 T:e2be  a0 00                              ldy #0             ; 
 3849 T:e2c0  8a                       L_MULTIPLY_SUBS_1_1 txa                 ; DOUBLE PRODUCT
 3850 T:e2c1  0a                                 asl                    ; LOW BYTE
 3851 T:e2c2  aa                                 tax                    ; 
 3852 T:e2c3  98                                 tya                    ; HIGH BYTE
 3853 T:e2c4  2a                                 rol                    ; IF TOO LARGE, SET CARRY
 3854 T:e2c5  a8                                 tay                    ; 
 3855 T:e2c6  b0 a4                              bcs GME             ; TOO LARGE, "MEM FULL ERROR"
 3856 T:e2c8  06 ad                              asl STRNG2                ; NEXT BIT OF MUTLPLICAND
 3857 T:e2ca  26 ae                              rol STRNG2+1          ; INTO CARRY
 3858 T:e2cc  90 0b                              bcc L_MULTIPLY_SUBS_1_2                ; BIT=0, DON'T NEED TO ADD
 3859 T:e2ce  18                                 clc                    ; BIT=1, ADD INTO PARTIAL PRODUCT
 3860 T:e2cf  8a                                 txa                    ; 
 3861 T:e2d0  65 64                              adc RESULT+2          ; 
 3862 T:e2d2  aa                                 tax                    ; 
 3863 T:e2d3  98                                 tya                    ; 
 3864 T:e2d4  65 65                              adc RESULT+3          ; 
 3865 T:e2d6  a8                                 tay                    ; 
 3866 T:e2d7  b0 93                              bcs GME             ; TOO LARGE, "MEM FULL ERROR"
 3867 T:e2d9  c6 99                    L_MULTIPLY_SUBS_1_2 dec INDX             ; 16-BITS YET?
 3868 T:e2db  d0 e3                              bne L_MULTIPLY_SUBS_1_1             ; NO, KEEP SHUFFLING
 3869 T:e2dd  60                                 rts                    ; YES, PRODUCT IN Y,X AND A,X
 3870 T:e2de                                    ; --------------------------------
 3871 T:e2de                                    ; "FRE" FUNCTION
 3872 T:e2de                                    ; 
 3873 T:e2de                                    ; COLLECTS GARBAGE AND RETURNS # BYTES OF MEMORY LEFT
 3874 T:e2de                                    ; --------------------------------
 3875 T:e2de  a5 11                    FRE       lda VALTYP             ; LOOK AT VALUE OF ARGUMENT
 3876 T:e2e0  f0 03                              beq L_FRE_1                ; =0 MEANS REAL, =$FF MEANS STRING
 3877 T:e2e2  20 00 16                           jsr FREFAC                ; STRING, SO SET IT FREE IS TEMP
 3878 T:e2e5  20 84 14                 L_FRE_1   jsr GARBAG             ; COLLECT ALL THE GARBAGE IN SIGHT
 3879 T:e2e8  38                                 sec                    ; COMPUTE SPACE BETWEEN ARRAYS AND
 3880 T:e2e9  a5 6f                              lda FRETOP                ; STRING TEMP AREA
 3881 T:e2eb  e5 6d                              sbc STREND                ; 
 3882 T:e2ed  a8                                 tay                    ; 
 3883 T:e2ee  a5 70                              lda FRETOP+1          ; 
 3884 T:e2f0  e5 6e                              sbc STREND+1          ; FREE SPACE IN Y,A
 3885 T:e2f2                                    ; FALL INTO GIVAYF TO FLOAT THE VALUE
 3886 T:e2f2                                    ; NOTE THAT VALUES OVER 32767 WILL RETURN AS NEGATIVE
 3887 T:e2f2                                    ; --------------------------------
 3888 T:e2f2                                    ; FLOAT THE SIGNED INTEGER IN A,Y
 3889 T:e2f2                                    ; --------------------------------
 3890 T:e2f2  a2 00                    GIVAYF    ldx #0          ; MARK FAC VALUE TYPE REAL
 3891 T:e2f4  86 11                              stx VALTYP                ; 
 3892 T:e2f6  85 9e                              sta FAC+1          ; SAVE VALUE FROM A,Y IN MANTISSA
 3893 T:e2f8  84 9f                              sty FAC+2          ; 
 3894 T:e2fa  a2 90                              ldx #$90             ; SET EXPONENT TO 2^16
 3895 T:e2fc  4c 9b 1b                           jmp FLOAT_1                ; CONVERT TO SIGNED FP
 3896 T:e2ff                                    ; --------------------------------
 3897 T:e2ff                                    ; "POS" FUNCTION
 3898 T:e2ff                                    ; 
 3899 T:e2ff                                    ; RETURNS CURRENT LINE POSITION FROM MON.CH
 3900 T:e2ff                                    ; --------------------------------
 3901 T:e2ff  a4 24                    POS       ldy MON_CH             ; GET A,Y = (MON.CH, GO TO GIVAYF
 3902 T:e301                                    ; --------------------------------
 3903 T:e301                                    ; FLOAT (Y) INTO FAC, GIVING VALUE 0-255
 3904 T:e301                                    ; --------------------------------
 3905 T:e301  a9 00                    SNGFLT    lda #0          ; MSB = 0
 3906 T:e303  38                                 sec                    ; <<< NO PURPOSE WHATSOEVER >>>
 3907 T:e304  f0 ec                              beq GIVAYF             ; ...ALWAYS
 3908 T:e306                                    ; --------------------------------
 3909 T:e306                                    ; CHECK FOR DIRECT OR RUNNING MODE
 3910 T:e306                                    ; GIVING ERROR IF DIRECT MODE
 3911 T:e306                                    ; --------------------------------
 3912 T:e306  a6 76                    ERRDIR    ldx CURLIN+1       ; =$FF IF DIRECT MODE
 3913 T:e308  e8                                 inx                    ; MAKES $FF INTO ZERO
 3914 T:e309  d0 a1                              bne RTS_9             ; RETURN IF RUNNING MODE
 3915 T:e30b  a2 95                              ldx #ERR_ILLDIR               ; DIRECT MODE, GIVE ERROR
 3916 T:e30d  2c                                 .byt $2c              ; TRICK TO SKIP NEXT 2 BYTES
 3917 T:e30e                                    ; --------------------------------
 3918 T:e30e  a2 e0                    UNDFNC    ldx #ERR_UNDEFFUNC            ; UNDEFINDED FUNCTION ERROR
 3919 T:e310  4c 12 04                           jmp ERROR
 3920 T:e313                                    ; --------------------------------
 3921 T:e313                                    ; "DEF" STATEMENT
 3922 T:e313                                    ; --------------------------------
 3923 T:e313  20 41 13                 DEF       jsr FNC_             ; PARSE "FN", FUNCTION NAME
 3924 T:e316  20 06 13                           jsr ERRDIR             ; ERROR IF IN DIRECT MODE
 3925 T:e319  20 bb 0e                           jsr CHKOPN             ; NEED "("
 3926 T:e31c  a9 80                              lda #$80             ; FLAG PTRGET THAT CALLED FROM "DEF FN"
 3927 T:e31e  85 14                              sta SUBFLG                ; ALLOW ONLY SIMPLE FP VARIABLE FOR ARG
 3928 T:e320  20 e3 0f                           jsr PTRGET             ; GET PNTR TO ARGUMENT
 3929 T:e323  20 6a 0d                           jsr CHKNUM             ; MUST BE NUMERIC
 3930 T:e326  20 b8 0e                           jsr CHKCLS             ; MUST HAVE ")" NOW
 3931 T:e329  a9 d0                              lda #TOKENEQUUAL               ; NOW NEED "="
 3932 T:e32b  20 c0 0e                           jsr SYNCHR             ; OR ELSE SYNTAX ERROR
 3933 T:e32e  48                                 pha                    ; SAVE CHAR AFTER "="
 3934 T:e32f  a5 84                              lda VARPNT+1          ; SAVE PNTR TO ARGUMENT
 3935 T:e331  48                                 pha 
 3936 T:e332  a5 83                              lda VARPNT
 3937 T:e334  48                                 pha 
 3938 T:e335  a5 b9                              lda TXTPTR+1          ; SAVE TXTPTR
 3939 T:e337  48                                 pha 
 3940 T:e338  a5 b8                              lda TXTPTR
 3941 T:e33a  48                                 pha 
 3942 T:e33b  20 95 09                           jsr DATA             ; SCAN TO NEXT STATEMENT
 3943 T:e33e  4c af 13                           jmp FNCDATA                ; STORE ABOVE 5 BYTES IN "VALUE"
 3944 T:e341                                    ; --------------------------------
 3945 T:e341                                    ; COMMON ROUTINE FOR "DEFFN" AND "FN", TO
 3946 T:e341                                    ; PARSE "FN" AND THE FUNCTION NAME
 3947 T:e341                                    ; --------------------------------
 3948 T:e341  a9 c2                    FNC_      lda #TOKEN_FN            ; MUST NOW SEE "FN" TOKEN
 3949 T:e343  20 c0 0e                           jsr SYNCHR             ; OR ELSE SYNTAX ERROR
 3950 T:e346  09 80                              ora #$80             ; SET SIGN BIT ON 1ST CHAR OF NAME,
 3951 T:e348  85 14                              sta SUBFLG                ; MAKING $C0 < SUBFLG < $DB
 3952 T:e34a  20 ea 0f                           jsr PTRGET3             ; WHICH TELLS PTRGET WHO CALLED
 3953 T:e34d  85 8a                              sta FNCNAM                ; FOUND VALID FUNCTION NAME, SO
 3954 T:e34f  84 8b                              sty FNCNAM+1          ; SAVE ADDRESS
 3955 T:e351  4c 6a 0d                           jmp CHKNUM             ; MUST BE NUMERIC
 3956 T:e354                                    ; --------------------------------
 3957 T:e354                                    ; "FN" FUNCTION CALL
 3958 T:e354                                    ; --------------------------------
 3959 T:e354  20 41 13                 FUNCT     jsr FNC_          ; PARSE "FN", FUNCTION NAME
 3960 T:e357  a5 8b                              lda FNCNAM+1          ; STACK FUNCTION ADDRESS
 3961 T:e359  48                                 pha                    ; IN CASE OF A NESTED FN CALL
 3962 T:e35a  a5 8a                              lda FNCNAM                ; 
 3963 T:e35c  48                                 pha                    ; 
 3964 T:e35d  20 b2 0e                           jsr PARCHK             ; MUST NOW HAVE "(EXPRESSION)"
 3965 T:e360  20 6a 0d                           jsr CHKNUM             ; MUST BE NUMERIC EXPRESSION
 3966 T:e363  68                                 pla                    ; GET FUNCTION ADDRESS BACK
 3967 T:e364  85 8a                              sta FNCNAM                ; 
 3968 T:e366  68                                 pla                    ; 
 3969 T:e367  85 8b                              sta FNCNAM+1          ; 
 3970 T:e369  a0 02                              ldy #2             ; POINT AT ADD OF ARGUMENT VARIABLE
 3971 T:e36b  b1 8a                              lda (FNCNAM),Y
 3972 T:e36d  85 83                              sta VARPNT
 3973 T:e36f  aa                                 tax 
 3974 T:e370  c8                                 iny 
 3975 T:e371  b1 8a                              lda (FNCNAM),Y
 3976 T:e373  f0 99                              beq UNDFNC             ; UNDEFINED FUNCTION
 3977 T:e375  85 84                              sta VARPNT+1
 3978 T:e377  c8                                 iny                    ; Y=4 NOW
 3979 T:e378  b1 83                    L_FUNCT_1 lda (VARPNT),Y                  ; SAVE OLD VALUE OF ARGUMENT VARIABLE
 3980 T:e37a  48                                 pha                    ; ON STACK, IN CASE ALSO USED AS
 3981 T:e37b  88                                 dey                    ; A NORMAL VARIABLE!
 3982 T:e37c  10 fa                              bpl L_FUNCT_1
 3983 T:e37e  a4 84                              ldy VARPNT+1          ; (Y,X)= ADDRESS, STORE FAC IN VARIABLE
 3984 T:e380  20 2b 1b                           jsr STORE_FACDB_YX_ROUNDED
 3985 T:e383  a5 b9                              lda TXTPTR+1          ; REMEMBER TXTPTR AFTER FN CALL
 3986 T:e385  48                                 pha 
 3987 T:e386  a5 b8                              lda TXTPTR
 3988 T:e388  48                                 pha 
 3989 T:e389  b1 8a                              lda (FNCNAM),Y                  ; Y=0 FROM MOVMF
 3990 T:e38b  85 b8                              sta TXTPTR                ; POINT TO FUNCTION DEF'N
 3991 T:e38d  c8                                 iny 
 3992 T:e38e  b1 8a                              lda (FNCNAM),Y
 3993 T:e390  85 b9                              sta TXTPTR+1
 3994 T:e392  a5 84                              lda VARPNT+1          ; SAVE ADDRESS OF ARGUMENT VARIABLE
 3995 T:e394  48                                 pha                    ; 
 3996 T:e395  a5 83                              lda VARPNT                ; 
 3997 T:e397  48                                 pha                    ; 
 3998 T:e398  20 67 0d                           jsr FRMNUM             ; EVALUATE THE FUNCTION EXPRESSION
 3999 T:e39b  68                                 pla                    ; GET ADDRESS OF ARGUMENT VARIABLE
 4000 T:e39c  85 8a                              sta FNCNAM                ; AND SAVE IT
 4001 T:e39e  68                                 pla                    ; 
 4002 T:e39f  85 8b                              sta FNCNAM+1          ; 
 4003 T:e3a1  20 b7 00                           jsr CHRGOT                ; MUST BE AT ":" OR EOL
 4004 T:e3a4  f0 03                              beq L_FUNCT_2                ; WE ARE
 4005 T:e3a6  4c c9 0e                           jmp SYNERR             ; WE ARE NOT, SLYNTAX ERROR
 4006 T:e3a9  68                       L_FUNCT_2 pla                 ; RETRIEVE TXTPTR AFTER "FN" CALL
 4007 T:e3aa  85 b8                              sta TXTPTR
 4008 T:e3ac  68                                 pla 
 4009 T:e3ad  85 b9                              sta TXTPTR+1
 4010 T:e3af                                    ; STACK NOW HAS 5-BYTE VALUE
 4011 T:e3af                                    ; OF THE ARGUMENT VARIABLE,
 4012 T:e3af                                    ; AND FNCNAM POINTS AT THE VARIABLE
 4013 T:e3af                                    ; --------------------------------
 4014 T:e3af                                    ; STORE FIVE BYTES FROM STACK AT (FNCNAM)
 4015 T:e3af                                    ; --------------------------------
 4016 T:e3af                           FNCDATA   
 4017 T:e3af  a0 00                              ldy #0
 4018 T:e3b1  68                                 pla 
 4019 T:e3b2  91 8a                              sta (FNCNAM),Y
 4020 T:e3b4  68                                 pla 
 4021 T:e3b5  c8                                 iny 
 4022 T:e3b6  91 8a                              sta (FNCNAM),Y
 4023 T:e3b8  68                                 pla 
 4024 T:e3b9  c8                                 iny 
 4025 T:e3ba  91 8a                              sta (FNCNAM),Y
 4026 T:e3bc  68                                 pla 
 4027 T:e3bd  c8                                 iny 
 4028 T:e3be  91 8a                              sta (FNCNAM),Y
 4029 T:e3c0  68                                 pla 
 4030 T:e3c1  c8                                 iny 
 4031 T:e3c2  91 8a                              sta (FNCNAM),Y
 4032 T:e3c4  60                                 rts 
 4033 T:e3c5                                    ; --------------------------------
 4034 T:e3c5                                    ; "STR$" FUNCTION
 4035 T:e3c5                                    ; --------------------------------
 4036 T:e3c5  20 6a 0d                 STR       jsr CHKNUM          ; EXPRESSION MUST BE NUMERIC
 4037 T:e3c8  a0 00                              ldy #0             ; START STRING AT STACK-1 ($00FF)
 4038 T:e3ca                                    ; SO STRLIT CAN DIFFRENTIATE STR$ CALLS
 4039 T:e3ca  20 36 1d                           jsr FOUT_1                ; CONVERT FAC TO STRING
 4040 T:e3cd  68                                 pla                    ; POP RETURN OFF STACK
 4041 T:e3ce  68                                 pla                    ; 
 4042 T:e3cf  a9 ff                              lda #<STACK-1        ; POINT TO STACK-1
 4043 T:e3d1  a0 00                              ldy #>STACK-1        ; (WHICH=0)
 4044 T:e3d3  f0 12                              beq STRLIT                ; ...ALWAYS, CREATE DESC & MOVE STRING
 4045 T:e3d5                                    ; --------------------------------
 4046 T:e3d5                                    ; GET SPACE AND MAKE DESCRIPTOR FOR STRING WHOSE
 4047 T:e3d5                                    ; ADDRESS IS IN FAC+3,4 AND WHOSE LENGTH IS IN A-REG
 4048 T:e3d5                                    ; --------------------------------
 4049 T:e3d5  a6 a0                    STRINI    ldx FAC+3       ; Y,X = STRING ADDRESS
 4050 T:e3d7  a4 a1                              ldy FAC+4          ; 
 4051 T:e3d9  86 8c                              stx DSCPTR                ; 
 4052 T:e3db  84 8d                              sty DSCPTR+1          ; 
 4053 T:e3dd                                    ; --------------------------------
 4054 T:e3dd                                    ; GET SPACE AND MAKE DESCRIPTOR FOR STRING WHOSE
 4055 T:e3dd                                    ; ADDRESS IS IN Y,X AND WHOSE LENGTH IS IN A-REG
 4056 T:e3dd                                    ; --------------------------------
 4057 T:e3dd  20 52 14                 STRSPA    jsr GETSPA             ; A HOLDS LENGTH
 4058 T:e3e0  86 9e                              stx FAC+1          ; SAVE DESCRIPTOR IN FAC
 4059 T:e3e2  84 9f                              sty FAC+2          ; ---FAC--- --FAC+1-- --FAC+2--
 4060 T:e3e4  85 9d                              sta FAC                ; <LENGTH>  <ADDR-LO> <ADDR-HI>
 4061 T:e3e6  60                                 rts                    ; 
 4062 T:e3e7                                    ; --------------------------------
 4063 T:e3e7                                    ; BUILD A DESCRIPTOR FOR STRING STARTING AT Y,A
 4064 T:e3e7                                    ; AND TERMINATED BY $00 OR QUOTATION MARK
 4065 T:e3e7                                    ; RETURN WITH DESCRIPTOR IN A TEMPORARY
 4066 T:e3e7                                    ; AND ADDRESS OF DESCRIPTOR IN FAC+3,4
 4067 T:e3e7                                    ; --------------------------------
 4068 T:e3e7  a2 22                    STRLIT    ldx #$22          ; SET UP LITERAL SCAN TO STOP ON
 4069 T:e3e9  86 0d                              stx CHARAC                ; QUOTATION MARK OR $00
 4070 T:e3eb  86 0e                              stx ENDCHR                ; 
 4071 T:e3ed                                    ; --------------------------------
 4072 T:e3ed                                    ; BUILD A DESCRIPTOR FOR STRING STARTING AT Y,A
 4073 T:e3ed                                    ; AND TERMINATED BY $00, (CHARAC), OR (ENDCHR)
 4074 T:e3ed                                    ; 
 4075 T:e3ed                                    ; RETURN WITH DESCRIPTOR IN A TEMPORARY
 4076 T:e3ed                                    ; AND ADDRESS OF DESCRIPTOR IN FAC+3,4
 4077 T:e3ed                                    ; --------------------------------
 4078 T:e3ed  85 ab                    STRLT2    sta STRNG1             ; SAVE ADDRESS OF STRING
 4079 T:e3ef  84 ac                              sty STRNG1+1          ; 
 4080 T:e3f1  85 9e                              sta FAC+1          ; ...AGAIN
 4081 T:e3f3  84 9f                              sty FAC+2          ; 
 4082 T:e3f5  a0 ff                              ldy #$ff             ; 
 4083 T:e3f7  c8                       L_STRLT2_1 iny                 ; FIND END OF STRING
 4084 T:e3f8  b1 ab                              lda (STRNG1),Y                  ; NEXT STRING CHAR
 4085 T:e3fa  f0 0c                              beq L_STRLT2_3                ; END OF STRING
 4086 T:e3fc  c5 0d                              cmp CHARAC                ; ALTERNATE TERMINATOR # 1?
 4087 T:e3fe  f0 04                              beq L_STRLT2_2                ; YES
 4088 T:e400  c5 0e                              cmp ENDCHR                ; ALTERNATE TERMINATOR # 2?
 4089 T:e402  d0 f3                              bne L_STRLT2_1             ; NO, KEEP SCANNING
 4090 T:e404  c9 22                    L_STRLT2_2 cmp #$22          ; IS STRING ENDED WITH QUOTE MARK?
 4091 T:e406  f0 01                              beq L_STRLT2_4                ; YES, C=1 TO INCLUDE " IN STRING
 4092 T:e408  18                       L_STRLT2_3 clc                 ; 
 4093 T:e409  84 9d                    L_STRLT2_4 sty FAC             ; SAVE LENGTH
 4094 T:e40b  98                                 tya                    ; 
 4095 T:e40c  65 ab                              adc STRNG1                ; COMPUTE ADDRESS OF END OF STRING
 4096 T:e40e  85 ad                              sta STRNG2                ; (OF 00 BYTE, OR JUST AFTER ")
 4097 T:e410  a6 ac                              ldx STRNG1+1          ; 
 4098 T:e412  90 01                              bcc L_STRLT2_5                ; 
 4099 T:e414  e8                                 inx                    ; 
 4100 T:e415  86 ae                    L_STRLT2_5 stx STRNG2+1       ; 
 4101 T:e417  a5 ac                              lda STRNG1+1          ; WHERE DOES THE STRING START?
 4102 T:e419  f0 04                              beq L_STRLT2_6                ; PAGE 0, MUST BE FROM STR$ FUNCTION
 4103 T:e41b  c9 02                              cmp #2             ; PAGE 2?
 4104 T:e41d  d0 0b                              bne PUTNEW                ; NO, NOT PAGE 0 OR 2
 4105 T:e41f  98                       L_STRLT2_6 tya                 ; LENGTH OF STRING
 4106 T:e420  20 d5 13                           jsr STRINI             ; MAKE SPACE FOR STRING
 4107 T:e423  a6 ab                              ldx STRNG1                ; 
 4108 T:e425  a4 ac                              ldy STRNG1+1          ; 
 4109 T:e427  20 e2 15                           jsr MOVSTR                ; MOVE IT IN
 4110 T:e42a                                    ; --------------------------------
 4111 T:e42a                                    ; STORE DESCRIPTOR IN TEMPORARY DESCRIPTOR STACK
 4112 T:e42a                                    ; 
 4113 T:e42a                                    ; THE DESCRIPTOR IS NOW IN FAC, FAC+1, FAC+2
 4114 T:e42a                                    ; PUT ADDRESS OF TEMP DESCRIPTOR IN FAC+3,4
 4115 T:e42a                                    ; --------------------------------
 4116 T:e42a  a6 52                    PUTNEW    ldx TEMPPT             ; POINTER TO NEXT TEMP STRING SLOT
 4117 T:e42c  e0 5e                              cpx #TEMPST+9         ; MAX OF 3 TEMP STRINGS
 4118 T:e42e  d0 05                              bne PUTEMP                ; ROOM FOR ANOTHER ONE
 4119 T:e430  a2 bf                              ldx #ERR_FRMCPX               ; TOO MANY, FORMULA TOO COMPLEX
 4120 T:e432  4c 12 04                 JERR      jmp ERROR
 4121 T:e435                                    ; --------------------------------
 4122 T:e435  a5 9d                    PUTEMP    lda FAC             ; COPY TEMP DESCRIPTOR INTO TEMP STACK
 4123 T:e437  95 00                              sta 0,X
 4124 T:e439  a5 9e                              lda FAC+1
 4125 T:e43b  95 01                              sta 1,X
 4126 T:e43d  a5 9f                              lda FAC+2
 4127 T:e43f  95 02                              sta 2,X
 4128 T:e441  a0 00                              ldy #0
 4129 T:e443  86 a0                              stx FAC+3          ; ADDRESS OF TEMP DESCRIPTOR
 4130 T:e445  84 a1                              sty FAC+4          ; IN Y,X AND FAC+3,4
 4131 T:e447  88                                 dey                    ; Y=$FF
 4132 T:e448  84 11                              sty VALTYP                ; FLAG (FAC ) AS STRING
 4133 T:e44a  86 53                              stx LASTPT                ; INDEX OF LAST POINTER
 4134 T:e44c  e8                                 inx                    ; UPDATE FOR NEXT TEMP ENTRY
 4135 T:e44d  e8                                 inx 
 4136 T:e44e  e8                                 inx 
 4137 T:e44f  86 52                              stx TEMPPT
 4138 T:e451  60                                 rts 
 4139 T:e452                                    ; --------------------------------
 4140 T:e452                                    ; MAKE SPACE FOR STRING AT BOTTOM OF STRING SPACE
 4141 T:e452                                    ; (A)=# BYTES SPACE TO MAKE
 4142 T:e452                                    ; 
 4143 T:e452                                    ; RETURN WITH (A) SAME,
 4144 T:e452                                    ; AND Y,X = ADDRESS OF SPACE ALLOCATED
 4145 T:e452                                    ; --------------------------------
 4146 T:e452  46 13                    GETSPA    lsr GARFLG             ; CLEAR SIGNBIT OF FLAG
 4147 T:e454  48                       L_GETSPA_1 pha                 ; A HOLDS LENGTH
 4148 T:e455  49 ff                              eor #$ff             ; GET -LENGTH
 4149 T:e457  38                                 sec                    ; 
 4150 T:e458  65 6f                              adc FRETOP                ; COMPUTE STARTING ADDRESS OF SPACE
 4151 T:e45a  a4 70                              ldy FRETOP+1          ; FOR THE STRING
 4152 T:e45c  b0 01                              bcs L_GETSPA_2                ; 
 4153 T:e45e  88                                 dey                    ; 
 4154 T:e45f  c4 6e                    L_GETSPA_2 cpy STREND+1       ; SEE IF FITS IN REMAINING MEMORY
 4155 T:e461  90 11                              bcc L_GETSPA_4                ; NO, TRY GARBAGE
 4156 T:e463  d0 04                              bne L_GETSPA_3                ; YES, IT FITS
 4157 T:e465  c5 6d                              cmp STREND                ; HAVE TO CHECK LOWER BYTES
 4158 T:e467  90 0b                              bcc L_GETSPA_4                ; NOT ENUF ROOM YET
 4159 T:e469  85 6f                    L_GETSPA_3 sta FRETOP             ; THERE IS ROOM SO SAVE NEW FRETOP
 4160 T:e46b  84 70                              sty FRETOP+1          ; 
 4161 T:e46d  85 71                              sta FRESPC                ; 
 4162 T:e46f  84 72                              sty FRESPC+1          ; 
 4163 T:e471  aa                                 tax                    ; ADDR IN Y,X
 4164 T:e472  68                                 pla                    ; LENGTH IN A
 4165 T:e473  60                                 rts 
 4166 T:e474  a2 4d                    L_GETSPA_4 ldx #ERR_MEMFULL
 4167 T:e476  a5 13                              lda GARFLG                ; GARBAGE DONE YET?
 4168 T:e478  30 b8                              bmi JERR             ; YES, MEMORY IS REALLY FULL
 4169 T:e47a  20 84 14                           jsr GARBAG                ; NO, TRY COLLECTING NOW
 4170 T:e47d  a9 80                              lda #$80             ; FLAG THAT COLLECTED GARBAGE ALREADY
 4171 T:e47f  85 13                              sta GARFLG                ; 
 4172 T:e481  68                                 pla                    ; GET STRING LENGTH AGAIN
 4173 T:e482  d0 d0                              bne L_GETSPA_1             ; ...ALWAYS
 4174 T:e484                                    ; --------------------------------
 4175 T:e484                                    ; SHOVE ALL REFERENCED STRINGS AS HIGH AS POSSIBLE
 4176 T:e484                                    ; IN MEMORY (AGAINST HIMEM), FREEING UP SPACE
 4177 T:e484                                    ; BELOW STRING AREA DOWN TO STREND.
 4178 T:e484                                    ; --------------------------------
 4179 T:e484  a6 73                    GARBAG    ldx MEMSIZ             ; COLLECT FROM TOP DOWN
 4180 T:e486  a5 74                              lda MEMSIZ+1          ; 
 4181 T:e488                           FIND_HIGHEST_STRING                  ; 
 4182 T:e488  86 6f                              stx FRETOP                ; ONE PASS THROUGH ALL VARS
 4183 T:e48a  85 70                              sta FRETOP+1          ; FOR EACH ACTIVE STRING!
 4184 T:e48c  a0 00                              ldy #0             ; 
 4185 T:e48e  84 8b                              sty FNCNAM+1          ; FLAG IN CASE NO STRINGS TO COLLECT
 4186 T:e490  a5 6d                              lda STREND                ; 
 4187 T:e492  a6 6e                              ldx STREND+1          ; 
 4188 T:e494  85 9b                              sta LOWTR                ; 
 4189 T:e496  86 9c                              stx LOWTR+1          ; 
 4190 T:e498                                    ; --------------------------------
 4191 T:e498                                    ; START BY COLLECTING TEMPORARIES
 4192 T:e498                                    ; --------------------------------
 4193 T:e498  a9 55                              lda #<TEMPST              ; 
 4194 T:e49a  a2 00                              ldx #>TEMPST              ; 
 4195 T:e49c  85 5e                              sta INDEX                ; 
 4196 T:e49e  86 5f                              stx INDEX+1          ; 
 4197 T:e4a0  c5 52                    L_FIND_HIGHEST_STRING_1 cmp TEMPPT             ; FINISHED WITH TEMPS YET?
 4198 T:e4a2  f0 05                              beq L_FIND_HIGHEST_STRING_2                ; YES, NOW DO SIMPLE VARIABLES
 4199 T:e4a4  20 23 15                           jsr CHECK_VARIABLE                ; DO A TEMP
 4200 T:e4a7  f0 f7                              beq L_FIND_HIGHEST_STRING_1             ; ...ALWAYS
 4201 T:e4a9                                    ; --------------------------------
 4202 T:e4a9                                    ; NOW COLLECT SIMPLE VARIABLES
 4203 T:e4a9                                    ; --------------------------------
 4204 T:e4a9  a9 07                    L_FIND_HIGHEST_STRING_2 lda #7          ; LENGTH OF EACH VARIABLE IS 7 BYTES
 4205 T:e4ab  85 8f                              sta DSCLEN                ; 
 4206 T:e4ad  a5 69                              lda VARTAB                ; START AT BEGINNING OF VARTAB
 4207 T:e4af  a6 6a                              ldx VARTAB+1
 4208 T:e4b1  85 5e                              sta INDEX
 4209 T:e4b3  86 5f                              stx INDEX+1
 4210 T:e4b5  e4 6c                    L_FIND_HIGHEST_STRING_3 cpx ARYTAB+1       ; FINISHED WITH SIMPLE VARIABLES?
 4211 T:e4b7  d0 04                              bne L_FIND_HIGHEST_STRING_4                ; NO
 4212 T:e4b9  c5 6b                              cmp ARYTAB                ; MAYBE, CHECK LO-BYTE
 4213 T:e4bb  f0 05                              beq L_FIND_HIGHEST_STRING_5                ; YES, NOW DO ARRAYS
 4214 T:e4bd  20 19 15                 L_FIND_HIGHEST_STRING_4 jsr CHECK_SIMPLE_VARIABLE
 4215 T:e4c0  f0 f3                              beq L_FIND_HIGHEST_STRING_3             ; ...ALWAYS
 4216 T:e4c2                                    ; --------------------------------
 4217 T:e4c2                                    ; NOW COLLECT ARRAY VARIABLES
 4218 T:e4c2                                    ; --------------------------------
 4219 T:e4c2  85 94                    L_FIND_HIGHEST_STRING_5 sta ARYPNT
 4220 T:e4c4  86 95                              stx ARYPNT+1
 4221 T:e4c6  a9 03                              lda #3             ; DESCRIPTORS IN ARRAYS ARE 3-BYTES EACH
 4222 T:e4c8  85 8f                              sta DSCLEN                ; 
 4223 T:e4ca  a5 94                    L_FIND_HIGHEST_STRING_6 lda ARYPNT             ; COMPARE TO END OF ARRAYS
 4224 T:e4cc  a6 95                              ldx ARYPNT+1          ; 
 4225 T:e4ce  e4 6e                    L_FIND_HIGHEST_STRING_7 cpx STREND+1       ; FINISHED WITH ARRAYS YET?
 4226 T:e4d0  d0 07                              bne L_FIND_HIGHEST_STRING_8                ; NOT YET
 4227 T:e4d2  c5 6d                              cmp STREND                ; MAYBE, CHECK LO-BYTE
 4228 T:e4d4  d0 03                              bne L_FIND_HIGHEST_STRING_8                ; NOT FINISHED YET
 4229 T:e4d6  4c 62 15                           jmp MOVE_HIGHEST_STRING_TO_TOP                ; FINISHED
 4230 T:e4d9  85 5e                    L_FIND_HIGHEST_STRING_8 sta INDEX             ; SET UP PNTR TO START OF ARRAY
 4231 T:e4db  86 5f                              stx INDEX+1          ; 
 4232 T:e4dd  a0 00                              ldy #0             ; POINT AT NAME OF ARRAY
 4233 T:e4df  b1 5e                              lda (INDEX),Y                   ; 
 4234 T:e4e1  aa                                 tax                    ; 1ST LETTER OF NAME IN X-REG
 4235 T:e4e2  c8                                 iny                    ; 
 4236 T:e4e3  b1 5e                              lda (INDEX),Y                   ; 
 4237 T:e4e5  08                                 php                    ; STATUS FROM SECOND LETTER OF NAME
 4238 T:e4e6  c8                                 iny                    ; 
 4239 T:e4e7  b1 5e                              lda (INDEX),Y                   ; OFFSET TO NEXT ARRAY
 4240 T:e4e9  65 94                              adc ARYPNT                ; (CARRY ALWAYS CLEAR)
 4241 T:e4eb  85 94                              sta ARYPNT                ; CALCULATE START OF NEXT ARRAY
 4242 T:e4ed  c8                                 iny                    ; 
 4243 T:e4ee  b1 5e                              lda (INDEX),Y                   ; HI-BYTE OF OFFSET
 4244 T:e4f0  65 95                              adc ARYPNT+1          ; 
 4245 T:e4f2  85 95                              sta ARYPNT+1          ; 
 4246 T:e4f4  28                                 plp                    ; GET STATUS FROM 2ND CHAR OF NAME
 4247 T:e4f5  10 d3                              bpl L_FIND_HIGHEST_STRING_6             ; NOT A STRING ARRAY
 4248 T:e4f7  8a                                 txa                    ; SET STATUS WITH 1ST CHAR OF NAME
 4249 T:e4f8  30 d0                              bmi L_FIND_HIGHEST_STRING_6             ; NOT A STRING ARRAY
 4250 T:e4fa  c8                                 iny                    ; 
 4251 T:e4fb  b1 5e                              lda (INDEX),Y                   ; # OF DIMENSIONS FOR THIS ARRAY
 4252 T:e4fd  a0 00                              ldy #0             ; 
 4253 T:e4ff  0a                                 asl                    ; PREAMBLE SIZE = 2*#DIMS + 5
 4254 T:e500  69 05                              adc #5             ; 
 4255 T:e502  65 5e                              adc INDEX                ; MAKE INDEX POINT AT FIRST ELEMENT
 4256 T:e504  85 5e                              sta INDEX                ; IN THE ARRAY
 4257 T:e506  90 02                              bcc L_FIND_HIGHEST_STRING_9                ; 
 4258 T:e508  e6 5f                              inc INDEX+1          ; 
 4259 T:e50a                           L_FIND_HIGHEST_STRING_9                  ; 
 4260 T:e50a  a6 5f                              ldx INDEX+1          ; STEP THRU EACH STRING IN THIS ARRAY
 4261 T:e50c  e4 95                    L_FIND_HIGHEST_STRING_10 cpx ARYPNT+1       ; ARRAY DONE?
 4262 T:e50e  d0 04                              bne L_FIND_HIGHEST_STRING_11                ; NO, PROCESS NEXT ELEMENT
 4263 T:e510  c5 94                              cmp ARYPNT                ; MAYBE, CHECK LO-BYTE
 4264 T:e512  f0 ba                              beq L_FIND_HIGHEST_STRING_7             ; YES, MOVE TO NEXT ARRAY
 4265 T:e514  20 23 15                 L_FIND_HIGHEST_STRING_11 jsr CHECK_VARIABLE             ; PROCESS THE ARRAY
 4266 T:e517  f0 f3                              beq L_FIND_HIGHEST_STRING_10             ; ...ALWAYS
 4267 T:e519                                    ; --------------------------------
 4268 T:e519                                    ; PROCESS A SIMPLE VARIABLE
 4269 T:e519                                    ; --------------------------------
 4270 T:e519                           CHECK_SIMPLE_VARIABLE 
 4271 T:e519  b1 5e                              lda (INDEX),Y                   ; LOOK AT 1ST CHAR OF NAME
 4272 T:e51b  30 35                              bmi CHECK_BUMP                ; NOT A STRING VARIABLE
 4273 T:e51d  c8                                 iny                    ; 
 4274 T:e51e  b1 5e                              lda (INDEX),Y                   ; LOOK AT 2ND CHAR OF NAME
 4275 T:e520  10 30                              bpl CHECK_BUMP                ; NOT A STRING VARIABLE
 4276 T:e522  c8                                 iny                    ; 
 4277 T:e523                                    ; --------------------------------
 4278 T:e523                                    ; IF STRING IS NOT EMPTY, CHECK IF IT IS HIGHEST
 4279 T:e523                                    ; --------------------------------
 4280 T:e523                           CHECK_VARIABLE                  ; 
 4281 T:e523  b1 5e                              lda (INDEX),Y                   ; GET LENGTH OF STRING
 4282 T:e525  f0 2b                              beq CHECK_BUMP                ; IGNORE STRING IF LENGTH IS ZERO
 4283 T:e527  c8                                 iny                    ; 
 4284 T:e528  b1 5e                              lda (INDEX),Y                   ; GET ADDRESS OF STRING
 4285 T:e52a  aa                                 tax                    ; 
 4286 T:e52b  c8                                 iny                    ; 
 4287 T:e52c  b1 5e                              lda (INDEX),Y                   ; 
 4288 T:e52e  c5 70                              cmp FRETOP+1          ; CHECK IF ALREADY COLLECTED
 4289 T:e530  90 06                              bcc L_CHECK_VARIABLE_1                ; NO, BELOW FRETOP
 4290 T:e532  d0 1e                              bne CHECK_BUMP                ; YES, ABOVE FRETOP
 4291 T:e534  e4 6f                              cpx FRETOP                ; MAYBE, CHECK LO-BYTE
 4292 T:e536  b0 1a                              bcs CHECK_BUMP                ; YES, ABOVE FRETOP
 4293 T:e538  c5 9c                    L_CHECK_VARIABLE_1 cmp LOWTR+1       ; ABOVE HIGHEST STRING FOUND?
 4294 T:e53a  90 16                              bcc CHECK_BUMP                ; NO, IGNORE FOR NOW
 4295 T:e53c  d0 04                              bne L_CHECK_VARIABLE_2                ; YES, THIS IS THE NEW HIGHEST
 4296 T:e53e  e4 9b                              cpx LOWTR                ; MAYBE, TRY LO-BYTE
 4297 T:e540  90 10                              bcc CHECK_BUMP                ; NO, IGNORE FOR NOW
 4298 T:e542  86 9b                    L_CHECK_VARIABLE_2 stx LOWTR             ; MAKE THIS THE HIGHEST STRING
 4299 T:e544  85 9c                              sta LOWTR+1
 4300 T:e546  a5 5e                              lda INDEX                ; SAVE ADDRESS OF DESCRIPTOR TOO
 4301 T:e548  a6 5f                              ldx INDEX+1
 4302 T:e54a  85 8a                              sta FNCNAM
 4303 T:e54c  86 8b                              stx FNCNAM+1
 4304 T:e54e  a5 8f                              lda DSCLEN
 4305 T:e550  85 91                              sta LENGTH
 4306 T:e552                                    ; --------------------------------
 4307 T:e552                                    ; ADD (DSCLEN) TO PNTR IN INDEX
 4308 T:e552                                    ; RETURN WITH Y=0, PNTR ALSO IN X,A
 4309 T:e552                                    ; --------------------------------
 4310 T:e552                           CHECK_BUMP 
 4311 T:e552  a5 8f                              lda DSCLEN                ; BUMP TO NEXT VARIABLE
 4312 T:e554  18                                 clc 
 4313 T:e555  65 5e                              adc INDEX
 4314 T:e557  85 5e                              sta INDEX
 4315 T:e559  90 02                              bcc CHECK_EXIT
 4316 T:e55b  e6 5f                              inc INDEX+1
 4317 T:e55d                                    ; --------------------------------
 4318 T:e55d                           CHECK_EXIT 
 4319 T:e55d  a6 5f                              ldx INDEX+1
 4320 T:e55f  a0 00                              ldy #0
 4321 T:e561  60                                 rts 
 4322 T:e562                                    ; --------------------------------
 4323 T:e562                                    ; FOUND HIGHEST NON-EMPTY STRING, SO MOVE IT
 4324 T:e562                                    ; TO TOP AND GO BACK FOR ANOTHER
 4325 T:e562                                    ; --------------------------------
 4326 T:e562                           MOVE_HIGHEST_STRING_TO_TOP 
 4327 T:e562  a6 8b                              ldx FNCNAM+1          ; ANY STRING FOUND?
 4328 T:e564  f0 f7                              beq CHECK_EXIT             ; NO, RETURN
 4329 T:e566  a5 91                              lda LENGTH                ; GET LENGTH OF VARIABLE ELEMENT
 4330 T:e568  29 04                              and #4             ; WAS 7 OR 3, MAKE 4 OR 0
 4331 T:e56a  4a                                 lsr                    ; 2 0R 0; IN SIMPLE VARIABLES,
 4332 T:e56b  a8                                 tay                    ; NAME PRECEDES DESCRIPTOR
 4333 T:e56c  85 91                              sta LENGTH                ; 2 OR 0
 4334 T:e56e  b1 8a                              lda (FNCNAM),Y                  ; GET LENGTH FROM DESCRIPTOR
 4335 T:e570  65 9b                              adc LOWTR                ; CARRY ALREADY CLEARED BY LSR
 4336 T:e572  85 96                              sta HIGHTR                ; STRING IS BTWN (LOWTR) AND (HIGHTR)
 4337 T:e574  a5 9c                              lda LOWTR+1          ; 
 4338 T:e576  69 00                              adc #0             ; 
 4339 T:e578  85 97                              sta HIGHTR+1          ; 
 4340 T:e57a  a5 6f                              lda FRETOP                ; HIGH END DESTINATION
 4341 T:e57c  a6 70                              ldx FRETOP+1          ; 
 4342 T:e57e  85 94                              sta HIGHDS                ; 
 4343 T:e580  86 95                              stx HIGHDS+1          ; 
 4344 T:e582  20 9a 03                           jsr BLTU2             ; MOVE STRING UP
 4345 T:e585  a4 91                              ldy LENGTH                ; FIX ITS DESCRIPTOR
 4346 T:e587  c8                                 iny                    ; POINT AT ADDRESS IN DESCRIPTOR
 4347 T:e588  a5 94                              lda HIGHDS                ; STORE NEW ADDRESS
 4348 T:e58a  91 8a                              sta (FNCNAM),Y
 4349 T:e58c  aa                                 tax 
 4350 T:e58d  e6 95                              inc HIGHDS+1          ; CORRECT BLTU'S OVERSHOOT
 4351 T:e58f  a5 95                              lda HIGHDS+1
 4352 T:e591  c8                                 iny 
 4353 T:e592  91 8a                              sta (FNCNAM),Y
 4354 T:e594  4c 88 14                           jmp FIND_HIGHEST_STRING
 4355 T:e597                                    ; --------------------------------
 4356 T:e597                                    ; --------------------------------
 4357 T:e597                                    ; CONCATENATE TWO STRINGS
 4358 T:e597                                    ; --------------------------------
 4359 T:e597  a5 a1                    CAT       lda FAC+4       ; SAVE ADDRESS OF FIRST DESCRIPTOR
 4360 T:e599  48                                 pha 
 4361 T:e59a  a5 a0                              lda FAC+3
 4362 T:e59c  48                                 pha 
 4363 T:e59d  20 60 0e                           jsr FRM_ELEMENT             ; GET SECOND STRING ELEMENT
 4364 T:e5a0  20 6c 0d                           jsr CHKSTR             ; MUST BE A STRING
 4365 T:e5a3  68                                 pla                    ; RECOVER ADDRES OF 1ST DESCRIPTOR
 4366 T:e5a4  85 ab                              sta STRNG1
 4367 T:e5a6  68                                 pla 
 4368 T:e5a7  85 ac                              sta STRNG1+1
 4369 T:e5a9  a0 00                              ldy #0
 4370 T:e5ab  b1 ab                              lda (STRNG1),Y                  ; ADD LENGTHS, GET CONCATENATED SIZE
 4371 T:e5ad  18                                 clc 
 4372 T:e5ae  71 a0                              adc (FAC+3),Y
 4373 T:e5b0  90 05                              bcc L_CAT_1                ; OK IF < $100
 4374 T:e5b2  a2 b0                              ldx #ERR_STRLONG
 4375 T:e5b4  4c 12 04                           jmp ERROR
 4376 T:e5b7  20 d5 13                 L_CAT_1   jsr STRINI          ; GET SPACE FOR CONCATENATED STRINGS
 4377 T:e5ba  20 d4 15                           jsr MOVINS                ; MOVE 1ST STRING
 4378 T:e5bd  a5 8c                              lda DSCPTR                ; 
 4379 T:e5bf  a4 8d                              ldy DSCPTR+1          ; 
 4380 T:e5c1  20 04 16                           jsr FRETMP                ; 
 4381 T:e5c4  20 e6 15                           jsr MOVSTR_1                ; MOVE 2ND STRING
 4382 T:e5c7  a5 ab                              lda STRNG1                ; 
 4383 T:e5c9  a4 ac                              ldy STRNG1+1          ; 
 4384 T:e5cb  20 04 16                           jsr FRETMP                ; 
 4385 T:e5ce  20 2a 14                           jsr PUTNEW             ; SET UP DESCRIPTOR
 4386 T:e5d1  4c 95 0d                           jmp FRMEVL_2             ; FINISH EXPRESSION
 4387 T:e5d4                                    ; --------------------------------
 4388 T:e5d4                                    ; GET STRING DESCRIPTOR POINTED AT BY (STRNG1)
 4389 T:e5d4                                    ; AND MOVE DESCRIBED STRING TO (FRESPC)
 4390 T:e5d4                                    ; --------------------------------
 4391 T:e5d4  a0 00                    MOVINS    ldy #0
 4392 T:e5d6  b1 ab                              lda (STRNG1),Y
 4393 T:e5d8  48                                 pha                    ; LENGTH
 4394 T:e5d9  c8                                 iny 
 4395 T:e5da  b1 ab                              lda (STRNG1),Y
 4396 T:e5dc  aa                                 tax                    ; PUT STRING POINTER IN X,Y
 4397 T:e5dd  c8                                 iny 
 4398 T:e5de  b1 ab                              lda (STRNG1),Y
 4399 T:e5e0  a8                                 tay 
 4400 T:e5e1  68                                 pla                    ; RETRIEVE LENGTH
 4401 T:e5e2                                    ; --------------------------------
 4402 T:e5e2                                    ; MOVE STRING AT (Y,X) WITH LENGTH (A)
 4403 T:e5e2                                    ; TO DESTINATION WHOSE ADDRESS IS IN FRESPC,FRESPC+1
 4404 T:e5e2                                    ; --------------------------------
 4405 T:e5e2  86 5e                    MOVSTR    stx INDEX             ; PUT POINTER IN INDEX
 4406 T:e5e4  84 5f                              sty INDEX+1          ; 
 4407 T:e5e6                           MOVSTR_1                   ; 
 4408 T:e5e6  a8                                 tay                    ; LENGTH TO Y-REG
 4409 T:e5e7  f0 0a                              beq L_MOVSTR_1_2                ; IF LENGTH IS ZERO, FINISHED
 4410 T:e5e9  48                                 pha                    ; SAVE LENGTH ON STACK
 4411 T:e5ea  88                       L_MOVSTR_1_1 dey                 ; MOVE BYTES FROM (INDEX) TO (FRESPC)
 4412 T:e5eb  b1 5e                              lda (INDEX),Y
 4413 T:e5ed  91 71                              sta (FRESPC),Y
 4414 T:e5ef  98                                 tya                    ; TEST IF ANY LEFT TO MOVE
 4415 T:e5f0  d0 f8                              bne L_MOVSTR_1_1             ; YES, KEEP MOVING
 4416 T:e5f2  68                                 pla                    ; NO, FINISHED.  GET LENGTH
 4417 T:e5f3  18                       L_MOVSTR_1_2 clc                 ; AND ADD TO FRESPC, SO
 4418 T:e5f4  65 71                              adc FRESPC                ; FRESPC POINTS TO NEXT HIGHER
 4419 T:e5f6  85 71                              sta FRESPC                ; BYTE.  (USED BY CONCATENATION)
 4420 T:e5f8  90 02                              bcc L_MOVSTR_1_3
 4421 T:e5fa  e6 72                              inc FRESPC+1
 4422 T:e5fc  60                       L_MOVSTR_1_3 rts 
 4423 T:e5fd                                    ; --------------------------------
 4424 T:e5fd                                    ; IF (FAC) IS A TEMPORARY STRING, RELEASE DESCRIPTOR
 4425 T:e5fd                                    ; --------------------------------
 4426 T:e5fd  20 6c 0d                 FRESTR    jsr CHKSTR          ; LAST RESULT A STRING?
 4427 T:e600                                    ; --------------------------------
 4428 T:e600                                    ; IF STRING DESCRIPTOR POINTED TO BY FAC+3,4 IS
 4429 T:e600                                    ; A TEMPORARY STRING, RELEASE IT.
 4430 T:e600                                    ; --------------------------------
 4431 T:e600  a5 a0                    FREFAC    lda FAC+3       ; GET DESCRIPTOR POINTER
 4432 T:e602  a4 a1                              ldy FAC+4
 4433 T:e604                                    ; --------------------------------
 4434 T:e604                                    ; IF STRING DESCRIPTOR WHOSE ADDRESS IS IN Y,A IS
 4435 T:e604                                    ; A TEMPORARY STRING, RELEASE IT.
 4436 T:e604                                    ; --------------------------------
 4437 T:e604  85 5e                    FRETMP    sta INDEX             ; SAVE THE ADDRESS OF THE DESCRIPTOR
 4438 T:e606  84 5f                              sty INDEX+1          ; 
 4439 T:e608  20 35 16                           jsr FRETMS                ; FREE DESCRIPTOR IF IT IS TEMPORARY
 4440 T:e60b  08                                 php                    ; REMEMBER IF TEMP
 4441 T:e60c  a0 00                              ldy #0             ; POINT AT LENGTH OF STRING
 4442 T:e60e  b1 5e                              lda (INDEX),Y                   ; 
 4443 T:e610  48                                 pha                    ; SAVE LENGTH ON STACK
 4444 T:e611  c8                                 iny                    ; 
 4445 T:e612  b1 5e                              lda (INDEX),Y                   ; 
 4446 T:e614  aa                                 tax                    ; GET ADDRESS OF STRING IN Y,X
 4447 T:e615  c8                                 iny                    ; 
 4448 T:e616  b1 5e                              lda (INDEX),Y                   ; 
 4449 T:e618  a8                                 tay                    ; 
 4450 T:e619  68                                 pla                    ; LENGTH IN A
 4451 T:e61a  28                                 plp                    ; RETRIEVE STATUS, Z=1 IF TEMP
 4452 T:e61b  d0 13                              bne L_FRETMP_2                ; NOT A TEMPORARY STRING
 4453 T:e61d  c4 70                              cpy FRETOP+1          ; IS IT THE LOWEST STRING?
 4454 T:e61f  d0 0f                              bne L_FRETMP_2                ; NO
 4455 T:e621  e4 6f                              cpx FRETOP                ; 
 4456 T:e623  d0 0b                              bne L_FRETMP_2                ; NO
 4457 T:e625  48                                 pha                    ; YES, PUSH LENGTH AGAIN
 4458 T:e626  18                                 clc                    ; RECOVER THE SPACE USED BY
 4459 T:e627  65 6f                              adc FRETOP                ; THE STRING
 4460 T:e629  85 6f                              sta FRETOP                ; 
 4461 T:e62b  90 02                              bcc L_FRETMP_1                ; 
 4462 T:e62d  e6 70                              inc FRETOP+1          ; 
 4463 T:e62f  68                       L_FRETMP_1 pla                 ; RETRIEVE LENGTH AGAIN
 4464 T:e630  86 5e                    L_FRETMP_2 stx INDEX             ; ADDRESS OF STRING IN Y,X
 4465 T:e632  84 5f                              sty INDEX+1          ; LENGTH OF STRING IN A-REG
 4466 T:e634  60                                 rts                    ; 
 4467 T:e635                                    ; --------------------------------
 4468 T:e635                                    ; RELEASE TEMPORARY DESCRIPTOR IF Y,A = LASTPT
 4469 T:e635                                    ; --------------------------------
 4470 T:e635  c4 54                    FRETMS    cpy LASTPT+1       ; COMPARE Y,A TO LATEST TEMP
 4471 T:e637  d0 0c                              bne L_FRETMS_1                ; NOT SAME ONE, CANNOT RELEASE
 4472 T:e639  c5 53                              cmp LASTPT                ; 
 4473 T:e63b  d0 08                              bne L_FRETMS_1                ; NOT SAME ONE, CANNOT RELEASE
 4474 T:e63d  85 52                              sta TEMPPT                ; UPDATE TEMPT FOR NEXT TEMP
 4475 T:e63f  e9 03                              sbc #3             ; BACK OFF LASTPT
 4476 T:e641  85 53                              sta LASTPT                ; 
 4477 T:e643  a0 00                              ldy #0             ; NOW Y,A POINTS TO TOP TEMP
 4478 T:e645  60                       L_FRETMS_1 rts                 ; Z=0 IF NOT TEMP, Z=1 IF TEMP
 4479 T:e646                                    ; --------------------------------
 4480 T:e646                                    ; "CHR$" FUNCTION
 4481 T:e646                                    ; --------------------------------
 4482 T:e646  20 fb 16                 CHRSTR    jsr CONINT             ; CONVERT ARGUMENT TO BYTE IN X
 4483 T:e649  8a                                 txa                    ; 
 4484 T:e64a  48                                 pha                    ; SAVE IT
 4485 T:e64b  a9 01                              lda #1             ; GET SPACE FOR STRING OF LENGTH 1
 4486 T:e64d  20 dd 13                           jsr STRSPA             ; 
 4487 T:e650  68                                 pla                    ; RECALL THE CHARACTER
 4488 T:e651  a0 00                              ldy #0             ; PUT IN STRING
 4489 T:e653  91 9e                              sta (FAC+1),Y                   ; 
 4490 T:e655  68                                 pla                    ; POP RETURN ADDRESS
 4491 T:e656  68                                 pla                    ; 
 4492 T:e657  4c 2a 14                           jmp PUTNEW             ; MAKE IT A TEMPORARY STRING
 4493 T:e65a                                    ; --------------------------------
 4494 T:e65a                                    ; "LEFT$" FUNCTION
 4495 T:e65a                                    ; --------------------------------
 4496 T:e65a                           LEFTSTR   
 4497 T:e65a  20 b9 16                           jsr SUBSTRING_SETUP
 4498 T:e65d  d1 8c                              cmp (DSCPTR),Y                  ; COMPARE 1ST PARAMETER TO LENGTH
 4499 T:e65f  98                                 tya                    ; Y=A=0
 4500 T:e660                           SUBSTRING_1                  ; 
 4501 T:e660  90 04                              bcc L_SUBSTRING_1_1                ; 1ST PARAMETER SMALLER, USE IT
 4502 T:e662  b1 8c                              lda (DSCPTR),Y                  ; 1ST IS LONGER, USE STRING LENGTH
 4503 T:e664  aa                                 tax                    ; IN X-REG
 4504 T:e665  98                                 tya                    ; Y=A=0 AGAIN
 4505 T:e666  48                       L_SUBSTRING_1_1 pha                 ; PUSH LEFT END OF SUBSTRING
 4506 T:e667                           SUBSTRING_2                  ; 
 4507 T:e667  8a                                 txa                    ; 
 4508 T:e668                           SUBSTRING_3                  ; 
 4509 T:e668  48                                 pha                    ; PUSH LENGTH OF SUBSTRING
 4510 T:e669  20 dd 13                           jsr STRSPA             ; MAKE ROOM FOR STRING OF (A) BYTES
 4511 T:e66c  a5 8c                              lda DSCPTR                ; RELEASE PARAMETER STRING IF TEMP
 4512 T:e66e  a4 8d                              ldy DSCPTR+1          ; 
 4513 T:e670  20 04 16                           jsr FRETMP             ; 
 4514 T:e673  68                                 pla                    ; GET LENGTH OF SUBSTRING
 4515 T:e674  a8                                 tay                    ; IN Y-REG
 4516 T:e675  68                                 pla                    ; GET LEFT END OF SUBSTRING
 4517 T:e676  18                                 clc                    ; ADD TO POINTER TO STRING
 4518 T:e677  65 5e                              adc INDEX                ; 
 4519 T:e679  85 5e                              sta INDEX                ; 
 4520 T:e67b  90 02                              bcc L_SUBSTRING_3_1                ; 
 4521 T:e67d  e6 5f                              inc INDEX+1          ; 
 4522 T:e67f  98                       L_SUBSTRING_3_1 tya                 ; LENGTH
 4523 T:e680  20 e6 15                           jsr MOVSTR_1             ; COPY STRING INTO SPACE
 4524 T:e683  4c 2a 14                           jmp PUTNEW             ; ADD TO TEMPS
 4525 T:e686                                    ; --------------------------------
 4526 T:e686                                    ; "RIGHT$" FUNCTION
 4527 T:e686                                    ; --------------------------------
 4528 T:e686                           RIGHTSTR  
 4529 T:e686  20 b9 16                           jsr SUBSTRING_SETUP
 4530 T:e689  18                                 clc                    ; COMPUTE LENGTH-WIDTH OF SUBSTRING
 4531 T:e68a  f1 8c                              sbc (DSCPTR),Y                  ; TO GET STARTING POINT IN STRING
 4532 T:e68c  49 ff                              eor #$ff
 4533 T:e68e  4c 60 16                           jmp SUBSTRING_1             ; JOIN LEFT$
 4534 T:e691                                    ; --------------------------------
 4535 T:e691                                    ; "MID$" FUNCTION
 4536 T:e691                                    ; --------------------------------
 4537 T:e691  a9 ff                    MIDSTR    lda #$ff          ; FLAG WHETHER 2ND PARAMETER
 4538 T:e693  85 a1                              sta FAC+4          ; 
 4539 T:e695  20 b7 00                           jsr CHRGOT                ; SEE IF ")" YET
 4540 T:e698  c9 29                              cmp #(")"&%01111111)     ; 
 4541 T:e69a  f0 06                              beq L_MIDSTR_1                ; YES, NO 2ND PARAMETER
 4542 T:e69c  20 be 0e                           jsr CHKCOM             ; NO, MUST HAVE COMMA
 4543 T:e69f  20 f8 16                           jsr GETBYT                ; GET 2ND PARAM IN X-REG
 4544 T:e6a2  20 b9 16                 L_MIDSTR_1 jsr SUBSTRING_SETUP
 4545 T:e6a5  ca                                 dex                    ; 1ST PARAMETER - 1
 4546 T:e6a6  8a                                 txa 
 4547 T:e6a7  48                                 pha 
 4548 T:e6a8  18                                 clc 
 4549 T:e6a9  a2 00                              ldx #0
 4550 T:e6ab  f1 8c                              sbc (DSCPTR),Y
 4551 T:e6ad  b0 b8                              bcs SUBSTRING_2
 4552 T:e6af  49 ff                              eor #$ff
 4553 T:e6b1  c5 a1                              cmp FAC+4          ; USE SMALLER OF TWO
 4554 T:e6b3  90 b3                              bcc SUBSTRING_3
 4555 T:e6b5  a5 a1                              lda FAC+4
 4556 T:e6b7  b0 af                              bcs SUBSTRING_3             ; ...ALWAYS
 4557 T:e6b9                                    ; --------------------------------
 4558 T:e6b9                                    ; COMMON SETUP ROUTINE FOR LEFT$, RIGHT$, MID$:
 4559 T:e6b9                                    ; REQUIRE ")"; POP RETURN ADRS, GET DESCRIPTOR
 4560 T:e6b9                                    ; ADDRESS, GET 1ST PARAMETER OF COMMAND
 4561 T:e6b9                                    ; --------------------------------
 4562 T:e6b9                           SUBSTRING_SETUP 
 4563 T:e6b9  20 b8 0e                           jsr CHKCLS             ; REQUIRE ")"
 4564 T:e6bc  68                                 pla                    ; SAVE RETURN ADDRESS
 4565 T:e6bd  a8                                 tay                    ; IN Y-REG AND LENGTH
 4566 T:e6be  68                                 pla                    ; 
 4567 T:e6bf  85 91                              sta LENGTH                ; 
 4568 T:e6c1  68                                 pla                    ; POP PREVIOUS RETURN ADDRESS
 4569 T:e6c2  68                                 pla                    ; (FROM GOROUT).
 4570 T:e6c3  68                                 pla                    ; RETRIEVE 1ST PARAMETER
 4571 T:e6c4  aa                                 tax                    ; 
 4572 T:e6c5  68                                 pla                    ; GET ADDRESS OF STRING DESCRIPTOR
 4573 T:e6c6  85 8c                              sta DSCPTR                ; 
 4574 T:e6c8  68                                 pla                    ; 
 4575 T:e6c9  85 8d                              sta DSCPTR+1          ; 
 4576 T:e6cb  a5 91                              lda LENGTH                ; RESTORE RETURN ADDRESS
 4577 T:e6cd  48                                 pha                    ; 
 4578 T:e6ce  98                                 tya                    ; 
 4579 T:e6cf  48                                 pha                    ; 
 4580 T:e6d0  a0 00                              ldy #0             ; 
 4581 T:e6d2  8a                                 txa                    ; GET 1ST PARAMETER IN A-REG
 4582 T:e6d3  f0 1d                              beq GOIQ                ; ERROR IF 0
 4583 T:e6d5  60                                 rts 
 4584 T:e6d6                                    ; --------------------------------
 4585 T:e6d6                                    ; "LEN" FUNCTION
 4586 T:e6d6                                    ; --------------------------------
 4587 T:e6d6  20 dc 16                 LEN       jsr GETSTR             ; GET LENTGH IN Y-REG, MAKE FAC NUMERIC
 4588 T:e6d9  4c 01 13                           jmp SNGFLT             ; FLOAT Y-REG INTO FAC
 4589 T:e6dc                                    ; --------------------------------
 4590 T:e6dc                                    ; IF LAST RESULT IS A TEMPORARY STRING, FREE IT
 4591 T:e6dc                                    ; MAKE VALTYP NUMERIC, RETURN LENGTH IN Y-REG
 4592 T:e6dc                                    ; --------------------------------
 4593 T:e6dc  20 fd 15                 GETSTR    jsr FRESTR          ; IF LAST RESULT IS A STRING, FREE IT
 4594 T:e6df  a2 00                              ldx #0             ; MAKE VALTYP NUMERIC
 4595 T:e6e1  86 11                              stx VALTYP                ; 
 4596 T:e6e3  a8                                 tay                    ; LENGTH OF STRING TO Y-REG
 4597 T:e6e4  60                                 rts 
 4598 T:e6e5                                    ; --------------------------------
 4599 T:e6e5                                    ; "ASC" FUNCTION
 4600 T:e6e5                                    ; --------------------------------
 4601 T:e6e5  20 dc 16                 ASC       jsr GETSTR          ; GET STRING, GET LENGTH IN Y-REG
 4602 T:e6e8  f0 08                              beq GOIQ                ; ERROR IF LENGTH 0
 4603 T:e6ea  a0 00                              ldy #0             ; 
 4604 T:e6ec  b1 5e                              lda (INDEX),Y                   ; GET 1ST CHAR OF STRING
 4605 T:e6ee  a8                                 tay                    ; 
 4606 T:e6ef  4c 01 13                           jmp SNGFLT             ; FLOAT Y-REG INTO FAC
 4607 T:e6f2                                    ; --------------------------------
 4608 T:e6f2  4c 99 11                 GOIQ      jmp IQERR          ; ILLEGAL QUANTITY ERROR
 4609 T:e6f5                                    ; --------------------------------
 4610 T:e6f5                                    ; SCAN TO NEXT CHARACTER AND CONVERT EXPRESSION
 4611 T:e6f5                                    ; TO SINGLE BYTE IN X-REG
 4612 T:e6f5                                    ; --------------------------------
 4613 T:e6f5  20 b1 00                 GTBYTC    jsr CHRGET
 4614 T:e6f8                                    ; --------------------------------
 4615 T:e6f8                                    ; EVALUATE EXPRESSION AT TXTPTR, AND
 4616 T:e6f8                                    ; CONVERT IT TO SINGLE BYTE IN X-REG
 4617 T:e6f8                                    ; --------------------------------
 4618 T:e6f8  20 67 0d                 GETBYT    jsr FRMNUM
 4619 T:e6fb                                    ; --------------------------------
 4620 T:e6fb                                    ; CONVERT (FAC) TO SINGLE BYTE INTEGER IN X-REG
 4621 T:e6fb                                    ; --------------------------------
 4622 T:e6fb  20 08 11                 CONINT    jsr MKINT          ; CONVERT IF IN RANGE -32767 TO +32767
 4623 T:e6fe  a6 a0                              ldx FAC+3          ; HI-BYTE MUST BE ZERO
 4624 T:e700  d0 f0                              bne GOIQ             ; VALUE > 255, ERROR
 4625 T:e702  a6 a1                              ldx FAC+4          ; VALUE IN X-REG
 4626 T:e704  4c b7 00                           jmp CHRGOT                ; GET NEXT CHAR IN A-REG
 4627 T:e707                                    ; --------------------------------
 4628 T:e707                                    ; "VAL" FUNCTION
 4629 T:e707                                    ; --------------------------------
 4630 T:e707  20 dc 16                 VAL       jsr GETSTR          ; GET POINTER TO STRING IN INDEX
 4631 T:e70a  d0 03                              bne L_VAL_1                ; LENGTH NON-ZERO
 4632 T:e70c  4c 4e 18                           jmp ZERO_FAC                ; RETURN 0 IF LENGTH=0
 4633 T:e70f  a6 b8                    L_VAL_1   ldx TXTPTR             ; SAVE CURRENT TXTPTR
 4634 T:e711  a4 b9                              ldy TXTPTR+1          ; 
 4635 T:e713  86 ad                              stx STRNG2                ; 
 4636 T:e715  84 ae                              sty STRNG2+1          ; 
 4637 T:e717  a6 5e                              ldx INDEX                ; 
 4638 T:e719  86 b8                              stx TXTPTR                ; POINT TXTPTR TO START OF STRING
 4639 T:e71b  18                                 clc                    ; 
 4640 T:e71c  65 5e                              adc INDEX                ; ADD LENGTH
 4641 T:e71e  85 60                              sta DEST                ; POINT DEST TO END OF STRING + 1
 4642 T:e720  a6 5f                              ldx INDEX+1          ; 
 4643 T:e722  86 b9                              stx TXTPTR+1          ; 
 4644 T:e724  90 01                              bcc L_VAL_2                ; 
 4645 T:e726  e8                                 inx                    ; 
 4646 T:e727  86 61                    L_VAL_2   stx DEST+1       ; 
 4647 T:e729  a0 00                              ldy #0             ; SAVE BYTE THAT FOLLOWS STRING
 4648 T:e72b  b1 60                              lda (DEST),Y                    ; ON STACK
 4649 T:e72d  48                                 pha                    ; 
 4650 T:e72e  a9 00                              lda #0             ; AND STORE $00 IN ITS PLACE
 4651 T:e730  91 60                              sta (DEST),Y                    ; 
 4652 T:e732                                    ; <<< THAT CAUSES A BUG IF HIMEM = $BFFF, >>>
 4653 T:e732                                    ; <<< BECAUSE STORING $00 AT $C000 IS NO  >>>
 4654 T:e732                                    ; <<< USE; $C000 WILL ALWAYS BE LAST CHAR >>>
 4655 T:e732                                    ; <<< TYPED, SO FIN WON'T TERMINATE UNTIL >>>
 4656 T:e732                                    ; <<< IT SEES A ZERO AT $C010!            >>>
 4657 T:e732  20 b7 00                           jsr CHRGOT                ; PRIME THE PUMP
 4658 T:e735  20 4a 1c                           jsr FIN                ; EVALUATE STRING
 4659 T:e738  68                                 pla                    ; GET BYTE THAT SHOULD FOLLOW STRING
 4660 T:e739  a0 00                              ldy #0             ; AND PUT IT BACK
 4661 T:e73b  91 60                              sta (DEST),Y                    ; 
 4662 T:e73d                                    ; RESTORE TXTPTR
 4663 T:e73d                                    ; --------------------------------
 4664 T:e73d                                    ; COPY STRNG2 INTO TXTPTR
 4665 T:e73d                                    ; --------------------------------
 4666 T:e73d  a6 ad                    POINT     ldx STRNG2             ; 
 4667 T:e73f  a4 ae                              ldy STRNG2+1          ; 
 4668 T:e741  86 b8                              stx TXTPTR                ; 
 4669 T:e743  84 b9                              sty TXTPTR+1          ; 
 4670 T:e745  60                                 rts                    ; 
 4671 T:e746                                    ; --------------------------------
 4672 T:e746                                    ; EVALUATE "EXP1,EXP2"
 4673 T:e746                                    ; 
 4674 T:e746                                    ; CONVERT EXP1 TO 16-BIT NUMBER IN LINNUM
 4675 T:e746                                    ; CONVERT EXP2 TO 8-BIT NUMBER IN X-REG
 4676 T:e746                                    ; --------------------------------
 4677 T:e746  20 67 0d                 GTNUM     jsr FRMNUM          ; 
 4678 T:e749  20 52 17                           jsr GETADR                ; 
 4679 T:e74c                                    ; --------------------------------
 4680 T:e74c                                    ; EVALUATE ",EXPRESSION"
 4681 T:e74c                                    ; CONVERT EXPRESSION TO SINGLE BYTE IN X-REG
 4682 T:e74c                                    ; --------------------------------
 4683 T:e74c                           COMBYTE                    ; 
 4684 T:e74c  20 be 0e                           jsr CHKCOM             ; MUST HAVE COMMA FIRST
 4685 T:e74f  4c f8 16                           jmp GETBYT             ; CONVERT EXPRESSION TO BYTE IN X-REG
 4686 T:e752                                    ; --------------------------------
 4687 T:e752                                    ; CONVERT (FAC) TO A 16-BIT VALUE IN LINNUM
 4688 T:e752                                    ; --------------------------------
 4689 T:e752  a5 9d                    GETADR    lda FAC             ; FAC < 2^16?
 4690 T:e754  c9 91                              cmp #$91             ; 
 4691 T:e756  b0 9a                              bcs GOIQ             ; NO, ILLEGAL QUANTITY
 4692 T:e758  20 f2 1b                           jsr QINT                ; CONVERT TO INTEGER
 4693 T:e75b  a5 a0                              lda FAC+3          ; COPY IT INTO LINNUM
 4694 T:e75d  a4 a1                              ldy FAC+4          ; 
 4695 T:e75f  84 50                              sty LINNUM                ; TO LINNUM
 4696 T:e761  85 51                              sta LINNUM+1          ; 
 4697 T:e763  60                                 rts                    ; 
 4698 T:e764                                    ; --------------------------------
 4699 T:e764                                    ; "PEEK" FUNCTION
 4700 T:e764                                    ; --------------------------------
 4701 T:e764  a5 50                    PEEK      lda LINNUM             ; SAVE (LINNUM) ON STACK DURING PEEK
 4702 T:e766  48                                 pha                    ; 
 4703 T:e767  a5 51                              lda LINNUM+1          ; 
 4704 T:e769  48                                 pha                    ; 
 4705 T:e76a  20 52 17                           jsr GETADR             ; GET ADDRESS PEEKING AT
 4706 T:e76d  a0 00                              ldy #0
 4707 T:e76f  b1 50                              lda (LINNUM),Y                  ; TAKE A QUICK LOOK
 4708 T:e771  a8                                 tay                    ; VALUE IN Y-REG
 4709 T:e772  68                                 pla                    ; RESTORE LINNUM FROM STACK
 4710 T:e773  85 51                              sta LINNUM+1          ; 
 4711 T:e775  68                                 pla                    ; 
 4712 T:e776  85 50                              sta LINNUM                ; 
 4713 T:e778  4c 01 13                           jmp SNGFLT             ; FLOAT Y-REG INTO FAC
 4714 T:e77b                                    ; --------------------------------
 4715 T:e77b                                    ; "POKE" STATEMENT
 4716 T:e77b                                    ; --------------------------------
 4717 T:e77b  20 46 17                 POKE      jsr GTNUM          ; GET THE ADDRESS AND VALUE
 4718 T:e77e  8a                                 txa                    ; VALUE IN A,
 4719 T:e77f  a0 00                              ldy #0             ; 
 4720 T:e781  91 50                              sta (LINNUM),Y                  ; STORE IT AWAY,
 4721 T:e783  60                                 rts                    ; AND THAT'S ALL FOR TODAY
 4722 T:e784                                    ; --------------------------------
 4723 T:e784                                    ; "WAIT" STATEMENT
 4724 T:e784                                    ; --------------------------------
 4725 T:e784  20 46 17                 WAIT      jsr GTNUM          ; GET ADDRESS IN LINNUM, MASK IN X
 4726 T:e787  86 85                              stx FORPNT                ; SAVE MASK
 4727 T:e789  a2 00                              ldx #0             ; 
 4728 T:e78b  20 b7 00                           jsr CHRGOT                ; ANOTHER PARAMETER?
 4729 T:e78e  f0 03                              beq L_WAIT_1                ; NO, USE $00 FOR EXCLUSIVE-OR
 4730 T:e790  20 4c 17                           jsr COMBYTE             ; GET XOR-MASK
 4731 T:e793  86 86                    L_WAIT_1  stx FORPNT+1       ; SAVE XOR-MASK HERE
 4732 T:e795  a0 00                              ldy #0
 4733 T:e797  b1 50                    L_WAIT_2  lda (LINNUM),Y                  ; GET BYTE AT ADDRESS
 4734 T:e799  45 86                              eor FORPNT+1          ; INVERT SPECIFIED BITS
 4735 T:e79b  25 85                              and FORPNT                ; SELECT SPECIFIED BITS
 4736 T:e79d  f0 f8                              beq L_WAIT_2             ; LOOP TILL NOT 0
 4737 T:e79f  60                       RTS_10    rts 
 4738 T:e7a0                                    ; --------------------------------
 4739 T:e7a0                                    ; ADD 0L_RTS_10_5 TO FAC
 4740 T:e7a0                                    ; --------------------------------
 4741 T:e7a0  a9 64                    FADDH     lda #<CON_HALF           ; FAC+1/2 -> FAC
 4742 T:e7a2  a0 1e                              ldy #>CON_HALF
 4743 T:e7a4  4c be 17                           jmp FADD
 4744 T:e7a7                                    ; --------------------------------
 4745 T:e7a7                                    ; FAC = (Y,A) - FAC
 4746 T:e7a7                                    ; --------------------------------
 4747 T:e7a7  20 e3 19                 FSUB      jsr LOAD_ARG_FROM_YA
 4748 T:e7aa                                    ; --------------------------------
 4749 T:e7aa                                    ; FAC = ARG - FAC
 4750 T:e7aa                                    ; --------------------------------
 4751 T:e7aa  a5 a2                    FSUBT     lda FAC_SIGN             ; COMPLEMENT FAC AND ADD
 4752 T:e7ac  49 ff                              eor #$ff             ; 
 4753 T:e7ae  85 a2                              sta FAC_SIGN                ; 
 4754 T:e7b0  45 aa                              eor ARG_SIGN                ; FIX SGNCPR TOO
 4755 T:e7b2  85 ab                              sta SGNCPR                ; 
 4756 T:e7b4  a5 9d                              lda FAC                ; MAKE STATUS SHOW FAC EXPONENT
 4757 T:e7b6  4c c1 17                           jmp FADDT                ; JOIN FADD
 4758 T:e7b9                                    ; --------------------------------
 4759 T:e7b9                                    ; SHIFT SMALLER ARGUMENT MORE THAN 7 BITS
 4760 T:e7b9                                    ; --------------------------------
 4761 T:e7b9  20 f0 18                 FADD_1    jsr SHIFT_RIGHT             ; ALIGN RADIX BY SHIFTING
 4762 T:e7bc  90 3c                              bcc FADD_3                ; ...ALWAYS
 4763 T:e7be                                    ; --------------------------------
 4764 T:e7be                                    ; FAC = (Y,A) + FAC
 4765 T:e7be                                    ; --------------------------------
 4766 T:e7be  20 e3 19                 FADD      jsr LOAD_ARG_FROM_YA
 4767 T:e7c1                                    ; --------------------------------
 4768 T:e7c1                                    ; FAC = ARG + FAC
 4769 T:e7c1                                    ; --------------------------------
 4770 T:e7c1  d0 03                    FADDT     bne L_FADDT_1             ; FAC IS NON-ZERO
 4771 T:e7c3  4c 53 1b                           jmp COPY_ARG_TO_FAC                ; FAC = 0 + ARG
 4772 T:e7c6  a6 ac                    L_FADDT_1 ldx FAC_EXTENSION
 4773 T:e7c8  86 92                              stx ARG_EXTENSION
 4774 T:e7ca  a2 a5                              ldx #ARG               ; SET UP TO SHIFT ARG
 4775 T:e7cc  a5 a5                              lda ARG                ; EXPONENT
 4776 T:e7ce                                    ; --------------------------------
 4777 T:e7ce  a8                       FADD_2    tay 
 4778 T:e7cf  f0 ce                              beq RTS_10             ; IF ARG=0, WE ARE FINISHED
 4779 T:e7d1  38                                 sec                    ; 
 4780 T:e7d2  e5 9d                              sbc FAC                ; GET DIFFNCE OF EXP
 4781 T:e7d4  f0 24                              beq FADD_3                ; GO ADD IF SAME EXP
 4782 T:e7d6  90 12                              bcc L_FADD_2_1                ; ARG HAS SMALLER EXPONENT
 4783 T:e7d8  84 9d                              sty FAC                ; EXP HAS SMALLER EXPONENT
 4784 T:e7da  a4 aa                              ldy ARG_SIGN                ; 
 4785 T:e7dc  84 a2                              sty FAC_SIGN                ; 
 4786 T:e7de  49 ff                              eor #$ff             ; COMPLEMENT SHIFT COUNT
 4787 T:e7e0  69 00                              adc #0             ; CARRY WAS SET
 4788 T:e7e2  a0 00                              ldy #0
 4789 T:e7e4  84 92                              sty ARG_EXTENSION
 4790 T:e7e6  a2 9d                              ldx #FAC               ; SET UP TO SHIFT FAC
 4791 T:e7e8  d0 04                              bne L_FADD_2_2                ; ...ALWAYS
 4792 T:e7ea  a0 00                    L_FADD_2_1 ldy #0
 4793 T:e7ec  84 ac                              sty FAC_EXTENSION
 4794 T:e7ee  c9 f9                    L_FADD_2_2 cmp #$f9          ; SHIFT MORE THAN 7 BITS?
 4795 T:e7f0  30 c7                              bmi FADD_1             ; YES
 4796 T:e7f2  a8                                 tay                    ; INDEX TO # OF SHIFTS
 4797 T:e7f3  a5 ac                              lda FAC_EXTENSION
 4798 T:e7f5  56 01                              lsr 1,X                         ; START SHIFTING...
 4799 T:e7f7  20 07 19                           jsr SHIFT_RIGHT_4                ; ...COMPLETE SHIFTING
 4800 T:e7fa  24 ab                    FADD_3    bit SGNCPR             ; DO FAC AND ARG HAVE SAME SIGNS?
 4801 T:e7fc  10 57                              bpl FADD_4                ; YES, ADD THE MANTISSAS
 4802 T:e7fe  a0 9d                              ldy #FAC               ; NO, SUBTRACT SMALLER FROM LARGER
 4803 T:e800  e0 a5                              cpx #ARG               ; WHICH WAS ADJUSTED?
 4804 T:e802  f0 02                              beq L_FADD_3_1                ; IF ARG, DO FAC-ARG
 4805 T:e804  a0 a5                              ldy #ARG               ; IF FAC, DO ARG-FAC
 4806 T:e806  38                       L_FADD_3_1 sec                 ; SUBTRACT SMALLER FROM LARGER (WE HOPE)
 4807 T:e807  49 ff                              eor #$ff             ; (IF EXPONENTS WERE EQUAL, WE MIGHT BE
 4808 T:e809  65 92                              adc ARG_EXTENSION                ; SUBTRACTING LARGER FROM SMALLER)
 4809 T:e80b  85 ac                              sta FAC_EXTENSION
 4810 T:e80d  b9 04 00                           lda 4,Y
 4811 T:e810  f5 04                              sbc 4,X
 4812 T:e812  85 a1                              sta FAC+4
 4813 T:e814  b9 03 00                           lda 3,Y
 4814 T:e817  f5 03                              sbc 3,X
 4815 T:e819  85 a0                              sta FAC+3
 4816 T:e81b  b9 02 00                           lda 2,Y
 4817 T:e81e  f5 02                              sbc 2,X
 4818 T:e820  85 9f                              sta FAC+2
 4819 T:e822  b9 01 00                           lda 1,Y
 4820 T:e825  f5 01                              sbc 1,X
 4821 T:e827  85 9e                              sta FAC+1
 4822 T:e829                                    ; --------------------------------
 4823 T:e829                                    ; NORMALIZE VALUE IN FAC
 4824 T:e829                                    ; --------------------------------
 4825 T:e829                           NORMALIZE_FAC_1 
 4826 T:e829  b0 03                              bcs NORMALIZE_FAC_2
 4827 T:e82b  20 9e 18                           jsr COMPLEMENT_FAC
 4828 T:e82e                                    ; --------------------------------
 4829 T:e82e                           NORMALIZE_FAC_2 
 4830 T:e82e  a0 00                              ldy #0             ; SHIFT UP SIGNIF DIGIT
 4831 T:e830  98                                 tya                    ; START A=0, COUNT SHIFTS IN A-REG
 4832 T:e831  18                                 clc 
 4833 T:e832  a6 9e                    L_NORMALIZE_FAC_2_1 ldx FAC+1       ; LOOK AT MOST SIGNIFICANT BYTE
 4834 T:e834  d0 4a                              bne NORMALIZE_FAC_4                ; SOME 1-BITS HERE
 4835 T:e836  a6 9f                              ldx FAC+2          ; HI-BYTE OF MANTISSA STILL ZERO,
 4836 T:e838  86 9e                              stx FAC+1          ; SO DO A FAST 8-BIT SHUFFLE
 4837 T:e83a  a6 a0                              ldx FAC+3
 4838 T:e83c  86 9f                              stx FAC+2
 4839 T:e83e  a6 a1                              ldx FAC+4
 4840 T:e840  86 a0                              stx FAC+3
 4841 T:e842  a6 ac                              ldx FAC_EXTENSION
 4842 T:e844  86 a1                              stx FAC+4
 4843 T:e846  84 ac                              sty FAC_EXTENSION                ; ZERO EXTENSION BYTE
 4844 T:e848  69 08                              adc #8             ; BUMP SHIFT COUNT
 4845 T:e84a  c9 20                              cmp #32             ; DONE 4 TIMES YET?
 4846 T:e84c  d0 e4                              bne L_NORMALIZE_FAC_2_1             ; NO, STILL MIGHT BE SOME 1'S
 4847 T:e84e                                    ; YES, VALUE OF FAC IS ZERO
 4848 T:e84e                                    ; --------------------------------
 4849 T:e84e                                    ; SET FAC = 0
 4850 T:e84e                                    ; (ONLY NECESSARY TO ZERO EXPONENT AND SIGN CELLS)
 4851 T:e84e                                    ; --------------------------------
 4852 T:e84e                           ZERO_FAC  
 4853 T:e84e  a9 00                              lda #0
 4854 T:e850                                    ; --------------------------------
 4855 T:e850                           STA_IN_FAC_SIGN_AND_EXP 
 4856 T:e850  85 9d                              sta FAC
 4857 T:e852                                    ; --------------------------------
 4858 T:e852                           STA_IN_FAC_SIGN 
 4859 T:e852  85 a2                              sta FAC_SIGN
 4860 T:e854  60                                 rts 
 4861 T:e855                                    ; --------------------------------
 4862 T:e855                                    ; ADD MANTISSAS OF FAC AND ARG INTO FAC
 4863 T:e855                                    ; --------------------------------
 4864 T:e855  65 92                    FADD_4    adc ARG_EXTENSION
 4865 T:e857  85 ac                              sta FAC_EXTENSION
 4866 T:e859  a5 a1                              lda FAC+4
 4867 T:e85b  65 a9                              adc ARG+4
 4868 T:e85d  85 a1                              sta FAC+4
 4869 T:e85f  a5 a0                              lda FAC+3
 4870 T:e861  65 a8                              adc ARG+3
 4871 T:e863  85 a0                              sta FAC+3
 4872 T:e865  a5 9f                              lda FAC+2
 4873 T:e867  65 a7                              adc ARG+2
 4874 T:e869  85 9f                              sta FAC+2
 4875 T:e86b  a5 9e                              lda FAC+1
 4876 T:e86d  65 a6                              adc ARG+1
 4877 T:e86f  85 9e                              sta FAC+1
 4878 T:e871  4c 8d 18                           jmp NORMALIZE_FAC_5
 4879 T:e874                                    ; --------------------------------
 4880 T:e874                                    ; FINISH NORMALIZING FAC
 4881 T:e874                                    ; --------------------------------
 4882 T:e874                           NORMALIZE_FAC_3 
 4883 T:e874  69 01                              adc #1             ; COUNT BITS SHIFTED
 4884 T:e876  06 ac                              asl FAC_EXTENSION
 4885 T:e878  26 a1                              rol FAC+4
 4886 T:e87a  26 a0                              rol FAC+3
 4887 T:e87c  26 9f                              rol FAC+2
 4888 T:e87e  26 9e                              rol FAC+1
 4889 T:e880                                    ; --------------------------------
 4890 T:e880                           NORMALIZE_FAC_4 
 4891 T:e880  10 f2                              bpl NORMALIZE_FAC_3             ; UNTIL TOP BIT = 1
 4892 T:e882  38                                 sec 
 4893 T:e883  e5 9d                              sbc FAC                ; ADJUST EXPONENT BY BITS SHIFTED
 4894 T:e885  b0 c7                              bcs ZERO_FAC             ; UNDERFLOW, RETURN ZERO
 4895 T:e887  49 ff                              eor #$ff             ; 
 4896 T:e889  69 01                              adc #1             ; 2'S COMPLEMENT
 4897 T:e88b  85 9d                              sta FAC                ; CARRY=0 NOW
 4898 T:e88d                                    ; --------------------------------
 4899 T:e88d                           NORMALIZE_FAC_5                  ; 
 4900 T:e88d  90 0e                              bcc RTS_11                ; UNLESS MANTISSA CARRIED
 4901 T:e88f                                    ; --------------------------------
 4902 T:e88f                           NORMALIZE_FAC_6                  ; 
 4903 T:e88f  e6 9d                              inc FAC                ; MANTISSA CARRIED, SO SHIFT RIGHT
 4904 T:e891  f0 42                              beq OVERFLOW                ; OVERFLOW IF EXPONENT TOO BIG
 4905 T:e893  66 9e                              ror FAC+1
 4906 T:e895  66 9f                              ror FAC+2
 4907 T:e897  66 a0                              ror FAC+3
 4908 T:e899  66 a1                              ror FAC+4
 4909 T:e89b  66 ac                              ror FAC_EXTENSION
 4910 T:e89d  60                       RTS_11    rts 
 4911 T:e89e                                    ; --------------------------------
 4912 T:e89e                                    ; 2'S COMPLEMENT OF FAC
 4913 T:e89e                                    ; --------------------------------
 4914 T:e89e                           COMPLEMENT_FAC 
 4915 T:e89e  a5 a2                              lda FAC_SIGN
 4916 T:e8a0  49 ff                              eor #$ff
 4917 T:e8a2  85 a2                              sta FAC_SIGN
 4918 T:e8a4                                    ; --------------------------------
 4919 T:e8a4                                    ; 2'S COMPLEMENT OF FAC MANTISSA ONLY
 4920 T:e8a4                                    ; --------------------------------
 4921 T:e8a4                           COMPLEMENT_FAC_MANTISSA 
 4922 T:e8a4  a5 9e                              lda FAC+1
 4923 T:e8a6  49 ff                              eor #$ff
 4924 T:e8a8  85 9e                              sta FAC+1
 4925 T:e8aa  a5 9f                              lda FAC+2
 4926 T:e8ac  49 ff                              eor #$ff
 4927 T:e8ae  85 9f                              sta FAC+2
 4928 T:e8b0  a5 a0                              lda FAC+3
 4929 T:e8b2  49 ff                              eor #$ff
 4930 T:e8b4  85 a0                              sta FAC+3
 4931 T:e8b6  a5 a1                              lda FAC+4
 4932 T:e8b8  49 ff                              eor #$ff
 4933 T:e8ba  85 a1                              sta FAC+4
 4934 T:e8bc  a5 ac                              lda FAC_EXTENSION
 4935 T:e8be  49 ff                              eor #$ff
 4936 T:e8c0  85 ac                              sta FAC_EXTENSION
 4937 T:e8c2  e6 ac                              inc FAC_EXTENSION                ; START INCREMENTING MANTISSA
 4938 T:e8c4  d0 0e                              bne RTS_12
 4939 T:e8c6                                    ; --------------------------------
 4940 T:e8c6                                    ; INCREMENT FAC MANTISSA
 4941 T:e8c6                                    ; --------------------------------
 4942 T:e8c6                           INCREMENT_FAC_MANTISSA 
 4943 T:e8c6  e6 a1                              inc FAC+4          ; ADD CARRY FROM EXTRA
 4944 T:e8c8  d0 0a                              bne RTS_12
 4945 T:e8ca  e6 a0                              inc FAC+3
 4946 T:e8cc  d0 06                              bne RTS_12
 4947 T:e8ce  e6 9f                              inc FAC+2
 4948 T:e8d0  d0 02                              bne RTS_12
 4949 T:e8d2  e6 9e                              inc FAC+1
 4950 T:e8d4  60                       RTS_12    rts 
 4951 T:e8d5                                    ; --------------------------------
 4952 T:e8d5                           OVERFLOW  
 4953 T:e8d5  a2 45                              ldx #ERR_OVERFLOW
 4954 T:e8d7  4c 12 04                           jmp ERROR
 4955 T:e8da                                    ; --------------------------------
 4956 T:e8da                                    ; SHIFT 1,X THRU 5,X RIGHT
 4957 T:e8da                                    ; (A) = NEGATIVE OF SHIFT COUNT
 4958 T:e8da                                    ; (X) = POINTER TO BYTES TO BE SHIFTED
 4959 T:e8da                                    ; 
 4960 T:e8da                                    ; RETURN WITH (Y)=0, CARRY=0, EXTENSION BITS IN A-REG
 4961 T:e8da                                    ; --------------------------------
 4962 T:e8da                           SHIFT_RIGHT_1 
 4963 T:e8da  a2 61                              ldx #RESULT-1         ; SHIFT RESULT RIGHT
 4964 T:e8dc                           SHIFT_RIGHT_2                  ; 
 4965 T:e8dc  b4 04                              ldy 4,X                         ; SHIFT 8 BITS RIGHT
 4966 T:e8de  84 ac                              sty FAC_EXTENSION                ; 
 4967 T:e8e0  b4 03                              ldy 3,X                         ; 
 4968 T:e8e2  94 04                              sty 4,X                         ; 
 4969 T:e8e4  b4 02                              ldy 2,X                         ; 
 4970 T:e8e6  94 03                              sty 3,X                         ; 
 4971 T:e8e8  b4 01                              ldy 1,X                         ; 
 4972 T:e8ea  94 02                              sty 2,X                         ; 
 4973 T:e8ec  a4 a4                              ldy SHIFT_SIGN_EXT                ; $00 IF +, $FF IF -
 4974 T:e8ee  94 01                              sty 1,X
 4975 T:e8f0                                    ; --------------------------------
 4976 T:e8f0                                    ; MAIN ENTRY TO RIGHT SHIFT SUBROUTINE
 4977 T:e8f0                                    ; --------------------------------
 4978 T:e8f0                           SHIFT_RIGHT 
 4979 T:e8f0  69 08                              adc #8
 4980 T:e8f2  30 e8                              bmi SHIFT_RIGHT_2             ; STILL MORE THAN 8 BITS TO GO
 4981 T:e8f4  f0 e6                              beq SHIFT_RIGHT_2             ; EXACTLY 8 MORE BITS TO GO
 4982 T:e8f6  e9 08                              sbc #8             ; UNDO ADC ABOVE
 4983 T:e8f8  a8                                 tay                    ; REMAINING SHIFT COUNT
 4984 T:e8f9  a5 ac                              lda FAC_EXTENSION                ; 
 4985 T:e8fb  b0 14                              bcs SHIFT_RIGHT_5                ; FINISHED SHIFTING
 4986 T:e8fd                           SHIFT_RIGHT_3                  ; 
 4987 T:e8fd  16 01                    L         asl 1,X                         ; SIGN -> CARRY (SIGN EXTENSION)
 4988 T:e8ff  90 02                              bcc L_L_1                ; SIGN +
 4989 T:e901  f6 01                              inc 1,X                         ; PUT SIGN IN LSB
 4990 T:e903  76 01                    L_L_1     ror 1,X                         ; RESTORE VALUE, SIGN STILL IN CARRY
 4991 T:e905  76 01                              ror 1,X                         ; START RIGHT SHIFT, INSERTING SIGN
 4992 T:e907                                    ; --------------------------------
 4993 T:e907                                    ; ENTER HERE FOR SHORT SHIFTS WITH NO SIGN EXTENSION
 4994 T:e907                                    ; --------------------------------
 4995 T:e907                           SHIFT_RIGHT_4 
 4996 T:e907  76 02                              ror 2,X
 4997 T:e909  76 03                              ror 3,X
 4998 T:e90b  76 04                              ror 4,X
 4999 T:e90d  6a                                 ror                    ; EXTENSION
 5000 T:e90e  c8                                 iny                    ; COUNT THE SHIFT
 5001 T:e90f  d0 ec                              bne SHIFT_RIGHT_3             ; 
 5002 T:e911                           SHIFT_RIGHT_5                  ; 
 5003 T:e911  18                                 clc                    ; RETURN WITH CARRY CLEAR
 5004 T:e912  60                                 rts 
 5005 T:e913                                    ; --------------------------------
 5006 T:e913                                    ; --------------------------------

 5008 T:e913  81 00 00 00 00           CON_ONE   .byt $81,$00,$00,$00,$00
 5009 T:e918                                    ; --------------------------------
 5010 T:e918  03                       POLY_LOG  .byt 3           ; # OF COEFFICIENTS - 1
 5011 T:e919  7f 5e 56 cb 79                     .byt $7f,$5e,$56,$cb,$79; * X^7 +
 5012 T:e91e  80 13 9b 0b 64                     .byt $80,$13,$9b,$0b,$64; * X^5 +
 5013 T:e923  80 76 38 93 16                     .byt $80,$76,$38,$93,$16; * X^3 +
 5014 T:e928  82 38 aa 3b 20                     .byt $82,$38,$aa,$3b,$20; * X
 5015 T:e92d                                    ; --------------------------------

 5017 T:e92d  80 35 04 f3 34           CON_SQR_HALF .byt $80,$35,$04,$f3,$34
 5018 T:e932  81 35 04 f3 34           CON_SQR_TWO .byt $81,$35,$04,$f3,$34
 5019 T:e937  80 80 00 00 00           CON_NEG_HALF .byt $80,$80,$00,$00,$00
 5020 T:e93c  80 31 72 17 f8           CON_LOG_TWO .byt $80,$31,$72,$17,$f8
 5021 T:e941                                    ; --------------------------------
 5022 T:e941                                    ; "LOG" FUNCTION
 5023 T:e941                                    ; --------------------------------
 5024 T:e941  20 82 1b                 LOG       jsr SIGN             ; GET -1,0,+1 IN A-REG FOR FAC
 5025 T:e944  f0 02                              beq GIQ                ; LOG (0) IS ILLEGAL
 5026 T:e946  10 03                              bpl LOG_2                ; >0 IS OK
 5027 T:e948  4c 99 11                 GIQ       jmp IQERR          ; <= 0 IS NO GOOD
 5028 T:e94b  a5 9d                    LOG_2     lda FAC             ; FIRST GET LOG BASE 2
 5029 T:e94d  e9 7f                              sbc #$7f             ; SAVE UNBIASED EXPONENT
 5030 T:e94f  48                                 pha                    ; 
 5031 T:e950  a9 80                              lda #$80             ; NORMALIZE BETWEEN L_LOG_2_5 AND 1
 5032 T:e952  85 9d                              sta FAC
 5033 T:e954  a9 2d                              lda #<CON_SQR_HALF
 5034 T:e956  a0 19                              ldy #>CON_SQR_HALF
 5035 T:e958  20 be 17                           jsr FADD             ; COMPUTE VIA SERIES OF ODD
 5036 T:e95b  a9 32                              lda #<CON_SQR_TWO           ; POWERS OF
 5037 T:e95d  a0 19                              ldy #>CON_SQR_TWO           ; (SQR(2)X-1)/(SQR(2)X+1)
 5038 T:e95f  20 66 1a                           jsr FDIV
 5039 T:e962  a9 13                              lda #<CON_ONE
 5040 T:e964  a0 19                              ldy #>CON_ONE
 5041 T:e966  20 a7 17                           jsr FSUB
 5042 T:e969  a9 18                              lda #<POLY_LOG
 5043 T:e96b  a0 19                              ldy #>POLY_LOG
 5044 T:e96d  20 5c 1f                           jsr POLYNOMIAL_ODD
 5045 T:e970  a9 37                              lda #<CON_NEG_HALF
 5046 T:e972  a0 19                              ldy #>CON_NEG_HALF
 5047 T:e974  20 be 17                           jsr FADD
 5048 T:e977  68                                 pla 
 5049 T:e978  20 d5 1c                           jsr ADDACC                ; ADD ORIGINAL EXPONENT
 5050 T:e97b  a9 3c                              lda #<CON_LOG_TWO           ; MULTIPLY BY LOG(2) TO FORM
 5051 T:e97d  a0 19                              ldy #>CON_LOG_TWO           ; NATURAL LOG OF X
 5052 T:e97f                                    ; --------------------------------
 5053 T:e97f                                    ; FAC = (Y,A) * FAC
 5054 T:e97f                                    ; --------------------------------
 5055 T:e97f  20 e3 19                 FMULT     jsr LOAD_ARG_FROM_YA
 5056 T:e982                                    ; --------------------------------
 5057 T:e982                                    ; FAC = ARG * FAC
 5058 T:e982                                    ; --------------------------------
 5059 T:e982  d0 03                    FMULTT    bne L_FMULTT_1             ; FAC .NE. ZERO
 5060 T:e984  4c e2 19                           jmp RTS_13                ; FAC = 0 * ARG = 0
 5061 T:e987                                    ; <<< WHY IS LINE ABOVE JUST "RTS"? >>>
 5062 T:e987                                    ; --------------------------------
 5063 T:e987                                    ; 
 5064 T:e987                                    ; --------------------------------
 5065 T:e987  20 0e 1a                 L_FMULTT_1 jsr ADD_EXPONENTS
 5066 T:e98a  a9 00                              lda #0
 5067 T:e98c  85 62                              sta RESULT                ; INIT PRODUCT = 0
 5068 T:e98e  85 63                              sta RESULT+1
 5069 T:e990  85 64                              sta RESULT+2
 5070 T:e992  85 65                              sta RESULT+3
 5071 T:e994  a5 ac                              lda FAC_EXTENSION
 5072 T:e996  20 b0 19                           jsr MULTIPLY_1
 5073 T:e999  a5 a1                              lda FAC+4
 5074 T:e99b  20 b0 19                           jsr MULTIPLY_1
 5075 T:e99e  a5 a0                              lda FAC+3
 5076 T:e9a0  20 b0 19                           jsr MULTIPLY_1
 5077 T:e9a3  a5 9f                              lda FAC+2
 5078 T:e9a5  20 b0 19                           jsr MULTIPLY_1
 5079 T:e9a8  a5 9e                              lda FAC+1
 5080 T:e9aa  20 b5 19                           jsr MULTIPLY_2
 5081 T:e9ad  4c e6 1a                           jmp COPY_RESULT_INTO_FAC
 5082 T:e9b0                                    ; --------------------------------
 5083 T:e9b0                                    ; MULTIPLY ARG BY (A) INTO RESULT
 5084 T:e9b0                                    ; --------------------------------
 5085 T:e9b0                           MULTIPLY_1 
 5086 T:e9b0  d0 03                              bne MULTIPLY_2                ; THIS BYTE NON-ZERO
 5087 T:e9b2  4c da 18                           jmp SHIFT_RIGHT_1             ; (A)=0, JUST SHIFT ARG RIGHT 8
 5088 T:e9b5                                    ; --------------------------------
 5089 T:e9b5                           MULTIPLY_2                  ; 
 5090 T:e9b5  4a                                 lsr                    ; SHIFT BIT INTO CARRY
 5091 T:e9b6  09 80                              ora #$80             ; SUPPLY SENTINEL BIT
 5092 T:e9b8  a8                       L_MULTIPLY_2_1 tay                 ; REMAINING MULTIPLIER TO Y
 5093 T:e9b9  90 19                              bcc L_MULTIPLY_2_2                ; THIS MULTIPLIER BIT = 0
 5094 T:e9bb  18                                 clc                    ; = 1, SO ADD ARG TO RESULT
 5095 T:e9bc  a5 65                              lda RESULT+3
 5096 T:e9be  65 a9                              adc ARG+4
 5097 T:e9c0  85 65                              sta RESULT+3
 5098 T:e9c2  a5 64                              lda RESULT+2
 5099 T:e9c4  65 a8                              adc ARG+3
 5100 T:e9c6  85 64                              sta RESULT+2
 5101 T:e9c8  a5 63                              lda RESULT+1
 5102 T:e9ca  65 a7                              adc ARG+2
 5103 T:e9cc  85 63                              sta RESULT+1
 5104 T:e9ce  a5 62                              lda RESULT
 5105 T:e9d0  65 a6                              adc ARG+1
 5106 T:e9d2  85 62                              sta RESULT
 5107 T:e9d4  66 62                    L_MULTIPLY_2_2 ror RESULT             ; SHIFT RESULT RIGHT 1
 5108 T:e9d6  66 63                              ror RESULT+1          ; 
 5109 T:e9d8  66 64                              ror RESULT+2          ; 
 5110 T:e9da  66 65                              ror RESULT+3          ; 
 5111 T:e9dc  66 ac                              ror FAC_EXTENSION                ; 
 5112 T:e9de  98                                 tya                    ; REMAINING MULTIPLIER
 5113 T:e9df  4a                                 lsr                    ; LSB INTO CARRY
 5114 T:e9e0  d0 d6                              bne L_MULTIPLY_2_1             ; IF SENTINEL STILL HERE, MULTIPLY
 5115 T:e9e2  60                       RTS_13    rts                 ; 8 X 32 COMPLETED
 5116 T:e9e3                                    ; --------------------------------
 5117 T:e9e3                                    ; UNPACK NUMBER AT (Y,A) INTO ARG
 5118 T:e9e3                                    ; --------------------------------
 5119 T:e9e3                           LOAD_ARG_FROM_YA 
 5120 T:e9e3  85 5e                              sta INDEX                ; USE INDEX FOR PNTR
 5121 T:e9e5  84 5f                              sty INDEX+1          ; 
 5122 T:e9e7  a0 04                              ldy #4             ; FIVE BYTES TO MOVE
 5123 T:e9e9  b1 5e                              lda (INDEX),Y                   ; 
 5124 T:e9eb  85 a9                              sta ARG+4          ; 
 5125 T:e9ed  88                                 dey                    ; 
 5126 T:e9ee  b1 5e                              lda (INDEX),Y                   ; 
 5127 T:e9f0  85 a8                              sta ARG+3          ; 
 5128 T:e9f2  88                                 dey                    ; 
 5129 T:e9f3  b1 5e                              lda (INDEX),Y                   ; 
 5130 T:e9f5  85 a7                              sta ARG+2          ; 
 5131 T:e9f7  88                                 dey                    ; 
 5132 T:e9f8  b1 5e                              lda (INDEX),Y                   ; 
 5133 T:e9fa  85 aa                              sta ARG_SIGN                ; 
 5134 T:e9fc  45 a2                              eor FAC_SIGN                ; SET COMBINED SIGN FOR MULT/DIV
 5135 T:e9fe  85 ab                              sta SGNCPR                ; 
 5136 T:ea00  a5 aa                              lda ARG_SIGN                ; TURN ON NORMALIZED INVISIBLE BIT
 5137 T:ea02  09 80                              ora #$80             ; TO COMPLETE MANTISSA
 5138 T:ea04  85 a6                              sta ARG+1          ; 
 5139 T:ea06  88                                 dey                    ; 
 5140 T:ea07  b1 5e                              lda (INDEX),Y                   ; 
 5141 T:ea09  85 a5                              sta ARG                ; EXPONENT
 5142 T:ea0b  a5 9d                              lda FAC                ; SET STATUS BITS ON FAC EXPONENT
 5143 T:ea0d  60                                 rts                    ; 
 5144 T:ea0e                                    ; --------------------------------
 5145 T:ea0e                                    ; ADD EXPONENTS OF ARG AND FAC
 5146 T:ea0e                                    ; (CALLED BY FMULT AND FDIV)
 5147 T:ea0e                                    ; 
 5148 T:ea0e                                    ; ALSO CHECK FOR OVERFLOW, AND SET RESULT SIGN
 5149 T:ea0e                                    ; --------------------------------
 5150 T:ea0e                           ADD_EXPONENTS 
 5151 T:ea0e  a5 a5                              lda ARG
 5152 T:ea10                                    ; --------------------------------
 5153 T:ea10                           ADD_EXPONENTS_1 
 5154 T:ea10  f0 1f                              beq ZERO                ; IF ARG=0, RESULT IS ZERO
 5155 T:ea12  18                                 clc                    ; 
 5156 T:ea13  65 9d                              adc FAC                ; 
 5157 T:ea15  90 04                              bcc L_ADD_EXPONENTS_1_1                ; IN RANGE
 5158 T:ea17  30 1d                              bmi JOV                ; OVERFLOW
 5159 T:ea19  18                                 clc                    ; 
 5160 T:ea1a  2c                                 .byt $2c              ; TRICK TO SKIP
 5161 T:ea1b  10 14                    L_ADD_EXPONENTS_1_1 bpl ZERO             ; OVERFLOW
 5162 T:ea1d  69 80                              adc #$80             ; RE-BIAS
 5163 T:ea1f  85 9d                              sta FAC                ; RESULT
 5164 T:ea21  d0 03                              bne L_ADD_EXPONENTS_1_2
 5165 T:ea23  4c 52 18                           jmp STA_IN_FAC_SIGN             ; RESULT IS ZERO
 5166 T:ea26                                    ; <<< CRAZY TO JUMP WAY BACK THERE! >>>
 5167 T:ea26                                    ; <<< SAME IDENTICAL CODE IS BELOW! >>>
 5168 T:ea26                                    ; <<< INSTEAD OF BNE L_ADD_EXPONENTS_1_2, JMP STA.IN.FAC.SIGN   >>>
 5169 T:ea26                                    ; <<< ONLY NEEDED BEQ L_ADD_EXPONENTS_1_3            >>>
 5170 T:ea26  a5 ab                    L_ADD_EXPONENTS_1_2 lda SGNCPR             ; SET SIGN OF RESULT
 5171 T:ea28  85 a2                    L_ADD_EXPONENTS_1_3 sta FAC_SIGN
 5172 T:ea2a  60                                 rts 
 5173 T:ea2b                                    ; --------------------------------
 5174 T:ea2b                                    ; IF (FAC) IS POSITIVE, GIVE "OVERFLOW" ERROR
 5175 T:ea2b                                    ; IF (FAC) IS NEGATIVE, SET FAC=0, POP ONE RETURN, AND RTS
 5176 T:ea2b                                    ; CALLED FROM "EXP" FUNCTION
 5177 T:ea2b                                    ; --------------------------------
 5178 T:ea2b                           OUTOFRNG  
 5179 T:ea2b  a5 a2                              lda FAC_SIGN
 5180 T:ea2d  49 ff                              eor #$ff
 5181 T:ea2f  30 05                              bmi JOV                ; ERROR IF POSITIVE #
 5182 T:ea31                                    ; --------------------------------
 5183 T:ea31                                    ; POP RETURN ADDRESS AND SET FAC=0
 5184 T:ea31                                    ; --------------------------------
 5185 T:ea31  68                       ZERO      pla 
 5186 T:ea32  68                                 pla 
 5187 T:ea33  4c 4e 18                           jmp ZERO_FAC
 5188 T:ea36                                    ; --------------------------------
 5189 T:ea36  4c d5 18                 JOV       jmp OVERFLOW
 5190 T:ea39                                    ; --------------------------------
 5191 T:ea39                                    ; MULTIPLY FAC BY 10
 5192 T:ea39                                    ; --------------------------------
 5193 T:ea39  20 63 1b                 MUL10     jsr COPY_FAC_TO_ARG_ROUNDED
 5194 T:ea3c  aa                                 tax                    ; TEXT FAC EXPONENT
 5195 T:ea3d  f0 10                              beq L_MUL10_1                ; FINISHED IF FAC=0
 5196 T:ea3f  18                                 clc                    ; 
 5197 T:ea40  69 02                              adc #2             ; ADD 2 TO EXPONENT GIVES (FAC)*4
 5198 T:ea42  b0 f2                              bcs JOV             ; OVERFLOW
 5199 T:ea44  a2 00                              ldx #0             ; 
 5200 T:ea46  86 ab                              stx SGNCPR                ; 
 5201 T:ea48  20 ce 17                           jsr FADD_2             ; MAKES (FAC)*5
 5202 T:ea4b  e6 9d                              inc FAC                ; *2, MAKES (FAC)*10
 5203 T:ea4d  f0 e7                              beq JOV             ; OVERFLOW
 5204 T:ea4f  60                       L_MUL10_1 rts 
 5205 T:ea50                                    ; --------------------------------

 5207 T:ea50  84 20 00 00 00           CON_TEN   .byt $84,$20,$00,$00,$00
 5208 T:ea55                                    ; --------------------------------
 5209 T:ea55                                    ; DIVIDE FAC BY 10
 5210 T:ea55                                    ; --------------------------------
 5211 T:ea55  20 63 1b                 DIV10     jsr COPY_FAC_TO_ARG_ROUNDED
 5212 T:ea58  a9 50                              lda #<CON_TEN           ; SET UP TO PUT
 5213 T:ea5a  a0 1a                              ldy #>CON_TEN           ; 10 IN FAC
 5214 T:ea5c  a2 00                              ldx #0
 5215 T:ea5e                                    ; --------------------------------
 5216 T:ea5e                                    ; FAC = ARG / (Y,A)
 5217 T:ea5e                                    ; --------------------------------
 5218 T:ea5e  86 ab                    DIV       stx SGNCPR
 5219 T:ea60  20 f9 1a                           jsr LOAD_FAC_FROM_YA
 5220 T:ea63  4c 69 1a                           jmp FDIVT                ; DIVIDE ARG BY FAC
 5221 T:ea66                                    ; --------------------------------
 5222 T:ea66                                    ; FAC = (Y,A) / FAC
 5223 T:ea66                                    ; --------------------------------
 5224 T:ea66  20 e3 19                 FDIV      jsr LOAD_ARG_FROM_YA
 5225 T:ea69                                    ; --------------------------------
 5226 T:ea69                                    ; FAC = ARG / FAC
 5227 T:ea69                                    ; --------------------------------
 5228 T:ea69  f0 76                    FDIVT     beq L_FDIVT_8             ; FAC = 0, DIVIDE BY ZERO ERROR
 5229 T:ea6b  20 72 1b                           jsr ROUND_FAC                ; 
 5230 T:ea6e  a9 00                              lda #0             ; NEGATE FAC EXPONENT, SO
 5231 T:ea70  38                                 sec                    ; ADD.EXPONENTS FORMS DIFFERENCE
 5232 T:ea71  e5 9d                              sbc FAC
 5233 T:ea73  85 9d                              sta FAC
 5234 T:ea75  20 0e 1a                           jsr ADD_EXPONENTS
 5235 T:ea78  e6 9d                              inc FAC
 5236 T:ea7a  f0 ba                              beq JOV             ; OVERFLOW
 5237 T:ea7c  a2 fc                              ldx #$fc             ; INDEX FOR RESULT
 5238 T:ea7e  a9 01                              lda #1             ; SENTINEL
 5239 T:ea80  a4 a6                    L_FDIVT_1 ldy ARG+1       ; SEE IF FAC CAN BE SUBTRACTED
 5240 T:ea82  c4 9e                              cpy FAC+1
 5241 T:ea84  d0 10                              bne L_FDIVT_2
 5242 T:ea86  a4 a7                              ldy ARG+2
 5243 T:ea88  c4 9f                              cpy FAC+2
 5244 T:ea8a  d0 0a                              bne L_FDIVT_2
 5245 T:ea8c  a4 a8                              ldy ARG+3
 5246 T:ea8e  c4 a0                              cpy FAC+3
 5247 T:ea90  d0 04                              bne L_FDIVT_2
 5248 T:ea92  a4 a9                              ldy ARG+4
 5249 T:ea94  c4 a1                              cpy FAC+4
 5250 T:ea96  08                       L_FDIVT_2 php                 ; SAVE THE ANSWER, AND ALSO ROLL THE
 5251 T:ea97  2a                                 rol                    ; BIT INTO THE QUOTIENT, SENTINEL OUT
 5252 T:ea98  90 09                              bcc L_FDIVT_3                ; NO SENTINEL, STILL NOT 8 TRIPS
 5253 T:ea9a  e8                                 inx                    ; 8 TRIPS, STORE BYTE OF QUOTIENT
 5254 T:ea9b  95 65                              sta RESULT+3,X
 5255 T:ea9d  f0 32                              beq L_FDIVT_6                ; 32-BITS COMPLETED
 5256 T:ea9f  10 34                              bpl L_FDIVT_7                ; FINAL EXIT WHEN X=1
 5257 T:eaa1  a9 01                              lda #1             ; RE-START SENTINEL
 5258 T:eaa3  28                       L_FDIVT_3 plp                 ; GET ANSWER, CAN FAC BE SUBTRACTED?
 5259 T:eaa4  b0 0e                              bcs L_FDIVT_5                ; YES, DO IT
 5260 T:eaa6  06 a9                    L_FDIVT_4 asl ARG+4       ; NO, SHIFT ARG LEFT
 5261 T:eaa8  26 a8                              rol ARG+3          ; 
 5262 T:eaaa  26 a7                              rol ARG+2          ; 
 5263 T:eaac  26 a6                              rol ARG+1          ; 
 5264 T:eaae  b0 e6                              bcs L_FDIVT_2             ; ANOTHER TRIP
 5265 T:eab0  30 ce                              bmi L_FDIVT_1             ; HAVE TO COMPARE FIRST
 5266 T:eab2  10 e2                              bpl L_FDIVT_2             ; ...ALWAYS
 5267 T:eab4  a8                       L_FDIVT_5 tay                 ; SAVE QUOTIENT/SENTINEL BYTE
 5268 T:eab5  a5 a9                              lda ARG+4          ; SUBTRACT FAC FROM ARG ONCE
 5269 T:eab7  e5 a1                              sbc FAC+4          ; 
 5270 T:eab9  85 a9                              sta ARG+4          ; 
 5271 T:eabb  a5 a8                              lda ARG+3          ; 
 5272 T:eabd  e5 a0                              sbc FAC+3          ; 
 5273 T:eabf  85 a8                              sta ARG+3          ; 
 5274 T:eac1  a5 a7                              lda ARG+2          ; 
 5275 T:eac3  e5 9f                              sbc FAC+2          ; 
 5276 T:eac5  85 a7                              sta ARG+2          ; 
 5277 T:eac7  a5 a6                              lda ARG+1          ; 
 5278 T:eac9  e5 9e                              sbc FAC+1          ; 
 5279 T:eacb  85 a6                              sta ARG+1          ; 
 5280 T:eacd  98                                 tya                    ; RESTORE QUOTIENT/SENTINEL BYTE
 5281 T:eace  4c a6 1a                           jmp L_FDIVT_4             ; GO TO SHIFT ARG AND CONTINUE
 5282 T:ead1                                    ; --------------------------------
 5283 T:ead1  a9 40                    L_FDIVT_6 lda #$40          ; DO A FEW EXTENSION BITS
 5284 T:ead3  d0 ce                              bne L_FDIVT_3             ; ...ALWAYS
 5285 T:ead5                                    ; --------------------------------
 5286 T:ead5  0a                       L_FDIVT_7 asl                 ; LEFT JUSTIFY THE EXTENSION BITS WE DID
 5287 T:ead6  0a                                 asl 
 5288 T:ead7  0a                                 asl 
 5289 T:ead8  0a                                 asl 
 5290 T:ead9  0a                                 asl 
 5291 T:eada  0a                                 asl 
 5292 T:eadb  85 ac                              sta FAC_EXTENSION
 5293 T:eadd  28                                 plp 
 5294 T:eade  4c e6 1a                           jmp COPY_RESULT_INTO_FAC
 5295 T:eae1                                    ; --------------------------------
 5296 T:eae1  a2 85                    L_FDIVT_8 ldx #ERR_ZERODIV
 5297 T:eae3  4c 12 04                           jmp ERROR
 5298 T:eae6                                    ; --------------------------------
 5299 T:eae6                                    ; COPY RESULT INTO FAC MANTISSA, AND NORMALIZE
 5300 T:eae6                                    ; --------------------------------
 5301 T:eae6                           COPY_RESULT_INTO_FAC 
 5302 T:eae6  a5 62                              lda RESULT
 5303 T:eae8  85 9e                              sta FAC+1
 5304 T:eaea  a5 63                              lda RESULT+1
 5305 T:eaec  85 9f                              sta FAC+2
 5306 T:eaee  a5 64                              lda RESULT+2
 5307 T:eaf0  85 a0                              sta FAC+3
 5308 T:eaf2  a5 65                              lda RESULT+3
 5309 T:eaf4  85 a1                              sta FAC+4
 5310 T:eaf6  4c 2e 18                           jmp NORMALIZE_FAC_2
 5311 T:eaf9                                    ; --------------------------------
 5312 T:eaf9                                    ; UNPACK (Y,A) INTO FAC
 5313 T:eaf9                                    ; --------------------------------
 5314 T:eaf9                           LOAD_FAC_FROM_YA 
 5315 T:eaf9  85 5e                              sta INDEX                ; USE INDEX FOR PNTR
 5316 T:eafb  84 5f                              sty INDEX+1          ; 
 5317 T:eafd  a0 04                              ldy #4             ; PICK UP 5 BYTES
 5318 T:eaff  b1 5e                              lda (INDEX),Y                   ; 
 5319 T:eb01  85 a1                              sta FAC+4          ; 
 5320 T:eb03  88                                 dey                    ; 
 5321 T:eb04  b1 5e                              lda (INDEX),Y                   ; 
 5322 T:eb06  85 a0                              sta FAC+3          ; 
 5323 T:eb08  88                                 dey                    ; 
 5324 T:eb09  b1 5e                              lda (INDEX),Y                   ; 
 5325 T:eb0b  85 9f                              sta FAC+2          ; 
 5326 T:eb0d  88                                 dey                    ; 
 5327 T:eb0e  b1 5e                              lda (INDEX),Y                   ; 
 5328 T:eb10  85 a2                              sta FAC_SIGN                ; FIRST BIT IS SIGN
 5329 T:eb12  09 80                              ora #$80             ; SET NORMALIZED INVISIBLE BIT
 5330 T:eb14  85 9e                              sta FAC+1          ; 
 5331 T:eb16  88                                 dey                    ; 
 5332 T:eb17  b1 5e                              lda (INDEX),Y                   ; 
 5333 T:eb19  85 9d                              sta FAC                ; EXPONENT
 5334 T:eb1b  84 ac                              sty FAC_EXTENSION                ; Y=0
 5335 T:eb1d  60                                 rts 
 5336 T:eb1e                                    ; --------------------------------
 5337 T:eb1e                                    ; ROUND FAC, STORE IN TEMP2
 5338 T:eb1e                                    ; --------------------------------
 5339 T:eb1e                           STORE_FAC_IN_TEMP2_ROUNDED 
 5340 T:eb1e  a2 98                              ldx #TEMP2               ; PACK FAC INTO TEMP2
 5341 T:eb20  2c                                 .byt $2c              ; TRICK TO BRANCH
 5342 T:eb21                                    ; --------------------------------
 5343 T:eb21                                    ; ROUND FAC, STORE IN TEMP1
 5344 T:eb21                                    ; --------------------------------
 5345 T:eb21                           STORE_FAC_IN_TEMP1_ROUNDED 
 5346 T:eb21  a2 93                              ldx #<TEMP1              ; PACK FAC INTO TEMP1
 5347 T:eb23  a0 00                              ldy #>TEMP1              ; HI-BYTE OF TEMP1 SAME AS TEMP2
 5348 T:eb25  f0 04                              beq STORE_FACDB_YX_ROUNDED                ; ...ALWAYS
 5349 T:eb27                                    ; --------------------------------
 5350 T:eb27                                    ; ROUND FAC, AND STORE WHERE FORPNT POINTS
 5351 T:eb27                                    ; --------------------------------
 5352 T:eb27  a6 85                    SETFOR    ldx FORPNT
 5353 T:eb29  a4 86                              ldy FORPNT+1
 5354 T:eb2b                                    ; --------------------------------
 5355 T:eb2b                                    ; ROUND FAC, AND STORE AT (Y,X)
 5356 T:eb2b                                    ; --------------------------------
 5357 T:eb2b                           STORE_FACDB_YX_ROUNDED 
 5358 T:eb2b  20 72 1b                           jsr ROUND_FAC                ; ROUND VALUE IN FAC USING EXTENSION
 5359 T:eb2e  86 5e                              stx INDEX                ; USE INDEX FOR PNTR
 5360 T:eb30  84 5f                              sty INDEX+1          ; 
 5361 T:eb32  a0 04                              ldy #4             ; STORING 5 PACKED BYTES
 5362 T:eb34  a5 a1                              lda FAC+4          ; 
 5363 T:eb36  91 5e                              sta (INDEX),Y                   ; 
 5364 T:eb38  88                                 dey                    ; 
 5365 T:eb39  a5 a0                              lda FAC+3          ; 
 5366 T:eb3b  91 5e                              sta (INDEX),Y                   ; 
 5367 T:eb3d  88                                 dey                    ; 
 5368 T:eb3e  a5 9f                              lda FAC+2          ; 
 5369 T:eb40  91 5e                              sta (INDEX),Y                   ; 
 5370 T:eb42  88                                 dey                    ; 
 5371 T:eb43  a5 a2                              lda FAC_SIGN                ; PACK SIGN IN TOP BIT OF MANTISSA
 5372 T:eb45  09 7f                              ora #$7f             ; 
 5373 T:eb47  25 9e                              and FAC+1          ; 
 5374 T:eb49  91 5e                              sta (INDEX),Y                   ; 
 5375 T:eb4b  88                                 dey                    ; 
 5376 T:eb4c  a5 9d                              lda FAC                ; EXPONENT
 5377 T:eb4e  91 5e                              sta (INDEX),Y                   ; 
 5378 T:eb50  84 ac                              sty FAC_EXTENSION                ; ZERO THE EXTENSION
 5379 T:eb52  60                                 rts 
 5380 T:eb53                                    ; --------------------------------
 5381 T:eb53                                    ; COPY ARG INTO FAC
 5382 T:eb53                                    ; --------------------------------
 5383 T:eb53                           COPY_ARG_TO_FAC 
 5384 T:eb53  a5 aa                              lda ARG_SIGN                ; COPY SIGN
 5385 T:eb55  85 a2                    MFA       sta FAC_SIGN             ; 
 5386 T:eb57  a2 05                              ldx #5             ; MOVE 5 BYTES
 5387 T:eb59  b5 a4                    L_MFA_1   lda ARG-1,X                     ; 
 5388 T:eb5b  95 9c                              sta FAC-1,X                     ; 
 5389 T:eb5d  ca                                 dex                    ; 
 5390 T:eb5e  d0 f9                              bne L_MFA_1             ; 
 5391 T:eb60  86 ac                              stx FAC_EXTENSION                ; ZERO EXTENSION
 5392 T:eb62  60                                 rts                    ; 
 5393 T:eb63                                    ; --------------------------------
 5394 T:eb63                                    ; ROUND FAC AND COPY TO ARG
 5395 T:eb63                                    ; --------------------------------
 5396 T:eb63                           COPY_FAC_TO_ARG_ROUNDED 
 5397 T:eb63  20 72 1b                           jsr ROUND_FAC                ; ROUND FAC USING EXTENSION
 5398 T:eb66  a2 06                    MAF       ldx #6          ; COPY 6 BYTES, INCLUDES SIGN
 5399 T:eb68  b5 9c                    L_MAF_1   lda FAC-1,X                     ; 
 5400 T:eb6a  95 a4                              sta ARG-1,X                     ; 
 5401 T:eb6c  ca                                 dex                    ; 
 5402 T:eb6d  d0 f9                              bne L_MAF_1             ; 
 5403 T:eb6f  86 ac                              stx FAC_EXTENSION                ; ZERO FAC EXTENSION
 5404 T:eb71  60                       RTS_14    rts                 ; 
 5405 T:eb72                                    ; --------------------------------
 5406 T:eb72                                    ; ROUND FAC USING EXTENSION BYTE
 5407 T:eb72                                    ; --------------------------------
 5408 T:eb72                           ROUND_FAC 
 5409 T:eb72  a5 9d                              lda FAC
 5410 T:eb74  f0 fb                              beq RTS_14             ; FAC = 0, RETURN
 5411 T:eb76  06 ac                              asl FAC_EXTENSION                ; IS FAC.EXTENSION >= 128?
 5412 T:eb78  90 f7                              bcc RTS_14             ; NO, FINISHED
 5413 T:eb7a                                    ; --------------------------------
 5414 T:eb7a                                    ; INCREMENT MANTISSA AND RE-NORMALIZE IF CARRY
 5415 T:eb7a                                    ; --------------------------------
 5416 T:eb7a                           INCREMENT_MANTISSA 
 5417 T:eb7a  20 c6 18                           jsr INCREMENT_FAC_MANTISSA             ; YES, INCREMENT FAC
 5418 T:eb7d  d0 f2                              bne RTS_14             ; HIGH BYTE HAS BITS, FINISHED
 5419 T:eb7f  4c 8f 18                           jmp NORMALIZE_FAC_6             ; HI-BYTE=0, SO SHIFT LEFT
 5420 T:eb82                                    ; --------------------------------
 5421 T:eb82                                    ; TEST FAC FOR ZERO AND SIGN
 5422 T:eb82                                    ; 
 5423 T:eb82                                    ; FAC > 0, RETURN +1
 5424 T:eb82                                    ; FAC = 0, RETURN  0
 5425 T:eb82                                    ; FAC < 0, RETURN -1
 5426 T:eb82                                    ; --------------------------------
 5427 T:eb82  a5 9d                    SIGN      lda FAC             ; CHECK SIGN OF FAC AND
 5428 T:eb84  f0 09                              beq RTS_15                ; RETURN -1,0,1 IN A-REG
 5429 T:eb86                                    ; --------------------------------
 5430 T:eb86  a5 a2                    SIGN1     lda FAC_SIGN             ; 
 5431 T:eb88                                    ; --------------------------------
 5432 T:eb88  2a                       SIGN2     rol                 ; MSBIT TO CARRY
 5433 T:eb89  a9 ff                              lda #$ff             ; -1
 5434 T:eb8b  b0 02                              bcs RTS_15                ; MSBIT = 1
 5435 T:eb8d  a9 01                              lda #1             ; +1
 5436 T:eb8f  60                       RTS_15    rts                 ; 
 5437 T:eb90                                    ; --------------------------------
 5438 T:eb90                                    ; "SGN" FUNCTION
 5439 T:eb90                                    ; --------------------------------
 5440 T:eb90  20 82 1b                 SGN       jsr SIGN          ; CONVERT FAC TO -1,0,1
 5441 T:eb93                                    ; --------------------------------
 5442 T:eb93                                    ; CONVERT (A) INTO FAC, AS SIGNED VALUE -128 TO +127
 5443 T:eb93                                    ; --------------------------------
 5444 T:eb93  85 9e                    FLOAT     sta FAC+1       ; PUT IN HIGH BYTE OF MANTISSA
 5445 T:eb95  a9 00                              lda #0             ; CLEAR 2ND BYTE OF MANTISSA
 5446 T:eb97  85 9f                              sta FAC+2          ; 
 5447 T:eb99  a2 88                              ldx #$88             ; USE EXPONENT 2^9
 5448 T:eb9b                                    ; --------------------------------
 5449 T:eb9b                                    ; FLOAT UNSIGNED VALUE IN FAC+1,2
 5450 T:eb9b                                    ; (X) = EXPONENT
 5451 T:eb9b                                    ; --------------------------------
 5452 T:eb9b                           FLOAT_1                    ; 
 5453 T:eb9b  a5 9e                              lda FAC+1          ; MSBIT=0, SET CARRY; =1, CLEAR CARRY
 5454 T:eb9d  49 ff                              eor #$ff             ; 
 5455 T:eb9f  2a                                 rol                    ; 
 5456 T:eba0                                    ; --------------------------------
 5457 T:eba0                                    ; FLOAT UNSIGNED VALUE IN FAC+1,2
 5458 T:eba0                                    ; (X) = EXPONENT
 5459 T:eba0                                    ; C=0 TO MAKE VALUE NEGATIVE
 5460 T:eba0                                    ; C=1 TO MAKE VALUE POSITIVE
 5461 T:eba0                                    ; --------------------------------
 5462 T:eba0                           FLOAT_2                    ; 
 5463 T:eba0  a9 00                              lda #0             ; CLEAR LOWER 16-BITS OF MANTISSA
 5464 T:eba2  85 a1                              sta FAC+4          ; 
 5465 T:eba4  85 a0                              sta FAC+3          ; 
 5466 T:eba6  86 9d                              stx FAC                ; STORE EXPONENT
 5467 T:eba8  85 ac                              sta FAC_EXTENSION                ; CLEAR EXTENSION
 5468 T:ebaa  85 a2                              sta FAC_SIGN                ; MAKE SIGN POSITIVE
 5469 T:ebac  4c 29 18                           jmp NORMALIZE_FAC_1             ; IF C=0, WILL NEGATE FAC
 5470 T:ebaf                                    ; --------------------------------
 5471 T:ebaf                                    ; "ABS" FUNCTION
 5472 T:ebaf                                    ; --------------------------------
 5473 T:ebaf  46 a2                    ABS       lsr FAC_SIGN             ; CHANGE SIGN TO +
 5474 T:ebb1  60                                 rts 
 5475 T:ebb2                                    ; --------------------------------
 5476 T:ebb2                                    ; COMPARE FAC WITH PACKED # AT (Y,A)
 5477 T:ebb2                                    ; RETURN A=1,0,-1 AS (Y,A) IS <,=,> FAC
 5478 T:ebb2                                    ; --------------------------------
 5479 T:ebb2  85 60                    FCOMP     sta DEST             ; USE DEST FOR PNTR
 5480 T:ebb4                                    ; --------------------------------
 5481 T:ebb4                                    ; SPECIAL ENTRY FROM "NEXT" PROCESSOR
 5482 T:ebb4                                    ; "DEST" ALREADY SET UP
 5483 T:ebb4                                    ; --------------------------------
 5484 T:ebb4  84 61                    FCOMP2    sty DEST+1       ; 
 5485 T:ebb6  a0 00                              ldy #0             ; GET EXPONENT OF COMPARAND
 5486 T:ebb8  b1 60                              lda (DEST),Y                    ; 
 5487 T:ebba  c8                                 iny                    ; POINT AT NEXT BYTE
 5488 T:ebbb  aa                                 tax                    ; EXPONENT TO X-REG
 5489 T:ebbc  f0 c4                              beq SIGN             ; IF COMPARAND=0, "SIGN" COMPARES FAC
 5490 T:ebbe  b1 60                              lda (DEST),Y                    ; GET HI-BYTE OF MANTISSA
 5491 T:ebc0  45 a2                              eor FAC_SIGN                ; COMPARE WITH FAC SIGN
 5492 T:ebc2  30 c2                              bmi SIGN1             ; DIFFERENT SIGNS, "SIGN" GIVES ANSWER
 5493 T:ebc4  e4 9d                              cpx FAC                ; SAME SIGN, SO COMPARE EXPONENTS
 5494 T:ebc6  d0 21                              bne L_FCOMP2_1                ; DIFFERENT, SO SUFFICIENT TEST
 5495 T:ebc8  b1 60                              lda (DEST),Y                    ; SAME EXPONENT, COMPARE MANTISSA
 5496 T:ebca  09 80                              ora #$80             ; SET INVISIBLE NORMALIZED BIT
 5497 T:ebcc  c5 9e                              cmp FAC+1          ; 
 5498 T:ebce  d0 19                              bne L_FCOMP2_1                ; NOT SAME, SO SUFFICIENT
 5499 T:ebd0  c8                                 iny                    ; SAME, COMPARE MORE MANTISSA
 5500 T:ebd1  b1 60                              lda (DEST),Y                    ; 
 5501 T:ebd3  c5 9f                              cmp FAC+2          ; 
 5502 T:ebd5  d0 12                              bne L_FCOMP2_1                ; NOT SAME, SO SUFFICIENT
 5503 T:ebd7  c8                                 iny                    ; SAME, COMPARE MORE MANTISSA
 5504 T:ebd8  b1 60                              lda (DEST),Y                    ; 
 5505 T:ebda  c5 a0                              cmp FAC+3          ; 
 5506 T:ebdc  d0 0b                              bne L_FCOMP2_1                ; NOT SAME, SO SUFFICIENT
 5507 T:ebde  c8                                 iny                    ; SAME, COMPARE REST OF MANTISSA
 5508 T:ebdf  a9 7f                              lda #$7f             ; ARTIFICIAL EXTENSION BYTE FOR COMPARAND
 5509 T:ebe1  c5 ac                              cmp FAC_EXTENSION
 5510 T:ebe3  b1 60                              lda (DEST),Y
 5511 T:ebe5  e5 a1                              sbc FAC+4
 5512 T:ebe7  f0 28                              beq RTS_16                ; NUMBERS ARE EQUAL, RETURN (A)=0
 5513 T:ebe9  a5 a2                    L_FCOMP2_1 lda FAC_SIGN             ; NUMBERS ARE DIFFERENT
 5514 T:ebeb  90 02                              bcc L_FCOMP2_2                ; FAC IS LARGER MAGNITUDE
 5515 T:ebed  49 ff                              eor #$ff             ; FAC IS SMALLER MAGNITUDE
 5516 T:ebef                                    ; <<<  NOTE THAT ABOVE THREE LINES CAN BE SHORTENED: >>>
 5517 T:ebef                                    ; <<<  L_FCOMP2_1  ROR              PUT CARRY INTO SIGN BIT  >>>
 5518 T:ebef                                    ; <<<      EOR FAC.SIGN     TOGGLE WITH SIGN OF FAC  >>>
 5519 T:ebef  4c 88 1b                 L_FCOMP2_2 jmp SIGN2          ; CONVERT +1 OR -1
 5520 T:ebf2                                    ; --------------------------------
 5521 T:ebf2                                    ; QUICK INTEGER FUNCTION
 5522 T:ebf2                                    ; 
 5523 T:ebf2                                    ; CONVERTS FP VALUE IN FAC TO INTEGER VALUE
 5524 T:ebf2                                    ; IN FAC+1...FAC+4, BY SHIFTING RIGHT WITH SIGN
 5525 T:ebf2                                    ; EXTENSION UNTIL FRACTIONAL BITS ARE OUT.
 5526 T:ebf2                                    ; 
 5527 T:ebf2                                    ; THIS SUBROUTINE ASSUMES THE EXPONENT < 32.
 5528 T:ebf2                                    ; --------------------------------
 5529 T:ebf2  a5 9d                    QINT      lda FAC             ; LOOK AT FAC EXPONENT
 5530 T:ebf4  f0 4a                              beq QINT_3                ; FAC=0, SO FINISHED
 5531 T:ebf6  38                                 sec                    ; GET -(NUMBER OF FRACTIONAL BITS)
 5532 T:ebf7  e9 a0                              sbc #$a0             ; IN A-REG FOR SHIFT COUNT
 5533 T:ebf9  24 a2                              bit FAC_SIGN                ; CHECK SIGN OF FAC
 5534 T:ebfb  10 09                              bpl L_QINT_1                ; POSITIVE, CONTINUE
 5535 T:ebfd  aa                                 tax                    ; NEGATIVE, SO COMPLEMENT MANTISSA
 5536 T:ebfe  a9 ff                              lda #$ff             ; AND SET SIGN EXTENSION FOR SHIFT
 5537 T:ec00  85 a4                              sta SHIFT_SIGN_EXT
 5538 T:ec02  20 a4 18                           jsr COMPLEMENT_FAC_MANTISSA
 5539 T:ec05  8a                                 txa                    ; RESTORE BIT COUNT TO A-REG
 5540 T:ec06  a2 9d                    L_QINT_1  ldx #FAC            ; POINT SHIFT SUBROUTINE AT FAC
 5541 T:ec08  c9 f9                              cmp #$f9             ; MORE THAN 7 BITS TO SHIFT?
 5542 T:ec0a  10 06                              bpl QINT_2                ; NO, SHORT SHIFT
 5543 T:ec0c  20 f0 18                           jsr SHIFT_RIGHT             ; YES, USE GENERAL ROUTINE
 5544 T:ec0f  84 a4                              sty SHIFT_SIGN_EXT                ; Y=0, CLEAR SIGN EXTENSION
 5545 T:ec11  60                       RTS_16    rts 
 5546 T:ec12                                    ; --------------------------------
 5547 T:ec12  a8                       QINT_2    tay                 ; SAVE SHIFT COUNT
 5548 T:ec13  a5 a2                              lda FAC_SIGN                ; GET SIGN BIT
 5549 T:ec15  29 80                              and #$80             ; 
 5550 T:ec17  46 9e                              lsr FAC+1          ; START RIGHT SHIFT
 5551 T:ec19  05 9e                              ora FAC+1          ; AND MERGE WITH SIGN
 5552 T:ec1b  85 9e                              sta FAC+1
 5553 T:ec1d  20 07 19                           jsr SHIFT_RIGHT_4             ; JUMP INTO MIDDLE OF SHIFTER
 5554 T:ec20  84 a4                              sty SHIFT_SIGN_EXT                ; Y=0, CLEAR SIGN EXTENSION
 5555 T:ec22  60                                 rts 
 5556 T:ec23                                    ; --------------------------------
 5557 T:ec23                                    ; "INT" FUNCTION
 5558 T:ec23                                    ; 
 5559 T:ec23                                    ; USES QINT TO CONVERT (FAC) TO INTEGER FORM,
 5560 T:ec23                                    ; AND THEN REFLOATS THE INTEGER.
 5561 T:ec23                                    ; <<< A FASTER APPROACH WOULD SIMPLY CLEAR >>>
 5562 T:ec23                                    ; <<< THE FRACTIONAL BITS BY ZEROING THEM  >>>
 5563 T:ec23                                    ; --------------------------------
 5564 T:ec23  a5 9d                    INT       lda FAC             ; CHECK IF EXPONENT < 32
 5565 T:ec25  c9 a0                              cmp #$a0             ; BECAUSE IF > 31 THERE IS NO FRACTION
 5566 T:ec27  b0 20                              bcs RTS_17                ; NO FRACTION, WE ARE FINISHED
 5567 T:ec29  20 f2 1b                           jsr QINT             ; USE GENERAL INTEGER CONVERSION
 5568 T:ec2c  84 ac                              sty FAC_EXTENSION                ; Y=0, CLEAR EXTENSION
 5569 T:ec2e  a5 a2                              lda FAC_SIGN                ; GET SIGN OF VALUE
 5570 T:ec30  84 a2                              sty FAC_SIGN                ; Y=0, CLEAR SIGN
 5571 T:ec32  49 80                              eor #$80             ; TOGGLE ACTUAL SIGN
 5572 T:ec34  2a                                 rol                    ; AND SAVE IN CARRY
 5573 T:ec35  a9 a0                              lda #$a0             ; SET EXPONENT TO 32
 5574 T:ec37  85 9d                              sta FAC                ; BECAUSE 4-BYTE INTEGER NOW
 5575 T:ec39  a5 a1                              lda FAC+4          ; SAVE LOW 8-BITS OF INTEGER FORM
 5576 T:ec3b  85 0d                              sta CHARAC                ; FOR EXP AND POWER
 5577 T:ec3d  4c 29 18                           jmp NORMALIZE_FAC_1             ; NORMALIZE TO FINISH CONVERSION
 5578 T:ec40                                    ; --------------------------------
 5579 T:ec40  85 9e                    QINT_3    sta FAC+1       ; FAC=0, SO CLEAR ALL 4 BYTES FOR
 5580 T:ec42  85 9f                              sta FAC+2          ; INTEGER VERSION
 5581 T:ec44  85 a0                              sta FAC+3          ; 
 5582 T:ec46  85 a1                              sta FAC+4          ; 
 5583 T:ec48  a8                                 tay                    ; Y=0 TOO
 5584 T:ec49  60                       RTS_17    rts                 ; 
 5585 T:ec4a                                    ; --------------------------------
 5586 T:ec4a                                    ; CONVERT STRING TO FP VALUE IN FAC
 5587 T:ec4a                                    ; 
 5588 T:ec4a                                    ; STRING POINTED TO BY TXTPTR
 5589 T:ec4a                                    ; FIRST CHAR ALREADY SCANNED BY CHRGET
 5590 T:ec4a                                    ; (A) = FIRST CHAR, C=0 IF DIGIT.
 5591 T:ec4a                                    ; --------------------------------
 5592 T:ec4a  a0 00                    FIN       ldy #0          ; CLEAR WORKING AREA ($99...$A3)
 5593 T:ec4c  a2 0a                              ldx #10             ; TMPEXP, EXPON, DPFLG, EXPSGN, FAC, SERLEN
 5594 T:ec4e  94 99                    L_FIN_1   sty TMPEXP,X
 5595 T:ec50  ca                                 dex 
 5596 T:ec51  10 fb                              bpl L_FIN_1
 5597 T:ec53                                    ; --------------------------------
 5598 T:ec53  90 0f                              bcc FIN_2                ; FIRST CHAR IS A DIGIT
 5599 T:ec55  c9 2d                              cmp #("-"&%01111111)     ; CHECK FOR LEADING SIGN
 5600 T:ec57  d0 04                              bne L_FIN_2                ; NOT MINUS
 5601 T:ec59  86 a3                              stx SERLEN                ; MINUS, SET SERLEN = $FF FOR FLAG
 5602 T:ec5b  f0 04                              beq FIN_1                ; ...ALWAYS
 5603 T:ec5d  c9 2b                    L_FIN_2   cmp #("+"&%01111111)  ; MIGHT BE PLUS
 5604 T:ec5f  d0 05                              bne FIN_3                ; NOT PLUS EITHER, CHECK DECIMAL POINT
 5605 T:ec61                                    ; --------------------------------
 5606 T:ec61  20 b1 00                 FIN_1     jsr CHRGET             ; GET NEXT CHAR OF STRING
 5607 T:ec64                                    ; --------------------------------
 5608 T:ec64  90 5b                    FIN_2     bcc FIN_9             ; INSERT THIS DIGIT
 5609 T:ec66                                    ; --------------------------------
 5610 T:ec66  c9 2e                    FIN_3     cmp #("."&%01111111)  ; CHECK FOR DECIMAL POINT
 5611 T:ec68  f0 2e                              beq FIN_10                ; YES
 5612 T:ec6a  c9 45                              cmp #("E"&%01111111)     ; CHECK FOR EXPONENT PART
 5613 T:ec6c  d0 30                              bne FIN_7                ; NO, END OF NUMBER
 5614 T:ec6e  20 b1 00                           jsr CHRGET                ; YES, START CONVERTING EXPONENT
 5615 T:ec71  90 17                              bcc FIN_5                ; EXPONENT DIGIT
 5616 T:ec73  c9 c9                              cmp #TOKEN_MINUS               ; NEGATIVE EXPONENT?
 5617 T:ec75  f0 0e                              beq L_FIN_3_1                ; YES
 5618 T:ec77  c9 2d                              cmp #("-"&%01111111)     ; MIGHT NOT BE TOKENIZED YET
 5619 T:ec79  f0 0a                              beq L_FIN_3_1                ; YES, IT IS NEGATIVE
 5620 T:ec7b  c9 c8                              cmp #TOKEN_PLUS               ; OPTIONAL "+"
 5621 T:ec7d  f0 08                              beq FIN_4                ; YES
 5622 T:ec7f  c9 2b                              cmp #("+"&%01111111)     ; MIGHT NOT BE TOKENIZED YET
 5623 T:ec81  f0 04                              beq FIN_4                ; YES, FOUND "+"
 5624 T:ec83  d0 07                              bne FIN_6                ; ...ALWAYS, NUMBER COMPLETED
 5625 T:ec85  66 9c                    L_FIN_3_1 ror EXPSGN             ; C=1, SET FLAG NEGATIVE
 5626 T:ec87                                    ; --------------------------------
 5627 T:ec87  20 b1 00                 FIN_4     jsr CHRGET             ; GET NEXT DIGIT OF EXPONENT
 5628 T:ec8a                                    ; --------------------------------
 5629 T:ec8a  90 5c                    FIN_5     bcc GETEXP             ; CHAR IS A DIGIT OF EXPONENT
 5630 T:ec8c                                    ; --------------------------------
 5631 T:ec8c  24 9c                    FIN_6     bit EXPSGN             ; END OF NUMBER, CHECK EXP SIGN
 5632 T:ec8e  10 0e                              bpl FIN_7                ; POSITIVE EXPONENT
 5633 T:ec90  a9 00                              lda #0             ; NEGATIVE EXPONENT
 5634 T:ec92  38                                 sec                    ; MAKE 2'S COMPLEMENT OF EXPONENT
 5635 T:ec93  e5 9a                              sbc EXPON                ; 
 5636 T:ec95  4c a0 1c                           jmp FIN_8                ; 
 5637 T:ec98                                    ; --------------------------------
 5638 T:ec98                                    ; FOUND A DECIMAL POINT
 5639 T:ec98                                    ; --------------------------------
 5640 T:ec98  66 9b                    FIN_10    ror DPFLG             ; C=1, SET DPFLG FOR DECIMAL POINT
 5641 T:ec9a  24 9b                              bit DPFLG                ; CHECK IF PREVIOUS DEC. PT.
 5642 T:ec9c  50 c3                              bvc FIN_1             ; NO PREVIOUS DECIMAL POINT
 5643 T:ec9e                                    ; A SECOND DECIMAL POINT IS TAKEN AS A TERMINATOR
 5644 T:ec9e                                    ; TO THE NUMERIC STRING.
 5645 T:ec9e                                    ; "A=11..22" WILL GIVE A SYNTAX ERROR, BECAUSE
 5646 T:ec9e                                    ; IT IS TWO NUMBERS WITH NO OPERATOR BETWEEN.
 5647 T:ec9e                                    ; "PRINT 11..22" GIVES NO ERROR, BECAUSE IT IS
 5648 T:ec9e                                    ; JUST THE CONCATENATION OF TWO NUMBERS.
 5649 T:ec9e                                    ; --------------------------------
 5650 T:ec9e                                    ; NUMBER TERMINATED, ADJUST EXPONENT NOW
 5651 T:ec9e                                    ; --------------------------------
 5652 T:ec9e  a5 9a                    FIN_7     lda EXPON             ; E-VALUE
 5653 T:eca0  38                       FIN_8     sec                 ; MODIFY WITH COUNT OF DIGITS
 5654 T:eca1  e5 99                              sbc TMPEXP                ; AFTER THE DECIMAL POINT
 5655 T:eca3  85 9a                              sta EXPON                ; COMPLETE CURRENT EXPONENT
 5656 T:eca5  f0 12                              beq L_FIN_8_15                ; NO ADJUST NEEDED IF EXP=0
 5657 T:eca7  10 09                              bpl L_FIN_8_14                ; EXP>0, MULTIPLY BY TEN
 5658 T:eca9  20 55 1a                 L_FIN_8_13 jsr DIV10          ; EXP<0, DIVIDE BY TEN
 5659 T:ecac  e6 9a                              inc EXPON                ; UNTIL EXP=0
 5660 T:ecae  d0 f9                              bne L_FIN_8_13             ; 
 5661 T:ecb0  f0 07                              beq L_FIN_8_15                ; ...ALWAYS, WE ARE FINISHED
 5662 T:ecb2  20 39 1a                 L_FIN_8_14 jsr MUL10          ; EXP>0, MULTIPLY BKY TEN
 5663 T:ecb5  c6 9a                              dec EXPON                ; UNTIL EXP=0
 5664 T:ecb7  d0 f9                              bne L_FIN_8_14             ; 
 5665 T:ecb9  a5 a3                    L_FIN_8_15 lda SERLEN             ; IS WHOLE NUMBER NEGATIVE?
 5666 T:ecbb  30 01                              bmi L_FIN_8_16                ; YES
 5667 T:ecbd  60                                 rts                    ; NO, RETURN, WHOLE JOB DONE!
 5668 T:ecbe  4c d0 1e                 L_FIN_8_16 jmp NEGOP             ; NEGATIVE NUMBER, SO NEGATE FAC
 5669 T:ecc1                                    ; --------------------------------
 5670 T:ecc1                                    ; ACCUMULATE A DIGIT INTO FAC
 5671 T:ecc1                                    ; --------------------------------
 5672 T:ecc1  48                       FIN_9     pha                 ; SAVE DIGIT
 5673 T:ecc2  24 9b                              bit DPFLG                ; SEEN A DECIMAL POINT YET?
 5674 T:ecc4  10 02                              bpl L_FIN_9_1                ; NO, STILL IN INTEGER PART
 5675 T:ecc6  e6 99                              inc TMPEXP                ; YES, COUNT THE FRACTIONAL DIGIT
 5676 T:ecc8  20 39 1a                 L_FIN_9_1 jsr MUL10          ; FAC = FAC * 10
 5677 T:eccb  68                                 pla                    ; CURRENT DIGIT
 5678 T:eccc  38                                 sec                    ; <<<SHORTER HERE TO JUST "AND #$0F">>>
 5679 T:eccd  e9 30                              sbc #("0"&%01111111)     ; <<<TO CONVERT ASCII TO BINARY FORM>>>
 5680 T:eccf  20 d5 1c                           jsr ADDACC                ; ADD THE DIGIT
 5681 T:ecd2  4c 61 1c                           jmp FIN_1             ; GO BACK FOR MORE
 5682 T:ecd5                                    ; --------------------------------
 5683 T:ecd5                                    ; ADD (A) TO FAC
 5684 T:ecd5                                    ; --------------------------------
 5685 T:ecd5  48                       ADDACC    pha                 ; SAVE ADDEND
 5686 T:ecd6  20 63 1b                           jsr COPY_FAC_TO_ARG_ROUNDED
 5687 T:ecd9  68                                 pla                    ; GET ADDEND AGAIN
 5688 T:ecda  20 93 1b                           jsr FLOAT             ; CONVERT TO FP VALUE IN FAC
 5689 T:ecdd  a5 aa                              lda ARG_SIGN                ; 
 5690 T:ecdf  45 a2                              eor FAC_SIGN                ; 
 5691 T:ece1  85 ab                              sta SGNCPR                ; 
 5692 T:ece3  a6 9d                              ldx FAC                ; TO SIGNAL IF FAC=0
 5693 T:ece5  4c c1 17                           jmp FADDT             ; PERFORM THE ADDITION
 5694 T:ece8                                    ; --------------------------------
 5695 T:ece8                                    ; ACCUMULATE DIGIT OF EXPONENT
 5696 T:ece8                                    ; --------------------------------
 5697 T:ece8  a5 9a                    GETEXP    lda EXPON             ; CHECK CURRENT VALUE
 5698 T:ecea  c9 0a                              cmp #10             ; FOR MORE THAN 2 DIGITS
 5699 T:ecec  90 09                              bcc L_GETEXP_1                ; NO, THIS IS 1ST OR 2ND DIGIT
 5700 T:ecee  a9 64                              lda #100             ; EXPONENT TOO BIG
 5701 T:ecf0  24 9c                              bit EXPSGN                ; UNLESS IT IS NEGATIVE
 5702 T:ecf2  30 11                              bmi L_GETEXP_2                ; LARGE NEGATIVE EXPONENT MAKES FAC=0
 5703 T:ecf4  4c d5 18                           jmp OVERFLOW             ; LARGE POSITIVE EXPONENT IS ERROR
 5704 T:ecf7  0a                       L_GETEXP_1 asl                 ; EXPONENT TIMES 10
 5705 T:ecf8  0a                                 asl                    ; 
 5706 T:ecf9  18                                 clc                    ; 
 5707 T:ecfa  65 9a                              adc EXPON                ; 
 5708 T:ecfc  0a                                 asl                    ; 
 5709 T:ecfd  18                                 clc                    ; <<< ASL ALREADY DID THIS! >>>
 5710 T:ecfe  a0 00                              ldy #0             ; ADD THE NEW DIGIT
 5711 T:ed00  71 b8                              adc (TXTPTR),Y                  ; BUT THIS IS IN ASCII,
 5712 T:ed02  38                                 sec                    ; SO ADJUST BACK TO BINARY
 5713 T:ed03  e9 30                              sbc #("0"&%01111111)
 5714 T:ed05  85 9a                    L_GETEXP_2 sta EXPON             ; NEW VALUE
 5715 T:ed07  4c 87 1c                           jmp FIN_4             ; BACK FOR MORE
 5716 T:ed0a                                    ; --------------------------------
 5717 T:ed0a                                    ; --------------------------------

 5719 T:ed0a  9b 3e bc 1f fd           CON_99999999P9 .byt $9b,$3e,$bc,$1f,$fd; 99,999,999.9
 5720 T:ed0f  9e 6e 6b 27 fd           CON_999999999 .byt $9e,$6e,$6b,$27,$fd; 999,999,999
 5721 T:ed14  9e 6e 6b 28 00           CON_BILLION .byt $9e,$6e,$6b,$28,$00; 1,000,000,000
 5722 T:ed19                                    ; --------------------------------
 5723 T:ed19                                    ; PRINT "IN <LINE #>"
 5724 T:ed19                                    ; --------------------------------
 5725 T:ed19  a9 58                    INPRT     lda #<QT_IN        ; PRINT " IN "
 5726 T:ed1b  a0 03                              ldy #>QT_IN
 5727 T:ed1d  20 31 1d                           jsr GO_STROUT
 5728 T:ed20  a5 76                              lda CURLIN+1
 5729 T:ed22  a6 75                              ldx CURLIN
 5730 T:ed24                                    ; --------------------------------
 5731 T:ed24                                    ; PRINT A,X AS DECIMAL INTEGER
 5732 T:ed24                                    ; --------------------------------
 5733 T:ed24  85 9e                    LINPRT    sta FAC+1       ; PRINT A,X IN DECIMAL
 5734 T:ed26  86 9f                              stx FAC+2          ; 
 5735 T:ed28  a2 90                              ldx #$90             ; EXPONENT = 2^16
 5736 T:ed2a  38                                 sec                    ; CONVERT UNSIGNED
 5737 T:ed2b  20 a0 1b                           jsr FLOAT_2             ; CONVERT LINE # TO FP
 5738 T:ed2e                                    ; --------------------------------
 5739 T:ed2e                                    ; CONVERT (FAC) TO STRING, AND PRINT IT
 5740 T:ed2e                                    ; --------------------------------
 5741 T:ed2e                           PRINT_FAC                  ; 
 5742 T:ed2e  20 34 1d                           jsr FOUT                ; CONVERT (FAC) TO STRING AT STACK
 5743 T:ed31                                    ; --------------------------------
 5744 T:ed31                                    ; PRINT STRING STARTING AT Y,A
 5745 T:ed31                                    ; --------------------------------
 5746 T:ed31                           GO_STROUT                  ; 
 5747 T:ed31  4c 3a 0b                           jmp STROUT             ; PRINT STRING AT A,Y
 5748 T:ed34                                    ; --------------------------------
 5749 T:ed34                                    ; CONVERT (FAC) TO STRING STARTING AT STACK
 5750 T:ed34                                    ; RETURN WITH (Y,A) POINTING AT STRING
 5751 T:ed34                                    ; --------------------------------
 5752 T:ed34  a0 01                    FOUT      ldy #1          ; NORMAL ENTRY PUTS STRING AT STACK...
 5753 T:ed36                                    ; --------------------------------
 5754 T:ed36                                    ; "STR$" FUNCTION ENTERS HERE, WITH (Y)=0
 5755 T:ed36                                    ; SO THAT RESULT STRING STARTS AT STACK-1
 5756 T:ed36                                    ; (THIS IS USED AS A FLAG)
 5757 T:ed36                                    ; --------------------------------
 5758 T:ed36  a9 2d                    FOUT_1    lda #("-"&%01111111)  ; IN CASE VALUE NEGATIVE
 5759 T:ed38  88                                 dey                    ; BACK UP PNTR
 5760 T:ed39  24 a2                              bit FAC_SIGN                ; 
 5761 T:ed3b  10 04                              bpl L_FOUT_1_1                ; VALUE IS +
 5762 T:ed3d  c8                                 iny                    ; VALUE IS -
 5763 T:ed3e  99 ff 00                           sta STACK-1,Y                   ; EMIT "-"
 5764 T:ed41  85 a2                    L_FOUT_1_1 sta FAC_SIGN             ; MAKE FAC.SIGN POSITIVE ($2D)
 5765 T:ed43  84 ad                              sty STRNG2                ; SAVE STRING PNTR
 5766 T:ed45  c8                                 iny                    ; 
 5767 T:ed46  a9 30                              lda #("0"&%01111111)     ; IN CASE (FAC)=0
 5768 T:ed48  a6 9d                              ldx FAC                ; NUMBER=0?
 5769 T:ed4a  d0 03                              bne L_FOUT_1_2                ; NO, (FAC) NOT ZERO
 5770 T:ed4c  4c 57 1e                           jmp FOUT_4                ; YES, FINISHED
 5771 T:ed4f                                    ; --------------------------------
 5772 T:ed4f  a9 00                    L_FOUT_1_2 lda #0          ; STARTING VALUE FOR TMPEXP
 5773 T:ed51  e0 80                              cpx #$80             ; ANY INTEGER PART?
 5774 T:ed53  f0 02                              beq L_FOUT_1_3                ; NO, BTWN L_FOUT_1_5 AND L_FOUT_1_999999999
 5775 T:ed55  b0 09                              bcs L_FOUT_1_4                ; YES
 5776 T:ed57                                    ; --------------------------------
 5777 T:ed57  a9 14                    L_FOUT_1_3 lda #<CON_BILLION        ; MULTIPLY BY 1E9
 5778 T:ed59  a0 1d                              ldy #>CON_BILLION           ; TO GIVE ADJUSTMENT A HEAD START
 5779 T:ed5b  20 7f 19                           jsr FMULT             ; 
 5780 T:ed5e  a9 f7                              lda #$0100-9       ; EXPONENT ADJUSTMENT
 5781 T:ed60  85 99                    L_FOUT_1_4 sta TMPEXP             ; 0 OR -9
 5782 T:ed62                                    ; --------------------------------
 5783 T:ed62                                    ; ADJUST UNTIL 1E8 <= (FAC) <1E9
 5784 T:ed62                                    ; --------------------------------
 5785 T:ed62  a9 0f                    L_FOUT_1_5 lda #<CON_999999999
 5786 T:ed64  a0 1d                              ldy #>CON_999999999
 5787 T:ed66  20 b2 1b                           jsr FCOMP             ; COMPARE TO 1E9-1
 5788 T:ed69  f0 1e                              beq L_FOUT_1_10                ; (FAC) = 1E9-1
 5789 T:ed6b  10 12                              bpl L_FOUT_1_8                ; TOO LARGE, DIVIDE BY TEN
 5790 T:ed6d  a9 0a                    L_FOUT_1_6 lda #<CON_99999999P9        ; COMPARE TO 1E8-L_FOUT_1_1
 5791 T:ed6f  a0 1d                              ldy #>CON_99999999P9
 5792 T:ed71  20 b2 1b                           jsr FCOMP             ; COMPARE TO 1E8-L_FOUT_1_1
 5793 T:ed74  f0 02                              beq L_FOUT_1_7                ; (FAC) = 1E8-L_FOUT_1_1
 5794 T:ed76  10 0e                              bpl L_FOUT_1_9                ; IN RANGE, ADJUSTMENT FINISHED
 5795 T:ed78  20 39 1a                 L_FOUT_1_7 jsr MUL10          ; TOO SMALL, MULTIPLY BY TEN
 5796 T:ed7b  c6 99                              dec TMPEXP                ; KEEP TRACK OF MULTIPLIES
 5797 T:ed7d  d0 ee                              bne L_FOUT_1_6             ; ...ALWAYS
 5798 T:ed7f  20 55 1a                 L_FOUT_1_8 jsr DIV10          ; TOO LARGE, DIVIDE BY TEN
 5799 T:ed82  e6 99                              inc TMPEXP                ; KEEP TRACK OF DIVISIONS
 5800 T:ed84  d0 dc                              bne L_FOUT_1_5             ; ...ALWAYS
 5801 T:ed86                                    ; --------------------------------
 5802 T:ed86  20 a0 17                 L_FOUT_1_9 jsr FADDH          ; ROUND ADJUSTED RESULT
 5803 T:ed89  20 f2 1b                 L_FOUT_1_10 jsr QINT          ; CONVERT ADJUSTED VALUE TO 32-BIT INTEGER
 5804 T:ed8c                                    ; --------------------------------
 5805 T:ed8c                                    ; FAC+1...FAC+4 IS NOW IN INTEGER FORM
 5806 T:ed8c                                    ; WITH POWER OF TEN ADJUSTMENT IN TMPEXP
 5807 T:ed8c                                    ; 
 5808 T:ed8c                                    ; IF -10 < TMPEXP > 1, PRINT IN DECIMAL FORM
 5809 T:ed8c                                    ; OTHERWISE, PRINT IN EXPONENTIAL FORM
 5810 T:ed8c                                    ; --------------------------------
 5811 T:ed8c  a2 01                    FOUT_2    ldx #1          ; ASSUME 1 DIGIT BEFORE "."
 5812 T:ed8e  a5 99                              lda TMPEXP                ; CHECK RANGE
 5813 T:ed90  18                                 clc                    ; 
 5814 T:ed91  69 0a                              adc #10             ; 
 5815 T:ed93  30 09                              bmi L_FOUT_2_1                ; < .01, USE EXPONENTIAL FORM
 5816 T:ed95  c9 0b                              cmp #11             ; 
 5817 T:ed97  b0 06                              bcs L_FOUT_2_2                ; >= 1E10, USE EXPONENTIAL FORM
 5818 T:ed99  69 ff                              adc #$ff             ; LESS 1 GIVES INDEX FOR "."
 5819 T:ed9b  aa                                 tax                    ; 
 5820 T:ed9c  a9 02                              lda #2             ; SET REMAINING EXPONENT = 0
 5821 T:ed9e  38                       L_FOUT_2_1 sec                 ; COMPUTE REMAINING EXPONENT
 5822 T:ed9f  e9 02                    L_FOUT_2_2 sbc #2          ; 
 5823 T:eda1  85 9a                              sta EXPON                ; VALUE FOR "E+XX" OR "E-XX"
 5824 T:eda3  86 99                              stx TMPEXP                ; INDEX FOR DECIMAL POINT
 5825 T:eda5  8a                                 txa                    ; SEE IF "." COMES FIRST
 5826 T:eda6  f0 02                              beq L_FOUT_2_3                ; YES
 5827 T:eda8  10 13                              bpl L_FOUT_2_5                ; NO, LATER
 5828 T:edaa  a4 ad                    L_FOUT_2_3 ldy STRNG2             ; GET INDEX INTO STRING BEING BUILT
 5829 T:edac  a9 2e                              lda #("."&%01111111)     ; STORE A DECIMAL POINT
 5830 T:edae  c8                                 iny                    ; 
 5831 T:edaf  99 ff 00                           sta STACK-1,Y                   ; 
 5832 T:edb2  8a                                 txa                    ; SEE IF NEED ".0"
 5833 T:edb3  f0 06                              beq L_FOUT_2_4                ; NO
 5834 T:edb5  a9 30                              lda #("0"&%01111111)     ; YES, STORE "0"
 5835 T:edb7  c8                                 iny                    ; 
 5836 T:edb8  99 ff 00                           sta STACK-1,Y                   ; 
 5837 T:edbb  84 ad                    L_FOUT_2_4 sty STRNG2             ; SAVE OUTPUT INDEX AGAIN
 5838 T:edbd                                    ; --------------------------------
 5839 T:edbd                                    ; NOW DIVIDE BY POWERS OF TEN TO GET SUCCESSIVE DIGITS
 5840 T:edbd                                    ; --------------------------------
 5841 T:edbd  a0 00                    L_FOUT_2_5 ldy #0          ; INDEX TO TABLE OF POWERS OF TEN
 5842 T:edbf  a2 80                              ldx #$80             ; STARTING VALUE FOR DIGIT WITH DIRECTION
 5843 T:edc1  a5 a1                    L_FOUT_2_6 lda FAC+4       ; START BY ADDING -100000000 UNTIL
 5844 T:edc3  18                                 clc                    ; OVERSHOOT.  THEN ADD +10000000,
 5845 T:edc4  79 6c 1e                           adc DECTBL+3,Y                  ; THEN ADD -1000000, THEN ADD
 5846 T:edc7  85 a1                              sta FAC+4          ; +100000, AND SO ON.
 5847 T:edc9  a5 a0                              lda FAC+3          ; THE # OF TIMES EACH POWER IS ADDED
 5848 T:edcb  79 6b 1e                           adc DECTBL+2,Y                  ; IS 1 MORE THAN CORRESPONDING DIGIT
 5849 T:edce  85 a0                              sta FAC+3
 5850 T:edd0  a5 9f                              lda FAC+2
 5851 T:edd2  79 6a 1e                           adc DECTBL+1,Y
 5852 T:edd5  85 9f                              sta FAC+2
 5853 T:edd7  a5 9e                              lda FAC+1
 5854 T:edd9  79 69 1e                           adc DECTBL,Y
 5855 T:eddc  85 9e                              sta FAC+1
 5856 T:edde  e8                                 inx                    ; COUNT THE ADD
 5857 T:eddf  b0 04                              bcs L_FOUT_2_7                ; IF C=1 AND X NEGATIVE, KEEP ADDING
 5858 T:ede1  10 de                              bpl L_FOUT_2_6             ; IF C=0 AND X POSITIVE, KEEP ADDING
 5859 T:ede3  30 02                              bmi L_FOUT_2_8                ; IF C=0 AND X NEGATIVE, WE OVERSHOT
 5860 T:ede5  30 da                    L_FOUT_2_7 bmi L_FOUT_2_6          ; IF C=1 AND X POSITIVE, WE OVERSHOT
 5861 T:ede7  8a                       L_FOUT_2_8 txa                 ; OVERSHOT, SO MAKE X INTO A DIGIT
 5862 T:ede8  90 04                              bcc L_FOUT_2_9                ; HOW DEPENDS ON DIRECTION WE WERE GOING
 5863 T:edea  49 ff                              eor #$ff             ; DIGIT = 9-X
 5864 T:edec  69 0a                              adc #10             ; 
 5865 T:edee  69 2f                    L_FOUT_2_9 adc #("0"&%01111111)-1; MAKE DIGIT INTO ASCII
 5866 T:edf0  c8                                 iny                    ; ADVANCE TO NEXT SMALLER POWER OF TEN
 5867 T:edf1  c8                                 iny                    ; 
 5868 T:edf2  c8                                 iny                    ; 
 5869 T:edf3  c8                                 iny                    ; 
 5870 T:edf4  84 83                              sty VARPNT                ; SAVE PNTR TO POWERS
 5871 T:edf6  a4 ad                              ldy STRNG2                ; GET OUTPUT PNTR
 5872 T:edf8  c8                                 iny                    ; STORE THE DIGIT
 5873 T:edf9  aa                                 tax                    ; SAVE DIGIT, HI-BIT IS DIRECTION
 5874 T:edfa  29 7f                              and #$7f             ; MAKE SURE $30...$39 FOR STRING
 5875 T:edfc  99 ff 00                           sta STACK-1,Y                   ; 
 5876 T:edff  c6 99                              dec TMPEXP                ; COUNT THE DIGIT
 5877 T:ee01  d0 06                              bne L_FOUT_2_10                ; NOT TIME FOR "." YET
 5878 T:ee03  a9 2e                              lda #("."&%01111111)     ; TIME, SO STORE THE DECIMAL POINT
 5879 T:ee05  c8                                 iny                    ; 
 5880 T:ee06  99 ff 00                           sta STACK-1,Y                   ; 
 5881 T:ee09  84 ad                    L_FOUT_2_10 sty STRNG2             ; SAVE OUTPUT PNTR AGAIN
 5882 T:ee0b  a4 83                              ldy VARPNT                ; GET PNTR TO POWERS
 5883 T:ee0d  8a                                 txa                    ; GET DIGIT WITH HI-BIT = DIRECTION
 5884 T:ee0e  49 ff                              eor #$ff             ; CHANGE DIRECTION
 5885 T:ee10  29 80                              and #$80             ; $00 IF ADDING, $80 IF SUBTRACTING
 5886 T:ee12  aa                                 tax 
 5887 T:ee13  c0 24                              cpy #DECTBL_END-DECTBL
 5888 T:ee15  d0 aa                              bne L_FOUT_2_6             ; NOT FINISHED YET
 5889 T:ee17                                    ; --------------------------------
 5890 T:ee17                                    ; NINE DIGITS HAVE BEEN STORED IN STRING.  NOW LOOK
 5891 T:ee17                                    ; BACK AND LOP OFF TRAILING ZEROES AND A TRAILING
 5892 T:ee17                                    ; DECIMAL POINT.
 5893 T:ee17                                    ; --------------------------------
 5894 T:ee17  a4 ad                    FOUT_3    ldy STRNG2             ; POINTS AT LAST STORED CHAR
 5895 T:ee19  b9 ff 00                 L_FOUT_3_1 lda STACK-1,Y                   ; SEE IF LOPPABLE
 5896 T:ee1c  88                                 dey                    ; 
 5897 T:ee1d  c9 30                              cmp #("0"&%01111111)     ; SUPPRESS TRAILING ZEROES
 5898 T:ee1f  f0 f8                              beq L_FOUT_3_1             ; YES, KEEP LOOPING
 5899 T:ee21  c9 2e                              cmp #("."&%01111111)     ; SUPPRESS TRAILING DECIMAL POINT
 5900 T:ee23  f0 01                              beq L_FOUT_3_2                ; ".", SO WRITE OVER IT
 5901 T:ee25  c8                                 iny                    ; NOT ".", SO INCLUDE IN STRING AGAIN
 5902 T:ee26  a9 2b                    L_FOUT_3_2 lda #("+"&%01111111)  ; PREPARE FOR POSITIVE EXPONENT "E+XX"
 5903 T:ee28  a6 9a                              ldx EXPON                ; SEE IF ANY E-VALUE
 5904 T:ee2a  f0 2e                              beq FOUT_5                ; NO, JUST MARK END OF STRING
 5905 T:ee2c  10 08                              bpl L_FOUT_3_3                ; YES, AND IT IS POSITIVE
 5906 T:ee2e  a9 00                              lda #0             ; YES, AND IT IS NEGATIVE
 5907 T:ee30  38                                 sec                    ; COMPLEMENT THE VALUE
 5908 T:ee31  e5 9a                              sbc EXPON                ; 
 5909 T:ee33  aa                                 tax                    ; GET MAGNITUDE IN X
 5910 T:ee34  a9 2d                              lda #("-"&%01111111)     ; E SIGN
 5911 T:ee36  99 01 01                 L_FOUT_3_3 sta STACK+1,Y                   ; STORE SIGN IN STRING
 5912 T:ee39  a9 45                              lda #("E"&%01111111)     ; STORE "E" IN STRING BEFORE SIGN
 5913 T:ee3b  99 00 01                           sta STACK,Y                     ; 
 5914 T:ee3e  8a                                 txa                    ; EXPONENT MAGNITUDE IN A-REG
 5915 T:ee3f  a2 2f                              ldx #("0"&%01111111)-1; SEED FOR EXPONENT DIGIT
 5916 T:ee41  38                                 sec                    ; CONVERT TO DECIMAL
 5917 T:ee42  e8                       L_FOUT_3_4 inx                 ; COUNT THE SUBTRACTION
 5918 T:ee43  e9 0a                              sbc #10             ; TEN'S DIGIT
 5919 T:ee45  b0 fb                              bcs L_FOUT_3_4             ; MORE TENS TO SUBTRACT
 5920 T:ee47  69 3a                              adc #("0"&%01111111)+10; CONVERT REMAINDER TO ONE'S DIGIT
 5921 T:ee49  99 03 01                           sta STACK+3,Y                   ; STORE ONE'S DIGIT
 5922 T:ee4c  8a                                 txa                    ; 
 5923 T:ee4d  99 02 01                           sta STACK+2,Y                   ; STORE TEN'S DIGIT
 5924 T:ee50  a9 00                              lda #0             ; MARK END OF STRING WITH $00
 5925 T:ee52  99 04 01                           sta STACK+4,Y                   ; 
 5926 T:ee55  f0 08                              beq FOUT_6                ; ...ALWAYS
 5927 T:ee57  99 ff 00                 FOUT_4    sta STACK-1,Y                   ; STORE "0" IN ASCII
 5928 T:ee5a  a9 00                    FOUT_5    lda #0          ; STORE $00 ON END OF STRING
 5929 T:ee5c  99 00 01                           sta STACK,Y                     ; 
 5930 T:ee5f  a9 00                    FOUT_6    lda #<STACK           ; POINT Y,A AT BEGINNING OF STRING
 5931 T:ee61  a0 01                              ldy #>STACK              ; (STR$ STARTED STRING AT STACK-1, BUT
 5932 T:ee63  60                                 rts                    ; STR$ DOESN'T USE Y,A ANYWAY.)
 5933 T:ee64                                    ; --------------------------------

 5935 T:ee64  80 00 00 00 00           CON_HALF  .byt $80,$00,$00,$00,$00; FP CONSTANT 0L_CON_HALF_5
 5936 T:ee69                                    ; --------------------------------
 5937 T:ee69                                    ; POWERS OF 10 FROM 1E8 DOWN TO 1,
 5938 T:ee69                                    ; AS 32-BIT INTEGERS, WITH ALTERNATING SIGNS
 5939 T:ee69                                    ; --------------------------------

 5941 T:ee69  fa 0a 1f 00              DECTBL    .byt $fa,$0a,$1f,$00; -100000000
 5942 T:ee6d  00 98 96 80                        .byt $00,$98,$96,$80; 10000000
 5943 T:ee71  ff f0 bd c0                        .byt $ff,$f0,$bd,$c0; -1000000
 5944 T:ee75  00 01 86 a0                        .byt $00,$01,$86,$a0; 100000
 5945 T:ee79  ff ff d8 f0                        .byt $ff,$ff,$d8,$f0; -10000
 5946 T:ee7d  00 00 03 e8                        .byt $00,$00,$03,$e8; 1000
 5947 T:ee81  ff ff ff 9c                        .byt $ff,$ff,$ff,$9c; -100
 5948 T:ee85  00 00 00 0a                        .byt $00,$00,$00,$0a; 10
 5949 T:ee89  ff ff ff ff                        .byt $ff,$ff,$ff,$ff; -1
 5950 T:ee8d                           DECTBL_END 
 5951 T:ee8d                                    ; --------------------------------
 5952 T:ee8d                                    ; --------------------------------
 5953 T:ee8d                                    ; "SQR" FUNCTION
 5954 T:ee8d                                    ; 
 5955 T:ee8d                                    ; <<< UNFORTUNATELY, RATHER THAN A NEWTON-RAPHSON >>>
 5956 T:ee8d                                    ; <<< ITERATION, APPLESOFT USES EXPONENTIATION    >>>
 5957 T:ee8d                                    ; <<< SQR(X) = X^L_DECTBL_END_5                               >>>
 5958 T:ee8d                                    ; --------------------------------
 5959 T:ee8d  20 63 1b                 SQR       jsr COPY_FAC_TO_ARG_ROUNDED
 5960 T:ee90  a9 64                              lda #<CON_HALF           ; SET UP POWER OF 0L_SQR_5
 5961 T:ee92  a0 1e                              ldy #>CON_HALF
 5962 T:ee94  20 f9 1a                           jsr LOAD_FAC_FROM_YA
 5963 T:ee97                                    ; --------------------------------
 5964 T:ee97                                    ; EXPONENTIATION OPERATION
 5965 T:ee97                                    ; 
 5966 T:ee97                                    ; ARG ^ FAC  =  EXP( LOG(ARG) * FAC )
 5967 T:ee97                                    ; --------------------------------
 5968 T:ee97  f0 70                    FPWRT     beq EXP             ; IF FAC=0, ARG^FAC=EXP(0)
 5969 T:ee99  a5 a5                              lda ARG                ; IF ARG=0, ARG^FAC=0
 5970 T:ee9b  d0 03                              bne L_FPWRT_1                ; NEITHER IS ZERO
 5971 T:ee9d  4c 50 18                           jmp STA_IN_FAC_SIGN_AND_EXP             ; SET FAC = 0
 5972 T:eea0  a2 8a                    L_FPWRT_1 ldx #TEMP3            ; SAVE FAC IN TEMP3
 5973 T:eea2  a0 00                              ldy #0
 5974 T:eea4  20 2b 1b                           jsr STORE_FACDB_YX_ROUNDED
 5975 T:eea7  a5 aa                              lda ARG_SIGN                ; NORMALLY, ARG MUST BE POSITIVE
 5976 T:eea9  10 0f                              bpl L_FPWRT_2                ; IT IS POSITIVE, SO ALL IS WELL
 5977 T:eeab  20 23 1c                           jsr INT             ; NEGATIVE, BUT OK IF INTEGRAL POWER
 5978 T:eeae  a9 8a                              lda #TEMP3               ; SEE IF INT(FAC)=FAC
 5979 T:eeb0  a0 00                              ldy #0             ; 
 5980 T:eeb2  20 b2 1b                           jsr FCOMP             ; IS IT AN INTEGER POWER?
 5981 T:eeb5  d0 03                              bne L_FPWRT_2                ; NOT INTEGRAL,  WILL CAUSE ERROR LATER
 5982 T:eeb7  98                                 tya                    ; MAKE ARG SIGN + AS IT IS MOVED TO FAC
 5983 T:eeb8  a4 0d                              ldy CHARAC                ; INTEGRAL, SO ALLOW NEGATIVE ARG
 5984 T:eeba  20 55 1b                 L_FPWRT_2 jsr MFA          ; MOVE ARGUMENT TO FAC
 5985 T:eebd  98                                 tya                    ; SAVE FLAG FOR NEGATIVE ARG (0=+)
 5986 T:eebe  48                                 pha                    ; 
 5987 T:eebf  20 41 19                           jsr LOG             ; GET LOG(ARG)
 5988 T:eec2  a9 8a                              lda #TEMP3               ; MULTIPLY BY POWER
 5989 T:eec4  a0 00                              ldy #0             ; 
 5990 T:eec6  20 7f 19                           jsr FMULT             ; 
 5991 T:eec9  20 09 1f                           jsr EXP                ; E ^ LOG(FAC)
 5992 T:eecc  68                                 pla                    ; GET FLAG FOR NEGATIVE ARG
 5993 T:eecd  4a                                 lsr                    ; <<<LSR,BCC COULD BE MERELY BPL>>>
 5994 T:eece  90 0a                              bcc RTS_18                ; NOT NEGATIVE, FINISHED
 5995 T:eed0                                    ; NEGATIVE ARG, SO NEGATE RESULT
 5996 T:eed0                                    ; --------------------------------
 5997 T:eed0                                    ; NEGATE VALUE IN FAC
 5998 T:eed0                                    ; --------------------------------
 5999 T:eed0  a5 9d                    NEGOP     lda FAC             ; IF FAC=0, NO NEED TO COMPLEMENT
 6000 T:eed2  f0 06                              beq RTS_18                ; YES, FAC=0
 6001 T:eed4  a5 a2                              lda FAC_SIGN                ; NO, SO TOGGLE SIGN
 6002 T:eed6  49 ff                              eor #$ff
 6003 T:eed8  85 a2                              sta FAC_SIGN
 6004 T:eeda  60                       RTS_18    rts 
 6005 T:eedb                                    ; --------------------------------

 6007 T:eedb  81 38 aa 3b 29           CON_LOG_E .byt $81,$38,$aa,$3b,$29; LOG(E) TO BASE 2
 6008 T:eee0                                    ; --------------------------------
 6009 T:eee0  07                       POLY_EXP  .byt 7           ; ( # OF TERMS IN POLYNOMIAL) - 1
 6010 T:eee1  71 34 58 3e 56                     .byt $71,$34,$58,$3e,$56; (LOG(2)^7)/8!
 6011 T:eee6  74 16 7e b3 1b                     .byt $74,$16,$7e,$b3,$1b; (LOG(2)^6)/7!
 6012 T:eeeb  77 2f ee e3 85                     .byt $77,$2f,$ee,$e3,$85; (LOG(2)^5)/6!
 6013 T:eef0  7a 1d 84 1c 2a                     .byt $7a,$1d,$84,$1c,$2a; (LOG(2)^4)/5!
 6014 T:eef5  7c 63 59 58 0a                     .byt $7c,$63,$59,$58,$0a; (LOG(2)^3)/4!
 6015 T:eefa  7e 75 fd e7 c6                     .byt $7e,$75,$fd,$e7,$c6; (LOG(2)^2)/3!
 6016 T:eeff  80 31 72 18 10                     .byt $80,$31,$72,$18,$10; LOG(2)/2!
 6017 T:ef04  81 00 00 00 00                     .byt $81,$00,$00,$00,$00; 1
 6018 T:ef09                                    ; --------------------------------
 6019 T:ef09                                    ; "EXP" FUNCTION
 6020 T:ef09                                    ; 
 6021 T:ef09                                    ; FAC = E ^ FAC
 6022 T:ef09                                    ; --------------------------------
 6023 T:ef09  a9 db                    EXP       lda #<CON_LOG_E        ; CONVERT TO POWER OF TWO PROBLEM
 6024 T:ef0b  a0 1e                              ldy #>CON_LOG_E           ; E^X = 2^(LOG2(E)*X)
 6025 T:ef0d  20 7f 19                           jsr FMULT             ; 
 6026 T:ef10  a5 ac                              lda FAC_EXTENSION                ; NON-STANDARD ROUNDING HERE
 6027 T:ef12  69 50                              adc #$50             ; ROUND UP IF EXTENSION > $AF
 6028 T:ef14  90 03                              bcc L_EXP_1                ; NO, DON'T ROUND UP
 6029 T:ef16  20 7a 1b                           jsr INCREMENT_MANTISSA
 6030 T:ef19  85 92                    L_EXP_1   sta ARG_EXTENSION             ; STRANGE VALUE
 6031 T:ef1b  20 66 1b                           jsr MAF             ; COPY FAC INTO ARG
 6032 T:ef1e  a5 9d                              lda FAC                ; MAXIMUM EXPONENT IS < 128
 6033 T:ef20  c9 88                              cmp #$88             ; WITHIN RANGE?
 6034 T:ef22  90 03                              bcc L_EXP_3                ; YES
 6035 T:ef24  20 2b 1a                 L_EXP_2   jsr OUTOFRNG          ; OVERFLOW IF +, RETURN 0.0 IF -
 6036 T:ef27  20 23 1c                 L_EXP_3   jsr INT          ; GET INT(FAC)
 6037 T:ef2a  a5 0d                              lda CHARAC                ; THIS IS THE INETGRAL PART OF THE POWER
 6038 T:ef2c  18                                 clc                    ; ADD TO EXPONENT BIAS + 1
 6039 T:ef2d  69 81                              adc #$81             ; 
 6040 T:ef2f  f0 f3                              beq L_EXP_2             ; OVERFLOW
 6041 T:ef31  38                                 sec                    ; BACK OFF TO NORMAL BIAS
 6042 T:ef32  e9 01                              sbc #1             ; 
 6043 T:ef34  48                                 pha                    ; SAVE EXPONENT
 6044 T:ef35                                    ; --------------------------------
 6045 T:ef35  a2 05                              ldx #5             ; SWAP ARG AND FAC
 6046 T:ef37  b5 a5                    L_EXP_4   lda ARG,X                       ; <<< WHY SWAP? IT IS DOING      >>>
 6047 T:ef39  b4 9d                              ldy FAC,X                       ; <<< -(A-B) WHEN (B-A) IS THE   >>>
 6048 T:ef3b  95 9d                              sta FAC,X                       ; <<< SAME THING!                >>>
 6049 T:ef3d  94 a5                              sty ARG,X
 6050 T:ef3f  ca                                 dex 
 6051 T:ef40  10 f5                              bpl L_EXP_4
 6052 T:ef42  a5 92                              lda ARG_EXTENSION
 6053 T:ef44  85 ac                              sta FAC_EXTENSION
 6054 T:ef46  20 aa 17                           jsr FSUBT             ; POWER-INT(POWER) --> FRACTIONAL PART
 6055 T:ef49  20 d0 1e                           jsr NEGOP
 6056 T:ef4c  a9 e0                              lda #<POLY_EXP
 6057 T:ef4e  a0 1e                              ldy #>POLY_EXP
 6058 T:ef50  20 72 1f                           jsr POLYNOMIAL                ; COMPUTE F(X) ON FRACTIONAL PART
 6059 T:ef53  a9 00                              lda #0
 6060 T:ef55  85 ab                              sta SGNCPR
 6061 T:ef57  68                                 pla                    ; GET EXPONENT
 6062 T:ef58  20 10 1a                           jsr ADD_EXPONENTS_1
 6063 T:ef5b  60                                 rts                    ; <<< WASTED BYTE HERE, COULD HAVE >>>
 6064 T:ef5c                                    ; <<< JUST USED "JMP ADD.EXPO..."  >>>
 6065 T:ef5c                                    ; --------------------------------
 6066 T:ef5c                                    ; ODD POLYNOMIAL SUBROUTINE
 6067 T:ef5c                                    ; 
 6068 T:ef5c                                    ; F(X) = X * P(X^2)
 6069 T:ef5c                                    ; 
 6070 T:ef5c                                    ; WHERE:  X IS VALUE IN FAC
 6071 T:ef5c                                    ; Y,A POINTS AT COEFFICIENT TABLE
 6072 T:ef5c                                    ; FIRST BYTE OF COEFF. TABLE IS N
 6073 T:ef5c                                    ; COEFFICIENTS FOLLOW, HIGHEST POWER FIRST
 6074 T:ef5c                                    ; 
 6075 T:ef5c                                    ; P(X^2) COMPUTED USING NORMAL POLYNOMIAL SUBROUTINE
 6076 T:ef5c                                    ; 
 6077 T:ef5c                                    ; --------------------------------
 6078 T:ef5c                           POLYNOMIAL_ODD 
 6079 T:ef5c  85 ad                              sta SERPNT                ; SAVE ADDRESS OF COEFFICIENT TABLE
 6080 T:ef5e  84 ae                              sty SERPNT+1
 6081 T:ef60  20 21 1b                           jsr STORE_FAC_IN_TEMP1_ROUNDED
 6082 T:ef63  a9 93                              lda #TEMP1               ; Y=0 ALREADY, SO Y,A POINTS AT TEMP1
 6083 T:ef65  20 7f 19                           jsr FMULT             ; FORM X^2
 6084 T:ef68  20 76 1f                           jsr SERMAIN                ; DO SERIES IN X^2
 6085 T:ef6b  a9 93                              lda #<TEMP1              ; GET X AGAIN
 6086 T:ef6d  a0 00                              ldy #>TEMP1              ; 
 6087 T:ef6f  4c 7f 19                           jmp FMULT             ; MULTIPLY X BY P(X^2) AND EXIT
 6088 T:ef72                                    ; --------------------------------
 6089 T:ef72                                    ; NORMAL POLYNOMIAL SUBROUTINE
 6090 T:ef72                                    ; 
 6091 T:ef72                                    ; P(X) = C(0)*X^N + C(1)*X^(N-1) + ... + C(N)
 6092 T:ef72                                    ; 
 6093 T:ef72                                    ; WHERE:  X IS VALUE IN FAC
 6094 T:ef72                                    ; Y,A POINTS AT COEFFICIENT TABLE
 6095 T:ef72                                    ; FIRST BYTE OF COEFF. TABLE IS N
 6096 T:ef72                                    ; COEFFICIENTS FOLLOW, HIGHEST POWER FIRST
 6097 T:ef72                                    ; 
 6098 T:ef72                                    ; --------------------------------
 6099 T:ef72                           POLYNOMIAL 
 6100 T:ef72  85 ad                              sta SERPNT                ; POINTER TO COEFFICIENT TABLE
 6101 T:ef74  84 ae                              sty SERPNT+1
 6102 T:ef76                                    ; --------------------------------
 6103 T:ef76                           SERMAIN   
 6104 T:ef76  20 1e 1b                           jsr STORE_FAC_IN_TEMP2_ROUNDED
 6105 T:ef79  b1 ad                              lda (SERPNT),Y                  ; GET N
 6106 T:ef7b  85 a3                              sta SERLEN                ; SAVE N
 6107 T:ef7d  a4 ad                              ldy SERPNT                ; BUMP PNTR TO HIGHEST COEFFICIENT
 6108 T:ef7f  c8                                 iny                    ; AND GET PNTR INTO Y,A
 6109 T:ef80  98                                 tya 
 6110 T:ef81  d0 02                              bne L_SERMAIN_1
 6111 T:ef83  e6 ae                              inc SERPNT+1
 6112 T:ef85  85 ad                    L_SERMAIN_1 sta SERPNT
 6113 T:ef87  a4 ae                              ldy SERPNT+1
 6114 T:ef89  20 7f 19                 L_SERMAIN_2 jsr FMULT          ; ACCUMULATE SERIES TERMS
 6115 T:ef8c  a5 ad                              lda SERPNT                ; BUMP PNTR TO NEXT COEFFICIENT
 6116 T:ef8e  a4 ae                              ldy SERPNT+1
 6117 T:ef90  18                                 clc 
 6118 T:ef91  69 05                              adc #5
 6119 T:ef93  90 01                              bcc L_SERMAIN_3
 6120 T:ef95  c8                                 iny 
 6121 T:ef96  85 ad                    L_SERMAIN_3 sta SERPNT
 6122 T:ef98  84 ae                              sty SERPNT+1
 6123 T:ef9a  20 be 17                           jsr FADD             ; ADD NEXT COEFFICIENT
 6124 T:ef9d  a9 98                              lda #TEMP2               ; POINT AT X AGAIN
 6125 T:ef9f  a0 00                              ldy #0             ; 
 6126 T:efa1  c6 a3                              dec SERLEN                ; IF SERIES NOT FINISHED,
 6127 T:efa3  d0 e4                              bne L_SERMAIN_2             ; THEN ADD ANOTHER TERM
 6128 T:efa5  60                       RTS_19    rts                 ; FINISHED
 6129 T:efa6                                    ; --------------------------------

 6131 T:efa6  98 35 44 7a              CON_RND_1 .byt $98,$35,$44,$7a; <<< THESE ARE MISSING ONE BYTE >>>
 6132 T:efaa  68 28 b1 46              CON_RND_2 .byt $68,$28,$b1,$46; <<< FOR FP VALUES              >>>
 6133 T:efae                                    ; --------------------------------
 6134 T:efae                                    ; "RND" FUNCTION
 6135 T:efae                                    ; --------------------------------
 6136 T:efae  20 82 1b                 RND       jsr SIGN          ; REDUCE ARGUMENT TO -1, 0, OR +1
 6137 T:efb1  aa                                 tax                    ; SAVE ARGUMENT
 6138 T:efb2  30 18                              bmi L_RND_1                ; = -1, USE CURRENT ARGUMENT FOR SEED
 6139 T:efb4  a9 c9                              lda #<RNDSEED              ; USE CURRENT SEED
 6140 T:efb6  a0 00                              ldy #>RNDSEED
 6141 T:efb8  20 f9 1a                           jsr LOAD_FAC_FROM_YA
 6142 T:efbb  8a                                 txa                    ; RECALL SIGN OF ARGUMENT
 6143 T:efbc  f0 e7                              beq RTS_19             ; =0, RETURN SEED UNCHANGED
 6144 T:efbe  a9 a6                              lda #<CON_RND_1           ; VERY POOR RND ALGORITHM
 6145 T:efc0  a0 1f                              ldy #>CON_RND_1
 6146 T:efc2  20 7f 19                           jsr FMULT
 6147 T:efc5  a9 aa                              lda #<CON_RND_2           ; ALSO, CONSTANTS ARE TRUNCATED
 6148 T:efc7  a0 1f                              ldy #>CON_RND_2           ; <<<THIS DOES NOTHING, DUE TO >>>
 6149 T:efc9                                    ; <<<SMALL EXPONENT            >>>
 6150 T:efc9  20 be 17                           jsr FADD
 6151 T:efcc  a6 a1                    L_RND_1   ldx FAC+4       ; SHUFFLE HI AND LO BYTES
 6152 T:efce  a5 9e                              lda FAC+1          ; TO SUPPOSEDLY MAKE IT MORE RANDOM
 6153 T:efd0  85 a1                              sta FAC+4          ; 
 6154 T:efd2  86 9e                              stx FAC+1          ; 
 6155 T:efd4  a9 00                              lda #0             ; MAKE IT POSITIVE
 6156 T:efd6  85 a2                              sta FAC_SIGN                ; 
 6157 T:efd8  a5 9d                              lda FAC                ; A SOMEWHAT RANDOM EXTENSION
 6158 T:efda  85 ac                              sta FAC_EXTENSION
 6159 T:efdc  a9 80                              lda #$80             ; EXPONENT TO MAKE VALUE < 1.0
 6160 T:efde  85 9d                              sta FAC
 6161 T:efe0  20 2e 18                           jsr NORMALIZE_FAC_2
 6162 T:efe3  a2 c9                              ldx #<RNDSEED              ; MOVE FAC TO RND SEED
 6163 T:efe5  a0 00                              ldy #>RNDSEED
 6164 T:efe7  4c 2b 1b                 GO_MOVMF  jmp STORE_FACDB_YX_ROUNDED
 6165 T:efea                                    ; --------------------------------
 6166 T:efea                                    ; --------------------------------
 6167 T:efea                                    ; "COS" FUNCTION
 6168 T:efea                                    ; --------------------------------
 6169 T:efea  a9 66                    COS       lda #<CON_PI_HALF           ; COS(X)=SIN(X + PI/2)
 6170 T:efec  a0 20                              ldy #>CON_PI_HALF
 6171 T:efee  20 be 17                           jsr FADD
 6172 T:eff1                                    ; --------------------------------
 6173 T:eff1                                    ; "SIN" FUNCTION
 6174 T:eff1                                    ; --------------------------------
 6175 T:eff1  20 63 1b                 SIN       jsr COPY_FAC_TO_ARG_ROUNDED
 6176 T:eff4  a9 6b                              lda #<CON_PI_DOUB              ; REMOVE MULTIPLES OF 2*PI
 6177 T:eff6  a0 20                              ldy #>CON_PI_DOUB              ; BY DIVIDING AND SAVING
 6178 T:eff8  a6 aa                              ldx ARG_SIGN                ; THE FRACTIONAL PART
 6179 T:effa  20 5e 1a                           jsr DIV             ; USE SIGN OF ARGUMENT
 6180 T:effd  20 63 1b                           jsr COPY_FAC_TO_ARG_ROUNDED
 6181 T:f000  20 23 1c                           jsr INT             ; TAKE INTEGER PART
 6182 T:f003  a9 00                              lda #0             ; <<< WASTED LINES, BECAUSE FSUBT >>>
 6183 T:f005  85 ab                              sta SGNCPR                ; <<< CHANGES SGNCPR AGAIN        >>>
 6184 T:f007  20 aa 17                           jsr FSUBT             ; SUBTRACT TO GET FRACTIONAL PART
 6185 T:f00a                                    ; --------------------------------
 6186 T:f00a                                    ; (FAC) = ANGLE AS A FRACTION OF A FULL CIRCLE
 6187 T:f00a                                    ; 
 6188 T:f00a                                    ; NOW FOLD THE RANGE INTO A QUARTER CIRCLE
 6189 T:f00a                                    ; 
 6190 T:f00a                                    ; <<< THERE ARE MUCH SIMPLER WAYS TO DO THIS >>>
 6191 T:f00a                                    ; --------------------------------
 6192 T:f00a  a9 70                              lda #<QUARTER              ; 1/4 - FRACTION MAKES
 6193 T:f00c  a0 20                              ldy #>QUARTER              ; -3/4 <= FRACTION < 1/4
 6194 T:f00e  20 a7 17                           jsr FSUB             ; 
 6195 T:f011  a5 a2                              lda FAC_SIGN                ; TEST SIGN OF RESULT
 6196 T:f013  48                                 pha                    ; SAVE SIGN FOR LATER UNFOLDING
 6197 T:f014  10 0d                              bpl SIN_1                ; ALREADY 0...1/4
 6198 T:f016  20 a0 17                           jsr FADDH             ; ADD 1/2 TO SHIFT TO -1/4...1/2
 6199 T:f019  a5 a2                              lda FAC_SIGN                ; TEST SIGN
 6200 T:f01b  30 09                              bmi SIN_2                ; -1/4...0
 6201 T:f01d                                    ; 0...1/2
 6202 T:f01d  a5 16                              lda SIGNFLG                ; SIGNFLG INITIALIZED = 0 IN "TAN"
 6203 T:f01f  49 ff                              eor #$ff             ; FUNCTION
 6204 T:f021  85 16                              sta SIGNFLG                ; "TAN" IS ONLY USER OF SIGNFLG TOO
 6205 T:f023                                    ; --------------------------------
 6206 T:f023                                    ; IF FALL THRU, RANGE IS 0...1/2
 6207 T:f023                                    ; IF BRANCH HERE, RANGE IS 0...1/4
 6208 T:f023                                    ; --------------------------------
 6209 T:f023  20 d0 1e                 SIN_1     jsr NEGOP
 6210 T:f026                                    ; --------------------------------
 6211 T:f026                                    ; IF FALL THRU, RANGE IS -1/2...0
 6212 T:f026                                    ; IF BRANCH HERE, RANGE IS -1/4...0
 6213 T:f026                                    ; --------------------------------
 6214 T:f026  a9 70                    SIN_2     lda #<QUARTER           ; ADD 1/4 TO SHIFT RANGE
 6215 T:f028  a0 20                              ldy #>QUARTER              ; TO -1/4...1/4
 6216 T:f02a  20 be 17                           jsr FADD             ; 
 6217 T:f02d  68                                 pla                    ; GET SAVED SIGN FROM ABOVE
 6218 T:f02e  10 03                              bpl L_SIN_2_1                ; 
 6219 T:f030  20 d0 1e                           jsr NEGOP             ; MAKE RANGE 0...1/4
 6220 T:f033  a9 75                    L_SIN_2_1 lda #<POLY_SIN           ; DO STANDARD SIN SERIES
 6221 T:f035  a0 20                              ldy #>POLY_SIN              ; 
 6222 T:f037  4c 5c 1f                           jmp POLYNOMIAL_ODD             ; 
 6223 T:f03a                                    ; --------------------------------
 6224 T:f03a                                    ; "TAN" FUNCTION
 6225 T:f03a                                    ; 
 6226 T:f03a                                    ; COMPUTE TAN(X) = SIN(X) / COS(X)
 6227 T:f03a                                    ; --------------------------------
 6228 T:f03a  20 21 1b                 TAN       jsr STORE_FAC_IN_TEMP1_ROUNDED
 6229 T:f03d  a9 00                              lda #0             ; SIGNFLG WILL BE TOGGLED IF 2ND OR 3RD
 6230 T:f03f  85 16                              sta SIGNFLG                ; QUADRANT
 6231 T:f041  20 f1 1f                           jsr SIN             ; GET SIN(X)
 6232 T:f044  a2 8a                              ldx #<TEMP3              ; SAVE SIN(X) IN TEMP3
 6233 T:f046  a0 00                              ldy #>TEMP3              ; 
 6234 T:f048  20 e7 1f                           jsr GO_MOVMF             ; <<<FUNNY WAY TO CALL MOVMF! >>>
 6235 T:f04b  a9 93                              lda #<TEMP1              ; RETRIEVE X
 6236 T:f04d  a0 00                              ldy #>TEMP1              ; 
 6237 T:f04f  20 f9 1a                           jsr LOAD_FAC_FROM_YA
 6238 T:f052  a9 00                              lda #0             ; AND COMPUTE COS(X)
 6239 T:f054  85 a2                              sta FAC_SIGN                ; 
 6240 T:f056  a5 16                              lda SIGNFLG                ; 
 6241 T:f058  20 62 20                           jsr TAN_1                ; WEIRD & DANGEROUS WAY TO GET INTO SIN
 6242 T:f05b  a9 8a                              lda #<TEMP3              ; NOW FORM SIN/COS
 6243 T:f05d  a0 00                              ldy #>TEMP3              ; 
 6244 T:f05f  4c 66 1a                           jmp FDIV             ; 
 6245 T:f062                                    ; --------------------------------
 6246 T:f062  48                       TAN_1     pha                 ; SHAME, SHAME!
 6247 T:f063  4c 23 20                           jmp SIN_1
 6248 T:f066                                    ; --------------------------------

 6250 T:f066  81 49 0f da a2           CON_PI_HALF .byt $81,$49,$0f,$da,$a2
 6251 T:f06b  83 49 0f da a2           CON_PI_DOUB .byt $83,$49,$0f,$da,$a2
 6252 T:f070  7f 00 00 00 00           QUARTER   .byt $7f,$00,$00,$00,$00
 6253 T:f075                                    ; --------------------------------
 6254 T:f075  05                       POLY_SIN  .byt 5           ; POWER OF POLYNOMIAL
 6255 T:f076  84 e6 1a 2d 1b                     .byt $84,$e6,$1a,$2d,$1b; (2PI)^11/11!
 6256 T:f07b  86 28 07 fb f8                     .byt $86,$28,$07,$fb,$f8; (2PI)^9/9!
 6257 T:f080  87 99 68 89 01                     .byt $87,$99,$68,$89,$01; (2PI)^7/7!
 6258 T:f085  87 23 35 df e1                     .byt $87,$23,$35,$df,$e1; (2PI)^5/5!
 6259 T:f08a  86 a5 5d e7 28                     .byt $86,$a5,$5d,$e7,$28; (2PI)^3/3!
 6260 T:f08f  83 49 0f da a2                     .byt $83,$49,$0f,$da,$a2; 2PI

 6264 T:f094                                    ; --------------------------------
 6265 T:f094                                    ; <<< NEXT TEN BYTES ARE NEVER REFERENCED >>>
 6266 T:f094                                    ; OBFUSCATED "MICROSOFT!" BY BILL GATES
 6267 T:f094                                    ; (REVERSED, HIGH BIT SET, XOR 7)
 6268 T:f094                                    ; --------------------------------

 6273 T:f094  a6                                 .byt ("!"|%10000000)^7
 6274 T:f095  d3                                 .byt ("T"|%10000000)^7
 6275 T:f096  c1                                 .byt ("F"|%10000000)^7
 6276 T:f097  c8                                 .byt ("O"|%10000000)^7
 6277 T:f098  d4                                 .byt ("S"|%10000000)^7
 6278 T:f099  c8                                 .byt ("O"|%10000000)^7
 6279 T:f09a  d5                                 .byt ("R"|%10000000)^7
 6280 T:f09b  c4                                 .byt ("C"|%10000000)^7
 6281 T:f09c  ce                                 .byt ("I"|%10000000)^7
 6282 T:f09d  ca                                 .byt ("M"|%10000000)^7

 6289 T:f09e                                    ; --------------------------------
 6290 T:f09e                                    ; "ATN" FUNCTION
 6291 T:f09e                                    ; --------------------------------
 6292 T:f09e  a5 a2                    ATN       lda FAC_SIGN             ; FOLD THE ARGUMENT RANGE FIRST
 6293 T:f0a0  48                                 pha                    ; SAVE SIGN FOR LATER UNFOLDING
 6294 T:f0a1  10 03                              bpl L_ATN_1                ; .GE. 0
 6295 T:f0a3  20 d0 1e                           jsr NEGOP             ; .LT. 0, SO COMPLEMENT
 6296 T:f0a6  a5 9d                    L_ATN_1   lda FAC             ; IF .GE. 1, FORM RECIPROCAL
 6297 T:f0a8  48                                 pha                    ; SAVE FOR LATER UNFOLDING
 6298 T:f0a9  c9 81                              cmp #$81             ; (EXPONENT FOR .GE. 1
 6299 T:f0ab  90 07                              bcc L_ATN_2                ; X < 1
 6300 T:f0ad  a9 13                              lda #<CON_ONE           ; FORM 1/X
 6301 T:f0af  a0 19                              ldy #>CON_ONE
 6302 T:f0b1  20 66 1a                           jsr FDIV
 6303 T:f0b4                                    ; --------------------------------
 6304 T:f0b4                                    ; 0 <= X <= 1
 6305 T:f0b4                                    ; 0 <= ATN(X) <= PI/8
 6306 T:f0b4                                    ; --------------------------------
 6307 T:f0b4  a9 ce                    L_ATN_2   lda #<POLY_ATN           ; COMPUTE POLYNOMIAL APPROXIMATION
 6308 T:f0b6  a0 20                              ldy #>POLY_ATN
 6309 T:f0b8  20 5c 1f                           jsr POLYNOMIAL_ODD
 6310 T:f0bb  68                                 pla                    ; START TO UNFOLD
 6311 T:f0bc  c9 81                              cmp #$81             ; WAS IT .GE. 1?
 6312 T:f0be  90 07                              bcc L_ATN_3                ; NO
 6313 T:f0c0  a9 66                              lda #<CON_PI_HALF           ; YES, SUBTRACT FROM PI/2
 6314 T:f0c2  a0 20                              ldy #>CON_PI_HALF           ; 
 6315 T:f0c4  20 a7 17                           jsr FSUB             ; 
 6316 T:f0c7  68                       L_ATN_3   pla                 ; WAS IT NEGATIVE?
 6317 T:f0c8  10 03                              bpl RTS_20                ; NO
 6318 T:f0ca  4c d0 1e                           jmp NEGOP             ; YES, COMPLEMENT
 6319 T:f0cd  60                       RTS_20    rts 
 6320 T:f0ce                                    ; --------------------------------
 6321 T:f0ce  0b                       POLY_ATN  .byt 11           ; POWER OF POLYNOMIAL
 6322 T:f0cf  76 b3 83 bd d3                     .byt $76,$b3,$83,$bd,$d3
 6323 T:f0d4  79 1e f4 a6 f5                     .byt $79,$1e,$f4,$a6,$f5
 6324 T:f0d9  7b 83 fc b0 10                     .byt $7b,$83,$fc,$b0,$10
 6325 T:f0de  7c 0c 1f 67 ca                     .byt $7c,$0c,$1f,$67,$ca
 6326 T:f0e3  7c de 53 cb c1                     .byt $7c,$de,$53,$cb,$c1
 6327 T:f0e8  7d 14 64 70 4c                     .byt $7d,$14,$64,$70,$4c
 6328 T:f0ed  7d b7 ea 51 7a                     .byt $7d,$b7,$ea,$51,$7a
 6329 T:f0f2  7d 63 30 88 7e                     .byt $7d,$63,$30,$88,$7e
 6330 T:f0f7  7e 92 44 99 3a                     .byt $7e,$92,$44,$99,$3a
 6331 T:f0fc  7e 4c cc 91 c7                     .byt $7e,$4c,$cc,$91,$c7
 6332 T:f101  7f aa aa aa 13                     .byt $7f,$aa,$aa,$aa,$13
 6333 T:f106  81 00 00 00 00                     .byt $81,$00,$00,$00,$00
 6334 T:f10b                                    ; --------------------------------
 6335 T:f10b                                    ; GENERIC COPY OF CHRGET SUBROUTINE, WHICH
 6336 T:f10b                                    ; IS COPIED INTO $00B1...$00C8 DURING INITIALIZATION
 6337 T:f10b                                    ; 
 6338 T:f10b                                    ; CORNELIS BONGERS DESCRIBED SEVERAL IMPROVEMENTS
 6339 T:f10b                                    ; TO CHRGET IN MICRO MAGAZINE OR CALL A.P.P.L.E.
 6340 T:f10b                                    ; (I DON'T REMEMBER WHICH OR EXACTLY WHEN)
 6341 T:f10b                                    ; --------------------------------
 6342 T:f10b                           GENERIC_CHRGET 
 6343 T:f10b  e6 b8                              inc TXTPTR
 6344 T:f10d  d0 02                              bne L_GENERIC_CHRGET_1
 6345 T:f10f  e6 b9                              inc TXTPTR+1
 6346 T:f111  ad 60 ea                 L_GENERIC_CHRGET_1 lda $ea60           ; <<< ACTUAL ADDRESS FILLED IN LATER >>>
 6347 T:f114  c9 3a                              cmp #(":"&%01111111)     ; EOS, ALSO TOP OF NUMERIC RANGE
 6348 T:f116  b0 0a                              bcs L_GENERIC_CHRGET_2                ; NOT NUMBER, MIGHT BE EOS
 6349 T:f118  c9 20                              cmp #(" "&%01111111)     ; IGNORE BLANKS
 6350 T:f11a  f0 ef                              beq GENERIC_CHRGET
 6351 T:f11c  38                                 sec                    ; TEST FOR NUMERIC RANGE IN WAY THAT
 6352 T:f11d  e9 30                              sbc #("0"&%01111111)     ; CLEARS CARRY IF CHAR IS DIGIT
 6353 T:f11f  38                                 sec                    ; AND LEAVES CHAR IN A-REG
 6354 T:f120  e9 d0                              sbc #$d0
 6355 T:f122  60                       L_GENERIC_CHRGET_2 rts 
 6356 T:f123                                    ; --------------------------------
 6357 T:f123                                    ; INITIAL VALUE FOR RANDOM NUMBER, ALSO COPIED
 6358 T:f123                                    ; IN ALONG WITH CHRGET, BUT ERRONEOUSLY:
 6359 T:f123                                    ; <<< THE LAST BYTE IS NOT COPIED >>>
 6360 T:f123                                    ; --------------------------------

 6362 T:f123  80 4f c7 52 58                     .byt $80,$4f,$c7,$52,$58; APPROX. = L_GENERIC_CHRGET_811635157
 6363 T:f128                           GENERIC_END 
 6364 T:f128                                    ; --------------------------------
 6365 T:f128                           COLD_START 
 6366 T:f128  a2 ff                              ldx #$ff             ; SET DIRECT MODE FLAG
 6367 T:f12a  86 76                              stx CURLIN+1          ; 
 6368 T:f12c  a2 fb                              ldx #$fb             ; SET STACK POINTER, LEAVING ROOM FOR
 6369 T:f12e  9a                                 txs                    ; LINE BUFFER DURING PARSING
 6370 T:f12f  a9 28                              lda #<COLD_START           ; SET RESTART TO COLD.START
 6371 T:f131  a0 21                              ldy #>COLD_START           ; UNTIL COLDSTART IS COMPLETED
 6372 T:f133  85 01                              sta GOWARM+1          ; 
 6373 T:f135  84 02                              sty GOWARM+2          ; 
 6374 T:f137  85 04                              sta GOSTROUT+1          ; ALSO SECOND USER VECTOR...
 6375 T:f139  84 05                              sty GOSTROUT+2          ; ..WE SIMPLY MUST FINISH COLD.START!
 6376 T:f13b  20 73 22                           jsr NORMAL                ; SET NORMAL DISPLAY MODE
 6377 T:f13e  a9 4c                              lda #$4c             ; "JMP" OPCODE FOR 4 VECTORS
 6378 T:f140  85 00                              sta GOWARM                ; WARM START
 6379 T:f142  85 03                              sta GOSTROUT                ; ANYONE EVER USE THIS ONE?
 6380 T:f144  85 90                              sta JMPADRS                ; USED BY FUNCTIONS (JSR JMPADRS)
 6381 T:f146  85 0a                              sta USR                ; "USR" FUNCTION VECTOR
 6382 T:f148  a9 99                              lda #<IQERR           ; POINT "USR" TO ILLEGAL QUANTITY
 6383 T:f14a  a0 11                              ldy #>IQERR           ; ERROR, UNTIL USER SETS IT UP
 6384 T:f14c  85 0b                              sta USR+1
 6385 T:f14e  84 0c                              sty USR+2
 6386 T:f150                                    ; --------------------------------
 6387 T:f150                                    ; MOVE GENERIC CHRGET AND RANDOM SEED INTO PLACE
 6388 T:f150                                    ; 
 6389 T:f150                                    ; <<< NOTE THAT LOOP VALUE IS WRONG!          >>>
 6390 T:f150                                    ; <<< THE LAST BYTE OF THE RANDOM SEED IS NOT >>>
 6391 T:f150                                    ; <<< COPIED INTO PAGE ZERO!                  >>>
 6392 T:f150                                    ; --------------------------------
 6393 T:f150  a2 1c                              ldx #GENERIC_END-GENERIC_CHRGET-1
 6394 T:f152  bd 0a 21                 L_COLD_START_1 lda GENERIC_CHRGET-1,X
 6395 T:f155  95 b0                              sta CHRGET-1,X
 6396 T:f157  86 f1                              stx SPEEDZ                ; ON LAST PASS STORES $01)
 6397 T:f159  ca                                 dex 
 6398 T:f15a  d0 f6                              bne L_COLD_START_1
 6399 T:f15c                                    ; --------------------------------
 6400 T:f15c  86 f2                              stx TRCFLG                ; X=0, TURN OFF TRACING
 6401 T:f15e  8a                                 txa                    ; A=0
 6402 T:f15f  85 a4                              sta SHIFT_SIGN_EXT
 6403 T:f161  85 54                              sta LASTPT+1
 6404 T:f163  48                                 pha                    ; PUT $00 ON STACK (WHAT FOR?)
 6405 T:f164  a9 03                              lda #3             ; SET LENGTH OF TEMP. STRING DESCRIPTORS
 6406 T:f166  85 8f                              sta DSCLEN                ; FOR GARBAGE COLLECTION SUBROUTINE
 6407 T:f168  20 fb 0a                           jsr CRDO             ; PRINT <RETURN>
 6408 T:f16b  a9 01                              lda #1             ; SET UP FAKE FORWARD LINK
 6409 T:f16d  8d fd 01                           sta INPUT_BUFFER-3
 6410 T:f170  8d fc 01                           sta INPUT_BUFFER-4
 6411 T:f173  a2 55                              ldx #TEMPST               ; INIT INDEX TO TEMP STRING DESCRIPTORS
 6412 T:f175  86 52                              stx TEMPPT
 6413 T:f177                                    ; --------------------------------
 6414 T:f177                                    ; FIND HIGH END OF RAM
 6415 T:f177                                    ; --------------------------------
 6416 T:f177  a9 00                              lda #<$0800            ; SET UP POINTER TO LOW END OF RAM
 6417 T:f179  a0 08                              ldy #>$0800
 6418 T:f17b  85 50                              sta LINNUM
 6419 T:f17d  84 51                              sty LINNUM+1
 6420 T:f17f  a0 00                              ldy #0
 6421 T:f181  e6 51                    L_COLD_START_2 inc LINNUM+1       ; TEST FIRST BYTE OF EACH PAGE
 6422 T:f183  b1 50                              lda (LINNUM),Y                  ; BY COMPLEMENTING IT AND WATCHING
 6423 T:f185  49 ff                              eor #$ff             ; IT CHANGE THE SAME WAY
 6424 T:f187  91 50                              sta (LINNUM),Y                  ; 
 6425 T:f189  d1 50                              cmp (LINNUM),Y                  ; ROM OR EMPTY SOCKETS WON'T TRACK
 6426 T:f18b  d0 08                              bne L_COLD_START_3                ; NOT RAM HERE
 6427 T:f18d  49 ff                              eor #$ff             ; RESTORE ORIGINAL VALUE
 6428 T:f18f  91 50                              sta (LINNUM),Y                  ; 
 6429 T:f191  d1 50                              cmp (LINNUM),Y                  ; DID IT TRACK AGAIN?
 6430 T:f193  f0 ec                              beq L_COLD_START_2             ; YES, STILL IN RAM
 6431 T:f195  a4 50                    L_COLD_START_3 ldy LINNUM             ; NO, END OF RAM
 6432 T:f197  a5 51                              lda LINNUM+1          ; 
 6433 T:f199  29 f0                              and #$f0             ; FORCE A MULTIPLE OF 4096 BYTES
 6434 T:f19b  84 73                              sty MEMSIZ                ; (BAD RAM MAY HAVE YIELDED NON-MULTIPLE)
 6435 T:f19d  85 74                              sta MEMSIZ+1          ; 
 6436 T:f19f  84 6f                              sty FRETOP                ; SET HIMEM AND BOTTOM OF STRINGS
 6437 T:f1a1  85 70                              sta FRETOP+1          ; 
 6438 T:f1a3  a2 00                              ldx #<$0800            ; SET PROGRAM POINTER TO $0800
 6439 T:f1a5  a0 08                              ldy #>$0800            ; 
 6440 T:f1a7  86 67                              stx TXTTAB                ; 
 6441 T:f1a9  84 68                              sty TXTTAB+1          ; 
 6442 T:f1ab  a0 00                              ldy #0             ; TURN OFF SEMI-SECRET LOCK FLAG
 6443 T:f1ad  84 d6                              sty LOCK                ; 
 6444 T:f1af  98                                 tya                    ; A=0 TOO
 6445 T:f1b0  91 67                              sta (TXTTAB),Y                  ; FIRST BYTE IN PROGRAM SPACE = 0
 6446 T:f1b2  e6 67                              inc TXTTAB                ; ADVANCE PAST THE $00
 6447 T:f1b4  d0 02                              bne L_COLD_START_4                ; 
 6448 T:f1b6  e6 68                              inc TXTTAB+1          ; 
 6449 T:f1b8  a5 67                    L_COLD_START_4 lda TXTTAB             ; 
 6450 T:f1ba  a4 68                              ldy TXTTAB+1          ; 
 6451 T:f1bc  20 e3 03                           jsr REASON             ; SET REST OF POINTERS UP
 6452 T:f1bf  20 4b 06                           jsr SCRTCH             ; MORE POINTERS
 6453 T:f1c2  a9 3a                              lda #<STROUT           ; PUT CORRECT ADDRESSES IN TWO
 6454 T:f1c4  a0 0b                              ldy #>STROUT           ; USER VECTORS
 6455 T:f1c6  85 04                              sta GOSTROUT+1
 6456 T:f1c8  84 05                              sty GOSTROUT+2
 6457 T:f1ca  a9 3c                              lda #<RESTART
 6458 T:f1cc  a0 04                              ldy #>RESTART
 6459 T:f1ce  85 01                              sta GOWARM+1
 6460 T:f1d0  84 02                              sty GOWARM+2
 6461 T:f1d2  6c 01 00                           jmp (GOWARM+1)        ; SILLY, WHY NOT JUST "JMP RESTART"
 6462 T:f1d5                                    ; --------------------------------
 6463 T:f1d5                                    ; --------------------------------
 6464 T:f1d5                                    ; "CALL" STATEMENT
 6465 T:f1d5                                    ; 
 6466 T:f1d5                                    ; EFFECTIVELY PERFORMS A "JSR" TO THE SPECIFIED
 6467 T:f1d5                                    ; ADDRESS, WITH THE FOLLOWING REGISTER CONTENTS:
 6468 T:f1d5                                    ; (A,Y) = CALL ADDRESS
 6469 T:f1d5                                    ; (X)   = $9D
 6470 T:f1d5                                    ; 
 6471 T:f1d5                                    ; THE CALLED ROUTINE CAN RETURN WITH "RTS",
 6472 T:f1d5                                    ; AND APPLESOFT WILL CONTINUE WITH THE NEXT
 6473 T:f1d5                                    ; STATEMENT.
 6474 T:f1d5                                    ; --------------------------------
 6475 T:f1d5  20 67 0d                 CALL      jsr FRMNUM          ; EVALUATE EXPRESSION FOR CALL ADDRESS
 6476 T:f1d8  20 52 17                           jsr GETADR             ; CONVERT EXPRESSION TO 16-BIT INTEGER
 6477 T:f1db  6c 50 00                           jmp (LINNUM)              ; IN LINNUM, AND JUMP THERE.
 6478 T:f1de                                    ; --------------------------------
 6479 T:f1de                                    ; "IN#" STATEMENT
 6480 T:f1de                                    ; 
 6481 T:f1de                                    ; NOTE:  NO CHECK FOR VALID SLOT #, AS LONG
 6482 T:f1de                                    ; AS VALUE IS < 256 IT IS ACCEPTED.
 6483 T:f1de                                    ; MONITOR MASKS VALUE TO 4 BITS (0-15).
 6484 T:f1de                                    ; --------------------------------
 6485 T:f1de                           IN_NUMBER 
 6486 T:f1de  20 f8 16                           jsr GETBYT             ; GET SLOT NUMBER IN X-REG
 6487 T:f1e1  8a                                 txa                    ; MONITOR WILL INSTALL IN VECTOR
 6488 T:f1e2  4c 8b fe                           jmp MON_INPORT                ; AT $38,39.
 6489 T:f1e5                                    ; --------------------------------
 6490 T:f1e5                                    ; "PR#" STATEMENT
 6491 T:f1e5                                    ; 
 6492 T:f1e5                                    ; NOTE:  NO CHECK FOR VALID SLOT #, AS LONG
 6493 T:f1e5                                    ; AS VALUE IS < 256 IT IS ACCEPTED.
 6494 T:f1e5                                    ; MONITOR MASKS VALUE TO 4 BITS (0-15).
 6495 T:f1e5                                    ; --------------------------------
 6496 T:f1e5                           PR_NUMBER 
 6497 T:f1e5  20 f8 16                           jsr GETBYT             ; GET SLOT NUMBER IN X-REG
 6498 T:f1e8  8a                                 txa                    ; MONITOR WILL INSTALL IN VECTOR
 6499 T:f1e9  4c 95 fe                           jmp MON_OUTPORT                ; AT $36,37
 6500 T:f1ec                                    ; --------------------------------
 6501 T:f1ec                                    ; GET TWO VALUES < 48, WITH COMMA SEPARATOR
 6502 T:f1ec                                    ; 
 6503 T:f1ec                                    ; CALLED FOR "PLOT X,Y"
 6504 T:f1ec                                    ; AND "HLIN A,B AT Y"
 6505 T:f1ec                                    ; AND "VLIN A,B AT X"
 6506 T:f1ec                                    ; 
 6507 T:f1ec                                    ; --------------------------------
 6508 T:f1ec                           PLOTFNS   
 6509 T:f1ec  20 f8 16                           jsr GETBYT             ; GET FIRST VALUE IN X-REG
 6510 T:f1ef  e0 30                              cpx #48             ; MUST BE < 48
 6511 T:f1f1  b0 13                              bcs GOERR                ; TOO LARGE
 6512 T:f1f3  86 f0                              stx FIRST                ; SAVE FIRST VALUE
 6513 T:f1f5  a9 2c                              lda #(","&%01111111)     ; MUST HAVE A COMMA
 6514 T:f1f7  20 c0 0e                           jsr SYNCHR             ; 
 6515 T:f1fa  20 f8 16                           jsr GETBYT             ; GET SECOND VALUE IN X-REG
 6516 T:f1fd  e0 30                              cpx #48             ; MUST BE < 48
 6517 T:f1ff  b0 05                              bcs GOERR                ; TOO LARGE
 6518 T:f201  86 2c                              stx MON_H2                ; SAVE SECOND VALUE
 6519 T:f203  86 2d                              stx MON_V2                ; 
 6520 T:f205  60                                 rts                    ; SECOND VALUE STILL IN X-REG
 6521 T:f206                                    ; --------------------------------
 6522 T:f206  4c 99 11                 GOERR     jmp IQERR          ; ILLEGAL QUANTITY ERROR
 6523 T:f209                                    ; --------------------------------
 6524 T:f209                                    ; GET "A,B AT C" VALUES FOR "HLIN" AND "VLIN"
 6525 T:f209                                    ; 
 6526 T:f209                                    ; PUT SMALLER OF (A,B) IN FIRST,
 6527 T:f209                                    ; AND LARGER  OF (A,B) IN H2 AND V2.
 6528 T:f209                                    ; RETURN WITH (X) = C-VALUE.
 6529 T:f209                                    ; --------------------------------
 6530 T:f209                           LINCOOR   
 6531 T:f209  20 ec 21                           jsr PLOTFNS             ; GET A,B VALUES
 6532 T:f20c  e4 f0                              cpx FIRST                ; IS A < B?
 6533 T:f20e  b0 08                              bcs L_LINCOOR_1                ; YES, IN RIGHT ORDER
 6534 T:f210  a5 f0                              lda FIRST                ; NO, INTERCHANGE THEM
 6535 T:f212  85 2c                              sta MON_H2                ; 
 6536 T:f214  85 2d                              sta MON_V2                ; 
 6537 T:f216  86 f0                              stx FIRST                ; 
 6538 T:f218  a9 c5                    L_LINCOOR_1 lda #TOKENDB            ; MUST HAVE "AT" NEXT
 6539 T:f21a  20 c0 0e                           jsr SYNCHR             ; 
 6540 T:f21d  20 f8 16                           jsr GETBYT             ; GET C-VALUE IN X-REG
 6541 T:f220  e0 30                              cpx #48             ; MUST BE < 48
 6542 T:f222  b0 e2                              bcs GOERR             ; TOO LARGE
 6543 T:f224  60                                 rts                    ; C-VALUE IN X-REG
 6544 T:f225                                    ; --------------------------------
 6545 T:f225                                    ; "PLOT" STATEMENT
 6546 T:f225                                    ; --------------------------------
 6547 T:f225  20 ec 21                 PLOT      jsr PLOTFNS          ; GET X,Y VALUES
 6548 T:f228  8a                                 txa                    ; Y-COORD TO A-REG FOR MONITOR
 6549 T:f229  a4 f0                              ldy FIRST                ; X-COORD TO Y-YEG FOR MONITOR
 6550 T:f22b  c0 28                              cpy #40             ; X-COORD MUST BE < 40
 6551 T:f22d  b0 d7                              bcs GOERR             ; X-COORD IS TOO LARGE
 6552 T:f22f  4c 00 f8                           jmp MON_PLOT                ; PLOT!
 6553 T:f232                                    ; --------------------------------
 6554 T:f232                                    ; "HLIN" STATEMENT
 6555 T:f232                                    ; --------------------------------
 6556 T:f232  20 09 22                 HLIN      jsr LINCOOR          ; GET "A,B AT C"
 6557 T:f235  8a                                 txa                    ; Y-COORD IN A-REG
 6558 T:f236  a4 2c                              ldy MON_H2                ; RIGHT END OF LINE
 6559 T:f238  c0 28                              cpy #40             ; MUST BE < 40
 6560 T:f23a  b0 ca                              bcs GOERR             ; TOO LARGE
 6561 T:f23c  a4 f0                              ldy FIRST                ; LEFT END OF LINE IN Y-REG
 6562 T:f23e  4c 19 f8                           jmp MON_HLINE                ; LET MONITOR DRAW LINE
 6563 T:f241                                    ; --------------------------------
 6564 T:f241                                    ; "VLIN" STATEMENT
 6565 T:f241                                    ; --------------------------------
 6566 T:f241  20 09 22                 VLIN      jsr LINCOOR          ; GET "A,B AT C"
 6567 T:f244  8a                                 txa                    ; X-COORD IN Y-REG
 6568 T:f245  a8                                 tay                    ; 
 6569 T:f246  c0 28                              cpy #40             ; X-COORD MUST BE < 40
 6570 T:f248  b0 bc                              bcs GOERR             ; TOO LARGE
 6571 T:f24a  a5 f0                              lda FIRST                ; TOP END OF LINE IN A-REG
 6572 T:f24c  4c 28 f8                           jmp MON_VLINE                ; LET MONITOR DRAW LINE
 6573 T:f24f                                    ; --------------------------------
 6574 T:f24f                                    ; "COLOR=" STATEMENT
 6575 T:f24f                                    ; --------------------------------
 6576 T:f24f  20 f8 16                 COLOR     jsr GETBYT          ; GET COLOR VALUE IN X-REG
 6577 T:f252  8a                                 txa                    ; 
 6578 T:f253  4c 64 f8                           jmp MON_SETCOL                ; LET MONITOR STORE COLOR
 6579 T:f256                                    ; --------------------------------
 6580 T:f256                                    ; "VTAB" STATEMENT
 6581 T:f256                                    ; --------------------------------
 6582 T:f256  20 f8 16                 VTAB      jsr GETBYT          ; GET LINE # IN X-REG
 6583 T:f259  ca                                 dex                    ; CONVERT TO ZERO BASE
 6584 T:f25a  8a                                 txa                    ; 
 6585 T:f25b  c9 18                              cmp #24             ; MUST BE 0-23
 6586 T:f25d  b0 a7                              bcs GOERR             ; TOO LARGE, OR WAS "VTAB 0"
 6587 T:f25f  4c 5b fb                           jmp MON_TABV                ; LET MONITOR COMPUTE BASE
 6588 T:f262                                    ; --------------------------------
 6589 T:f262                                    ; "SPEED=" STATEMENT
 6590 T:f262                                    ; --------------------------------
 6591 T:f262  20 f8 16                 SPEED     jsr GETBYT          ; GET SPEED SETTING IN X-REG
 6592 T:f265  8a                                 txa                    ; SPEEDZ = $100-SPEED
 6593 T:f266  49 ff                              eor #$ff             ; SO "SPEED=255" IS FASTEST
 6594 T:f268  aa                                 tax                    ; 
 6595 T:f269  e8                                 inx                    ; 
 6596 T:f26a  86 f1                              stx SPEEDZ                ; 
 6597 T:f26c  60                                 rts                    ; 
 6598 T:f26d                                    ; --------------------------------
 6599 T:f26d                                    ; "TRACE" STATEMENT
 6600 T:f26d                                    ; SET SIGN BIT IN TRCFLG
 6601 T:f26d                                    ; --------------------------------
 6602 T:f26d  38                       TRACE     sec                 ; 
 6603 T:f26e  90                                 .byt $90              ; FAKE BCC TO SKIP NEXT OPCODE
 6604 T:f26f                                    ; --------------------------------
 6605 T:f26f                                    ; "NOTRACE" STATEMENT
 6606 T:f26f                                    ; CLEAR SIGN BIT IN TRCFLG
 6607 T:f26f                                    ; --------------------------------
 6608 T:f26f                           NOTRACE                    ; 
 6609 T:f26f  18                                 clc                    ; 
 6610 T:f270  66 f2                              ror TRCFLG                ; SHIFT CARRY INTO TRCFLG
 6611 T:f272  60                                 rts                    ; 
 6612 T:f273                                    ; --------------------------------
 6613 T:f273                                    ; "NORMAL" STATEMENT
 6614 T:f273                                    ; --------------------------------
 6615 T:f273  a9 ff                    NORMAL    lda #$ff          ; SET INVFLG = $FF
 6616 T:f275  d0 02                              bne N_I_                ; AND FLASH.BIT = $00
 6617 T:f277                                    ; --------------------------------
 6618 T:f277                                    ; "INVERSE" STATEMENT
 6619 T:f277                                    ; --------------------------------
 6620 T:f277                           INVERSE                    ; 
 6621 T:f277  a9 3f                              lda #$3f             ; SET INVFLG = $3F
 6622 T:f279  a2 00                    N_I_      ldx #0          ; AND FLASH.BIT = $00
 6623 T:f27b  85 32                    N_I_F_    sta MON_INVFLG
 6624 T:f27d  86 f3                              stx FLASH_BIT
 6625 T:f27f  60                                 rts 
 6626 T:f280                                    ; --------------------------------
 6627 T:f280                                    ; "FLASH" STATEMENT
 6628 T:f280                                    ; --------------------------------
 6629 T:f280  a9 7f                    FLASH     lda #$7f          ; SET INVFLG = $7F
 6630 T:f282  a2 40                              ldx #$40             ; AND FLASH.BIT = $40
 6631 T:f284  d0 f5                              bne N_I_F_             ; ...ALWAYS
 6632 T:f286                                    ; --------------------------------
 6633 T:f286                                    ; "HIMEM:" STATEMENT
 6634 T:f286                                    ; --------------------------------
 6635 T:f286  20 67 0d                 HIMEM     jsr FRMNUM          ; GET VALUE SPECIFIED FOR HIMEM
 6636 T:f289  20 52 17                           jsr GETADR             ; AS 16-BIT INTEGER
 6637 T:f28c  a5 50                              lda LINNUM                ; MUST BE ABOVE VARIABLES AND ARRAYS
 6638 T:f28e  c5 6d                              cmp STREND                ; 
 6639 T:f290  a5 51                              lda LINNUM+1          ; 
 6640 T:f292  e5 6e                              sbc STREND+1          ; 
 6641 T:f294  b0 03                              bcs SETHI                ; IT IS ABOVE THEM
 6642 T:f296  4c 10 04                 JMM       jmp MEMERR          ; NOT ENOUGH MEMORY
 6643 T:f299  a5 50                    SETHI     lda LINNUM             ; STORE NEW HIMEM: VALUE
 6644 T:f29b  85 73                              sta MEMSIZ                ; 
 6645 T:f29d  85 6f                              sta FRETOP                ; <<<NOTE THAT "HIMEM:" DOES NOT>>>
 6646 T:f29f  a5 51                              lda LINNUM+1          ; <<<CLEAR STRING VARIABLES.    >>>
 6647 T:f2a1  85 74                              sta MEMSIZ+1          ; <<<THIS COULD BE DISASTROUS.  >>>
 6648 T:f2a3  85 70                              sta FRETOP+1          ; 
 6649 T:f2a5  60                                 rts                    ; 
 6650 T:f2a6                                    ; --------------------------------
 6651 T:f2a6                                    ; "LOMEM:" STATEMENT
 6652 T:f2a6                                    ; --------------------------------
 6653 T:f2a6  20 67 0d                 LOMEM     jsr FRMNUM          ; GET VALUE SPECIFIED FOR LOMEM
 6654 T:f2a9  20 52 17                           jsr GETADR             ; AS 16-BIT INTEGER IN LINNUM
 6655 T:f2ac  a5 50                              lda LINNUM                ; MUST BE BELOW HIMEM
 6656 T:f2ae  c5 73                              cmp MEMSIZ                ; 
 6657 T:f2b0  a5 51                              lda LINNUM+1          ; 
 6658 T:f2b2  e5 74                              sbc MEMSIZ+1          ; 
 6659 T:f2b4  b0 e0                              bcs JMM             ; ABOVE HIMEM, MEMORY ERROR
 6660 T:f2b6  a5 50                              lda LINNUM                ; MUST BE ABOVE PROGRAM
 6661 T:f2b8  c5 69                              cmp VARTAB                ; 
 6662 T:f2ba  a5 51                              lda LINNUM+1          ; 
 6663 T:f2bc  e5 6a                              sbc VARTAB+1          ; 
 6664 T:f2be  90 d6                              bcc JMM             ; NOT ABOVE PROGRAM, ERROR
 6665 T:f2c0  a5 50                              lda LINNUM                ; STORE NEW LOMEM VALUE
 6666 T:f2c2  85 69                              sta VARTAB                ; 
 6667 T:f2c4  a5 51                              lda LINNUM+1          ; 
 6668 T:f2c6  85 6a                              sta VARTAB+1          ; 
 6669 T:f2c8  4c 6c 06                           jmp CLEARC             ; LOMEM CLEARS VARIABLES AND ARRAYS
 6670 T:f2cb                                    ; --------------------------------
 6671 T:f2cb                                    ; "ON ERR GO TO" STATEMENT
 6672 T:f2cb                                    ; --------------------------------
 6673 T:f2cb  a9 ab                    ONERR     lda #TOKEN_GOTO            ; MUST BE "GOTO" NEXT
 6674 T:f2cd  20 c0 0e                           jsr SYNCHR
 6675 T:f2d0  a5 b8                              lda TXTPTR                ; SAVE TXTPTR FOR HANDLERR
 6676 T:f2d2  85 f4                              sta TXTPSV                ; 
 6677 T:f2d4  a5 b9                              lda TXTPTR+1          ; 
 6678 T:f2d6  85 f5                              sta TXTPSV+1          ; 
 6679 T:f2d8  38                                 sec                    ; SET SIGN BIT OF ERRFLG
 6680 T:f2d9  66 d8                              ror ERRFLG                ; 
 6681 T:f2db  a5 75                              lda CURLIN                ; SAVE LINE # OF CURRENT LINE
 6682 T:f2dd  85 f6                              sta CURLSV                ; 
 6683 T:f2df  a5 76                              lda CURLIN+1          ; 
 6684 T:f2e1  85 f7                              sta CURLSV+1          ; 
 6685 T:f2e3  20 a6 09                           jsr REMN             ; IGNORE REST OF LINE <<<WHY?>>>
 6686 T:f2e6  4c 98 09                           jmp ADDON             ; CONTINUE PROGRAM
 6687 T:f2e9                                    ; --------------------------------
 6688 T:f2e9                                    ; ROUTINE TO HANDLE ERRORS IF ONERR GOTO ACTIVE
 6689 T:f2e9                                    ; --------------------------------
 6690 T:f2e9                           HANDLERR                   ; 
 6691 T:f2e9  86 de                              stx ERRNUM                ; SAVE ERROR CODE NUMBER
 6692 T:f2eb  a6 f8                              ldx REMSTK                ; GET STACK PNTR SAVED AT NEWSTT
 6693 T:f2ed  86 df                              stx ERRSTK                ; REMEMBER IT
 6694 T:f2ef                                    ; <<<COULD ALSO HAVE DONE TXS  >>>
 6695 T:f2ef                                    ; <<<HERE; SEE ONERR CORRECTION>>>
 6696 T:f2ef                                    ; <<<IN APPLESOFT MANUAL.      >>>
 6697 T:f2ef  a5 75                              lda CURLIN                ; GET LINE # OF OFFENDING STATEMENT
 6698 T:f2f1  85 da                              sta ERRLIN                ; SO USER CAN SEE IT IF DESIRED
 6699 T:f2f3  a5 76                              lda CURLIN+1          ; 
 6700 T:f2f5  85 db                              sta ERRLIN+1          ; 
 6701 T:f2f7  a5 79                              lda OLDTEXT                ; ALSO THE POSITION IN THE LINE
 6702 T:f2f9  85 dc                              sta ERRPOS                ; IN CASE USER WANTS TO "RESUME"
 6703 T:f2fb  a5 7a                              lda OLDTEXT+1          ; 
 6704 T:f2fd  85 dd                              sta ERRPOS+1          ; 
 6705 T:f2ff  a5 f4                              lda TXTPSV                ; SET UP TXTPTR TO READ TARGET LINE #
 6706 T:f301  85 b8                              sta TXTPTR                ; IN "ON ERR GO TO XXXX"
 6707 T:f303  a5 f5                              lda TXTPSV+1          ; 
 6708 T:f305  85 b9                              sta TXTPTR+1          ; 
 6709 T:f307  a5 f6                              lda CURLSV                ; 
 6710 T:f309  85 75                              sta CURLIN                ; LINE # OF "ON ERR" STATEMENT
 6711 T:f30b  a5 f7                              lda CURLSV+1          ; 
 6712 T:f30d  85 76                              sta CURLIN+1          ; 
 6713 T:f30f  20 b7 00                           jsr CHRGOT                ; START CONVERSION
 6714 T:f312  20 3e 09                           jsr GOTO             ; GOTO SPECIFIED ONERR LINE
 6715 T:f315  4c d2 07                           jmp NEWSTT             ; 
 6716 T:f318                                    ; --------------------------------
 6717 T:f318                                    ; "RESUME" STATEMENT
 6718 T:f318                                    ; --------------------------------
 6719 T:f318  a5 da                    RESUME    lda ERRLIN             ; RESTORE LINE # AND TXTPTR
 6720 T:f31a  85 75                              sta CURLIN                ; TO RE-TRY OFFENDING LINE
 6721 T:f31c  a5 db                              lda ERRLIN+1          ; 
 6722 T:f31e  85 76                              sta CURLIN+1          ; 
 6723 T:f320  a5 dc                              lda ERRPOS                ; 
 6724 T:f322  85 b8                              sta TXTPTR                ; 
 6725 T:f324  a5 dd                              lda ERRPOS+1          ; 
 6726 T:f326  85 b9                              sta TXTPTR+1          ; 
 6727 T:f328                                    ; <<< ONERR CORRECTION IN MANUAL IS EASILY >>>
 6728 T:f328                                    ; <<< BY "CALL -3288", WHICH IS $F328 HERE >>>
 6729 T:f328  a6 df                              ldx ERRSTK                ; RETRIEVE STACK PNTR AS IT WAS
 6730 T:f32a  9a                                 txs                    ; BEFORE STATEMENT SCANNED
 6731 T:f32b  4c d2 07                           jmp NEWSTT             ; DO STATEMENT AGAIN
 6732 T:f32e                                    ; --------------------------------
 6733 T:f32e  4c c9 0e                 JSYN      jmp SYNERR          ; 
 6734 T:f331                                    ; --------------------------------
 6735 T:f331                                    ; "DEL" STATEMENT
 6736 T:f331                                    ; --------------------------------
 6737 T:f331  b0 fb                    DEL       bcs JSYN          ; ERROR IF # NOT SPECIFIED
 6738 T:f333  a6 af                              ldx PRGEND                ; 
 6739 T:f335  86 69                              stx VARTAB                ; 
 6740 T:f337  a6 b0                              ldx PRGEND+1          ; 
 6741 T:f339  86 6a                              stx VARTAB+1          ; 
 6742 T:f33b  20 0c 0a                           jsr LINGET             ; GET BEGINNING OF RANGE
 6743 T:f33e  20 1a 06                           jsr FNDLIN             ; FIND THIS LINE OR NEXT
 6744 T:f341  a5 9b                              lda LOWTR                ; UPPER PORTION OF PROGRAM WILL
 6745 T:f343  85 60                              sta DEST                ; BE MOVED DOWN TO HERE
 6746 T:f345  a5 9c                              lda LOWTR+1          ; 
 6747 T:f347  85 61                              sta DEST+1          ; 
 6748 T:f349  a9 2c                              lda #(","&%01111111)     ; MUST HAVE A COMMA NEXT
 6749 T:f34b  20 c0 0e                           jsr SYNCHR             ; 
 6750 T:f34e  20 0c 0a                           jsr LINGET             ; GET END RANGE
 6751 T:f351                                    ; (DOES NOTHING IF END RANGE
 6752 T:f351                                    ; IS NOT SPECIFIED)
 6753 T:f351  e6 50                              inc LINNUM                ; POINT ONE PAST IT
 6754 T:f353  d0 02                              bne L_DEL_1                ; 
 6755 T:f355  e6 51                              inc LINNUM+1          ; 
 6756 T:f357  20 1a 06                 L_DEL_1   jsr FNDLIN          ; FIND START LINE AFTER SPECIFIED LINE
 6757 T:f35a  a5 9b                              lda LOWTR                ; WHICH IS BEGINNING OF PORTION
 6758 T:f35c  c5 60                              cmp DEST                ; TO BE MOVED DOWN
 6759 T:f35e  a5 9c                              lda LOWTR+1          ; IT MUST BE ABOVE THE TARGET
 6760 T:f360  e5 61                              sbc DEST+1          ; 
 6761 T:f362  b0 01                              bcs L_DEL_2                ; IT IS OKAY
 6762 T:f364  60                                 rts                    ; NOTHING TO DELETE
 6763 T:f365  a0 00                    L_DEL_2   ldy #0          ; MOVE UPPER PORTION DOWN NOW
 6764 T:f367  b1 9b                    L_DEL_3   lda (LOWTR),Y                   ; SOURCE . . .
 6765 T:f369  91 60                              sta (DEST),Y                    ; ...TO DESTINATION
 6766 T:f36b  e6 9b                              inc LOWTR                ; BUMP SOURCE PNTR
 6767 T:f36d  d0 02                              bne L_DEL_4                ; 
 6768 T:f36f  e6 9c                              inc LOWTR+1          ; 
 6769 T:f371  e6 60                    L_DEL_4   inc DEST             ; BUMP DESTINATION PNTR
 6770 T:f373  d0 02                              bne L_DEL_5                ; 
 6771 T:f375  e6 61                              inc DEST+1          ; 
 6772 T:f377  a5 69                    L_DEL_5   lda VARTAB             ; REACHED END OF PROGRAM YET?
 6773 T:f379  c5 9b                              cmp LOWTR                ; 
 6774 T:f37b  a5 6a                              lda VARTAB+1          ; 
 6775 T:f37d  e5 9c                              sbc LOWTR+1          ; 
 6776 T:f37f  b0 e6                              bcs L_DEL_3             ; NO, KEEP MOVING
 6777 T:f381  a6 61                              ldx DEST+1          ; STORE NEW END OF PROGRAM
 6778 T:f383  a4 60                              ldy DEST                ; MUST SUBTRACT 1 FIRST
 6779 T:f385  d0 01                              bne L_DEL_6                ; 
 6780 T:f387  ca                                 dex                    ; 
 6781 T:f388  88                       L_DEL_6   dey                 ; 
 6782 T:f389  86 6a                              stx VARTAB+1          ; 
 6783 T:f38b  84 69                              sty VARTAB                ; 
 6784 T:f38d  4c f2 04                           jmp FIX_LINKS             ; RESET LINKS AFTER A DELETE
 6785 T:f390                                    ; --------------------------------
 6786 T:f390                                    ; "GR" STATEMENT
 6787 T:f390                                    ; --------------------------------
 6788 T:f390  ad 56 c0                 GR        lda SW_LORES
 6789 T:f393  ad 53 c0                           lda SW_MIXSET
 6790 T:f396  4c 40 fb                           jmp MON_SETGR
 6791 T:f399                                    ; --------------------------------
 6792 T:f399                                    ; "TEXT" STATEMENT
 6793 T:f399                                    ; --------------------------------
 6794 T:f399  ad 54 c0                 TEXT      lda SW_LOWSCR             ; JMP $FB36 WOULD HAVE
 6795 T:f39c  4c 39 fb                           jmp MON_SETTXT                ; DONE BOTH OF THESE
 6796 T:f39f                                    ; <<<       BETTER CODE WOULD BE:   >>>
 6797 T:f39f                                    ; <<<  LDA SW.MIXSET                >>>
 6798 T:f39f                                    ; <<<  JMP $FB33                    >>>
 6799 T:f39f                                    ; --------------------------------
 6800 T:f39f                                    ; "STORE" STATEMENT
 6801 T:f39f                                    ; --------------------------------
 6802 T:f39f  20 d9 27                 STORE     jsr GETARYPT             ; GET ADDRESS OF ARRAY TO BE SAVED
 6803 T:f3a2  a0 03                              ldy #3             ; FORWARD OFFSET - 1 IS SIZE OF
 6804 T:f3a4  b1 9b                              lda (LOWTR),Y                   ; THIS ARRAY
 6805 T:f3a6  aa                                 tax 
 6806 T:f3a7  88                                 dey 
 6807 T:f3a8  b1 9b                              lda (LOWTR),Y
 6808 T:f3aa  e9 01                              sbc #1
 6809 T:f3ac  b0 01                              bcs L_STORE_1
 6810 T:f3ae  ca                                 dex 
 6811 T:f3af  85 50                    L_STORE_1 sta LINNUM
 6812 T:f3b1  86 51                              stx LINNUM+1
 6813 T:f3b3  20 cd fe                           jsr MON_WRITE
 6814 T:f3b6  20 bc 27                           jsr TAPEPNT
 6815 T:f3b9  4c cd fe                           jmp MON_WRITE
 6816 T:f3bc                                    ; --------------------------------
 6817 T:f3bc                                    ; "RECALL" STATEMENT
 6818 T:f3bc                                    ; --------------------------------
 6819 T:f3bc  20 d9 27                 RECALL    jsr GETARYPT             ; FIND ARRAY IN MEMORY
 6820 T:f3bf  20 fd fe                           jsr MON_READ                ; READ HEADER
 6821 T:f3c2  a0 02                              ldy #2             ; MAKE SURE THE NEW DATA FITS
 6822 T:f3c4  b1 9b                              lda (LOWTR),Y                   ; 
 6823 T:f3c6  c5 50                              cmp LINNUM                ; 
 6824 T:f3c8  c8                                 iny                    ; 
 6825 T:f3c9  b1 9b                              lda (LOWTR),Y                   ; 
 6826 T:f3cb  e5 51                              sbc LINNUM+1          ; 
 6827 T:f3cd  b0 03                              bcs L_RECALL_1                ; IT FITS
 6828 T:f3cf  4c 10 04                           jmp MEMERR             ; DOESN'T FIT
 6829 T:f3d2  20 bc 27                 L_RECALL_1 jsr TAPEPNT             ; READ THE DATA
 6830 T:f3d5  4c fd fe                           jmp MON_READ                ; 
 6831 T:f3d8                                    ; --------------------------------
 6832 T:f3d8                                    ; "HGR" AND "HGR2" STATEMENTS
 6833 T:f3d8                                    ; --------------------------------
 6834 T:f3d8  2c 55 c0                 HGR2      bit SW_HISCR             ; SELECT PAGE 2 ($4000-5FFF)
 6835 T:f3db  2c 52 c0                           bit SW_MIXCLR                ; DEFAULT TO FULL SCREEN
 6836 T:f3de  a9 40                              lda #>$4000            ; SET STARTING PAGE FOR HIRES
 6837 T:f3e0  d0 08                              bne SETHPG                ; ...ALWAYS
 6838 T:f3e2  a9 20                    HGR       lda #>$2000         ; SET STARTING PAGE FOR HIRES
 6839 T:f3e4  2c 54 c0                           bit SW_LOWSCR                ; SELECT PAGE 1 ($2000-3FFF)
 6840 T:f3e7  2c 53 c0                           bit SW_MIXSET                ; DEFAULT TO MIXED SCREEN
 6841 T:f3ea  85 e6                    SETHPG    sta HGR_PAGE             ; BASE PAGE OF HIRES BUFFER
 6842 T:f3ec  ad 57 c0                           lda SW_HIRES                ; TURN ON HIRES
 6843 T:f3ef  ad 50 c0                           lda SW_TXTCLR                ; TURN ON GRAPHICS
 6844 T:f3f2                                    ; --------------------------------
 6845 T:f3f2                                    ; CLEAR SCREEN
 6846 T:f3f2                                    ; --------------------------------
 6847 T:f3f2  a9 00                    HCLR      lda #0          ; SET FOR BLACK BACKGROUND
 6848 T:f3f4  85 1c                              sta HGR_BITS
 6849 T:f3f6                                    ; --------------------------------
 6850 T:f3f6                                    ; FILL SCREEN WITH (HGR.BITS)
 6851 T:f3f6                                    ; --------------------------------
 6852 T:f3f6  a5 e6                    BKGND     lda HGR_PAGE             ; PUT BUFFER ADDRESS IN HGR.SHAPE
 6853 T:f3f8  85 1b                              sta HGR_SHAPE+1
 6854 T:f3fa  a0 00                              ldy #0
 6855 T:f3fc  84 1a                              sty HGR_SHAPE
 6856 T:f3fe  a5 1c                    L_BKGND_1 lda HGR_BITS             ; COLOR BYTE
 6857 T:f400  91 1a                              sta (HGR_SHAPE),Y               ; CLEAR HIRES TO HGR.BITS
 6858 T:f402  20 7e 24                           jsr COLOR_SHIFT                ; CORRECT FOR COLOR SHIFT
 6859 T:f405  c8                                 iny                    ; (SLOWS CLEAR BY FACTOR OF 2)
 6860 T:f406  d0 f6                              bne L_BKGND_1
 6861 T:f408  e6 1b                              inc HGR_SHAPE+1
 6862 T:f40a  a5 1b                              lda HGR_SHAPE+1
 6863 T:f40c  29 1f                              and #$1f             ; DONE?  ($40 OR$60)
 6864 T:f40e  d0 ee                              bne L_BKGND_1             ; NO
 6865 T:f410  60                                 rts                    ; YES, RETURN
 6866 T:f411                                    ; --------------------------------
 6867 T:f411                                    ; SET THE HIRES CURSOR POSITION
 6868 T:f411                                    ; 
 6869 T:f411                                    ; (Y,X) = HORIZONTAL COORDINATE  (0-279)
 6870 T:f411                                    ; (A)   = VERTICAL COORDINATE    (0-191)
 6871 T:f411                                    ; --------------------------------
 6872 T:f411  85 e2                    HPOSN     sta HGR_Y             ; SAVE Y- AND X-POSITIONS
 6873 T:f413  86 e0                              stx HGR_X                ; 
 6874 T:f415  84 e1                              sty HGR_X+1          ; 
 6875 T:f417  48                                 pha                    ; Y-POS ALSO ON STACK
 6876 T:f418  29 c0                              and #$c0             ; CALCULATE BASE ADDRESS FOR Y-POS
 6877 T:f41a  85 26                              sta MON_GBASL                ; FOR Y=ABCDEFGH
 6878 T:f41c  4a                                 lsr                    ; GBASL=ABAB0000
 6879 T:f41d  4a                                 lsr                    ; 
 6880 T:f41e  05 26                              ora MON_GBASL                ; 
 6881 T:f420  85 26                              sta MON_GBASL                ; 
 6882 T:f422  68                                 pla                    ; (A)      (GBASH)   (GBASL)
 6883 T:f423  85 27                              sta MON_GBASH                ; ?-ABCDEFGH  ABCDEFGH  ABAB0000
 6884 T:f425  0a                                 asl                    ; A-BCDEFGH0  ABCDEFGH  ABAB0000
 6885 T:f426  0a                                 asl                    ; B-CDEFGH00  ABCDEFGH  ABAB0000
 6886 T:f427  0a                                 asl                    ; C-DEFGH000  ABCDEFGH  ABAB0000
 6887 T:f428  26 27                              rol MON_GBASH                ; A-DEFGH000  BCDEFGHC  ABAB0000
 6888 T:f42a  0a                                 asl                    ; D-EFGH0000  BCDEFGHC  ABAB0000
 6889 T:f42b  26 27                              rol MON_GBASH                ; B-EFGH0000  CDEFGHCD  ABAB0000
 6890 T:f42d  0a                                 asl                    ; E-FGH00000  CDEFGHCD  ABAB0000
 6891 T:f42e  66 26                              ror MON_GBASL                ; 0-FGH00000  CDEFGHCD  EABAB000
 6892 T:f430  a5 27                              lda MON_GBASH                ; 0-CDEFGHCD  CDEFGHCD  EABAB000
 6893 T:f432  29 1f                              and #$1f             ; 0-000FGHCD  CDEFGHCD  EABAB000
 6894 T:f434  05 e6                              ora HGR_PAGE                ; 0-PPPFGHCD  CDEFGHCD  EABAB000
 6895 T:f436  85 27                              sta MON_GBASH                ; 0-PPPFGHCD  PPPFGHCD  EABAB000
 6896 T:f438  8a                                 txa                    ; DIVIDE X-POS BY 7 FOR INDEX FROM BASE
 6897 T:f439  c0 00                              cpy #0             ; IS X-POS < 256?
 6898 T:f43b  f0 05                              beq L_HPOSN_2                ; YES
 6899 T:f43d  a0 23                              ldy #35             ; NO: 256/7 = 36 REM 4
 6900 T:f43f                                    ; CARRY=1, SO ADC #4 IS TOO LARGE;
 6901 T:f43f                                    ; HOWEVER, ADC #4 CLEARS CARRY
 6902 T:f43f                                    ; WHICH MAKES SBC #7 ONLY -6
 6903 T:f43f                                    ; BALANCING IT OUT.
 6904 T:f43f  69 04                              adc #4             ; FOLLOWING INY MAKES Y=36
 6905 T:f441  c8                       L_HPOSN_1 iny 
 6906 T:f442  e9 07                    L_HPOSN_2 sbc #7
 6907 T:f444  b0 fb                              bcs L_HPOSN_1
 6908 T:f446  84 e5                              sty HGR_HORIZ                ; HORIZONTAL INDEX
 6909 T:f448  aa                                 tax                    ; USE REMAINDER-7 TO LOOK UP THE
 6910 T:f449  bd b9 24                           lda MSKTBL-$0100+7,X             ; BIT MASK
 6911 T:f44c  85 30                              sta MON_HMASK
 6912 T:f44e  98                                 tya                    ; QUOTIENT GIVES BYTE INDEX
 6913 T:f44f  4a                                 lsr                    ; ODD OR EVEN COLUMN?
 6914 T:f450  a5 e4                              lda HGR_COLOR                ; IF ON ODD BYTE (CARRY SET)
 6915 T:f452  85 1c                              sta HGR_BITS                ; THEN ROTATE BITS
 6916 T:f454  b0 28                              bcs COLOR_SHIFT                ; ODD COLUMN
 6917 T:f456  60                                 rts                    ; EVEN COLUMN
 6918 T:f457                                    ; --------------------------------
 6919 T:f457                                    ; PLOT A DOT
 6920 T:f457                                    ; 
 6921 T:f457                                    ; (Y,X) = HORIZONTAL POSITION
 6922 T:f457                                    ; (A)   = VERTICAL POSITION
 6923 T:f457                                    ; --------------------------------
 6924 T:f457  20 11 24                 HPLOT0    jsr HPOSN
 6925 T:f45a  a5 1c                              lda HGR_BITS                ; CALCULATE BIT POSN IN GBAS,
 6926 T:f45c  51 26                              eor (MON_GBASL),Y               ; HGR.HORIZ, AND HMASK FROM
 6927 T:f45e  25 30                              and MON_HMASK                ; Y-COOR IN A-REG,
 6928 T:f460  51 26                              eor (MON_GBASL),Y               ; X-COOR IN X,Y REGS.
 6929 T:f462  91 26                              sta (MON_GBASL),Y               ; FOR ANY 1-BITS, SUBSTITUTE
 6930 T:f464  60                                 rts                    ; CORRESPONDING BIT OF HGR.BITS
 6931 T:f465                                    ; --------------------------------
 6932 T:f465                                    ; MOVE LEFT OR RIGHT ONE PIXEL
 6933 T:f465                                    ; 
 6934 T:f465                                    ; IF STATUS IS +, MOVE RIGHT; IF -, MOVE LEFT
 6935 T:f465                                    ; IF ALREADY AT LEFT OR RIGHT EDGE, WRAP AROUND
 6936 T:f465                                    ; 
 6937 T:f465                                    ; REMEMBER BITS IN HI-RES BYTE ARE BACKWARDS ORDER:
 6938 T:f465                                    ; BYTE N   BYTE N+1
 6939 T:f465                                    ; S7654321   SEDCBA98
 6940 T:f465                                    ; --------------------------------
 6941 T:f465                           MOVE_LEFT_OR_RIGHT 
 6942 T:f465  10 23                              bpl MOVE_RIGHT                ; + MOVE RIGHT, - MOVE LEFT
 6943 T:f467  a5 30                              lda MON_HMASK                ; MOVE LEFT ONE PIXEL
 6944 T:f469  4a                                 lsr                    ; SHIFT MASK RIGHT, MOVES DOT LEFT
 6945 T:f46a  b0 05                              bcs LR_2                ; ...DOT MOVED TO NEXT BYTE
 6946 T:f46c  49 c0                              eor #$c0             ; MOVE SIGN BIT BACK WHERE IT WAS
 6947 T:f46e  85 30                    LR_1      sta MON_HMASK             ; NEW MASK VALUE
 6948 T:f470  60                                 rts                    ; 
 6949 T:f471  88                       LR_2      dey                 ; MOVED TO NEXT BYTE, SO DECR INDEX
 6950 T:f472  10 02                              bpl LR_3                ; STILL NOT PAST EDGE
 6951 T:f474  a0 27                              ldy #39             ; OFF LEFT EDGE, SO WRAP AROUND SCREEN
 6952 T:f476  a9 c0                    LR_3      lda #$c0          ; NEW HMASK, RIGHTMOST BIT ON SCREEN
 6953 T:f478  85 30                    LR_4      sta MON_HMASK             ; NEW MASK AND INDEX
 6954 T:f47a  84 e5                              sty HGR_HORIZ                ; 
 6955 T:f47c  a5 1c                              lda HGR_BITS                ; ALSO NEED TO ROTATE COLOR
 6956 T:f47e                                    ; --------------------------------
 6957 T:f47e                           COLOR_SHIFT 
 6958 T:f47e  0a                                 asl                    ; ROTATE LOW-ORDER 7 BITS
 6959 T:f47f  c9 c0                              cmp #$c0             ; OF HGR.BITS ONE BIT POSN.
 6960 T:f481  10 06                              bpl L_COLOR_SHIFT_1
 6961 T:f483  a5 1c                              lda HGR_BITS
 6962 T:f485  49 7f                              eor #$7f
 6963 T:f487  85 1c                              sta HGR_BITS
 6964 T:f489  60                       L_COLOR_SHIFT_1 rts 
 6965 T:f48a                                    ; --------------------------------
 6966 T:f48a                                    ; MOVE RIGHT ONE PIXEL
 6967 T:f48a                                    ; IF ALREADY AT RIGHT EDGE, WRAP AROUND
 6968 T:f48a                                    ; --------------------------------
 6969 T:f48a                           MOVE_RIGHT 
 6970 T:f48a  a5 30                              lda MON_HMASK
 6971 T:f48c  0a                                 asl                    ; SHIFTING BYTE LEFT MOVES PIXEL RIGHT
 6972 T:f48d  49 80                              eor #$80             ; 
 6973 T:f48f                                    ; ORIGINAL:  C0 A0 90 88 84 82 81
 6974 T:f48f                                    ; SHIFTED:   80 40 20 10 08 02 01
 6975 T:f48f                                    ; EOR #$80:  00 C0 A0 90 88 84 82
 6976 T:f48f  30 dd                              bmi LR_1             ; FINISHED
 6977 T:f491  a9 81                              lda #$81             ; NEW MASK VALUE
 6978 T:f493  c8                                 iny                    ; MOVE TO NEXT BYTE RIGHT
 6979 T:f494  c0 28                              cpy #40             ; UNLESS THAT IS TOO FAR
 6980 T:f496  90 e0                              bcc LR_4             ; NOT TOO FAR
 6981 T:f498  a0 00                              ldy #0             ; TOO FAR, SO WRAP AROUND
 6982 T:f49a  b0 dc                              bcs LR_4             ; ...ALWAYS
 6983 T:f49c                                    ; --------------------------------
 6984 T:f49c                                    ; --------------------------------
 6985 T:f49c                                    ; "XDRAW" ONE BIT
 6986 T:f49c                                    ; --------------------------------
 6987 T:f49c  18                       LRUDX1    clc                 ; C=0 MEANS NO 90 DEGREE ROTATION
 6988 T:f49d  a5 d1                    LRUDX2    lda HGR_DX+1       ; C=1 MEANS ROTATE 90 DEGREES
 6989 T:f49f  29 04                              and #4             ; IF BIT2=0 THEN DON'T PLOT
 6990 T:f4a1  f0 25                              beq LRUD4                ; YES, DO NOT PLOT
 6991 T:f4a3  a9 7f                              lda #$7f             ; NO, LOOK AT WHAT IS ALREADY THERE
 6992 T:f4a5  25 30                              and MON_HMASK
 6993 T:f4a7  31 26                              and (MON_GBASL),Y               ; SCREEN BIT = 1?
 6994 T:f4a9  d0 19                              bne LRUD3                ; YES, GO CLEAR IT
 6995 T:f4ab  e6 ea                              inc HGR_COLLISIONS                ; NO, COUNT THE COLLISION
 6996 T:f4ad  a9 7f                              lda #$7f             ; AND TURN THE BIT ON
 6997 T:f4af  25 30                              and MON_HMASK                ; 
 6998 T:f4b1  10 11                              bpl LRUD3                ; ...ALWAYS
 6999 T:f4b3                                    ; --------------------------------
 7000 T:f4b3                                    ; "DRAW" ONE BIT
 7001 T:f4b3                                    ; --------------------------------
 7002 T:f4b3  18                       LRUD1     clc                 ; C=0 MEANS NO 90 DEGREE ROTATION
 7003 T:f4b4  a5 d1                    LRUD2     lda HGR_DX+1       ; C=1 MEANS ROTATE
 7004 T:f4b6  29 04                              and #4             ; IF BIT2=0 THEN DO NOT PLOT
 7005 T:f4b8  f0 0e                              beq LRUD4                ; DO NOT PLOT
 7006 T:f4ba  b1 26                              lda (MON_GBASL),Y
 7007 T:f4bc  45 1c                              eor HGR_BITS                ; 1'S WHERE ANY BITS NOT IN COLOR
 7008 T:f4be  25 30                              and MON_HMASK                ; LOOK AT JUST THIS BIT POSITION
 7009 T:f4c0  d0 02                              bne LRUD3                ; THE BIT WAS ZERO, SO PLOT IT
 7010 T:f4c2  e6 ea                              inc HGR_COLLISIONS                ; BIT IS ALREADY 1; COUNT COLLSN
 7011 T:f4c4                                    ; --------------------------------
 7012 T:f4c4                                    ; TOGGLE BIT ON SCREEN WITH (A)
 7013 T:f4c4                                    ; --------------------------------
 7014 T:f4c4  51 26                    LRUD3     eor (MON_GBASL),Y
 7015 T:f4c6  91 26                              sta (MON_GBASL),Y
 7016 T:f4c8                                    ; --------------------------------
 7017 T:f4c8                                    ; DETERMINE WHERE NEXT POINT WILL BE, AND MOVE THERE
 7018 T:f4c8                                    ; C=0 IF NO 90 DEGREE ROTATION
 7019 T:f4c8                                    ; C=1 ROTATES 90 DEGREES
 7020 T:f4c8                                    ; --------------------------------
 7021 T:f4c8  a5 d1                    LRUD4     lda HGR_DX+1       ; CALCULATE THE DIRECTION TO MOVE
 7022 T:f4ca  65 d3                              adc HGR_QUADRANT
 7023 T:f4cc  29 03                              and #3             ; WRAP AROUND THE CIRCLE
 7024 T:f4ce                                    CON_03=*-1         ; (( A CONSTANT ))
 7025 T:f4ce                                    ; 
 7026 T:f4ce                                    ; 00 -- UP
 7027 T:f4ce                                    ; 01 -- DOWN
 7028 T:f4ce                                    ; 10 -- RIGHT
 7029 T:f4ce                                    ; 11 -- LEFT
 7030 T:f4ce                                    ; 
 7031 T:f4ce  c9 02                              cmp #2             ; C=0 IF 0 OR 1, C=1 IF 2 OR 3
 7032 T:f4d0  6a                                 ror                    ; PUT C INTO SIGN, ODD/EVEN INTO C
 7033 T:f4d1  b0 92                              bcs MOVE_LEFT_OR_RIGHT
 7034 T:f4d3                                    ; --------------------------------
 7035 T:f4d3                           MOVE_UP_OR_DOWN 
 7036 T:f4d3  30 30                              bmi MOVE_DOWN                ; SIGN FOR UP/DOWN SELECT_
 7037 T:f4d5                                    ; --------------------------------
 7038 T:f4d5                                    ; MOVE UP ONE PIXEL
 7039 T:f4d5                                    ; IF ALREADY AT TOP, GO TO BOTTOM
 7040 T:f4d5                                    ; 
 7041 T:f4d5                                    ; REMEMBER:  Y-COORD   GBASH     GBASL
 7042 T:f4d5                                    ; ABCDEFGH  PPPFGHCD  EABAB000
 7043 T:f4d5                                    ; --------------------------------
 7044 T:f4d5  18                                 clc                    ; MOVE UP
 7045 T:f4d6  a5 27                              lda MON_GBASH                ; CALC. BASE ADDRESS OF PREV. LINE
 7046 T:f4d8  2c b9 25                           bit CON_1C                ; LOOK AT BITS 000FGH00 IN GBASH
 7047 T:f4db  d0 22                              bne L_MOVE_UP_OR_DOWN_5                ; SIMPLE, JUST FGH=FGH-1
 7048 T:f4dd                                    ; GBASH=PPP000CD, GBASL=EABAB000
 7049 T:f4dd  06 26                              asl MON_GBASL                ; WHAT IS "E"?
 7050 T:f4df  b0 1a                              bcs L_MOVE_UP_OR_DOWN_3                ; E=1, THEN EFGH=EFGH-1
 7051 T:f4e1  2c cd 24                           bit CON_03             ; LOOK AT 000000CD IN GBASH
 7052 T:f4e4  f0 05                              beq L_MOVE_UP_OR_DOWN_1                ; Y-POS IS AB000000 FORM
 7053 T:f4e6  69 1f                              adc #$1f             ; CD <> 0, SO CDEFGH=CDEFGH-1
 7054 T:f4e8  38                                 sec                    ; 
 7055 T:f4e9  b0 12                              bcs L_MOVE_UP_OR_DOWN_4                ; ...ALWAYS
 7056 T:f4eb  69 23                    L_MOVE_UP_OR_DOWN_1 adc #$23          ; ENOUGH TO MAKE GBASH=PPP11111 LATER
 7057 T:f4ed  48                                 pha                    ; SAVE FOR LATER
 7058 T:f4ee  a5 26                              lda MON_GBASL                ; GBASL IS NOW ABAB0000 (AB=00,01,10)
 7059 T:f4f0  69 b0                              adc #$b0             ; 0000+1011=1011 AND CARRY CLEAR
 7060 T:f4f2                                    ; OR 0101+1011=0000 AND CARRY SET
 7061 T:f4f2                                    ; OR 1010+1011=0101 AND CARRY SET
 7062 T:f4f2  b0 02                              bcs L_MOVE_UP_OR_DOWN_2                ; NO WRAP-AROUND NEEDED
 7063 T:f4f4  69 f0                              adc #$f0             ; CHANGE 1011 TO 1010 (WRAP-AROUND)
 7064 T:f4f6  85 26                    L_MOVE_UP_OR_DOWN_2 sta MON_GBASL             ; FORM IS NOW STILL ABAB0000
 7065 T:f4f8  68                                 pla                    ; PARTIALLY MODIFIED GBASH
 7066 T:f4f9  b0 02                              bcs L_MOVE_UP_OR_DOWN_4                ; ...ALWAYS
 7067 T:f4fb  69 1f                    L_MOVE_UP_OR_DOWN_3 adc #$1f          ; 
 7068 T:f4fd  66 26                    L_MOVE_UP_OR_DOWN_4 ror MON_GBASL             ; SHIFT IN E, TO GET EABAB000 FORM
 7069 T:f4ff  69 fc                    L_MOVE_UP_OR_DOWN_5 adc #$fc          ; FINISH GBASH MODS
 7070 T:f501  85 27                    UD_1      sta MON_GBASH             ; 
 7071 T:f503  60                                 rts 
 7072 T:f504                                    ; --------------------------------
 7073 T:f504  18                                 clc                    ; <<<NEVER USED>>>
 7074 T:f505                                    ; --------------------------------
 7075 T:f505                                    ; MOVE DOWN ONE PIXEL
 7076 T:f505                                    ; IF ALREADY AT BOTTOM, GO TO TOP
 7077 T:f505                                    ; 
 7078 T:f505                                    ; REMEMBER:  Y-COORD   GBASH     GBASL
 7079 T:f505                                    ; ABCDEFGH  PPPFGHCD  EABAB000
 7080 T:f505                                    ; --------------------------------
 7081 T:f505                           MOVE_DOWN 
 7082 T:f505  a5 27                              lda MON_GBASH                ; TRY IT FIRST, BY FGH=FGH+1
 7083 T:f507  69 04                              adc #4             ; GBASH = PPPFGHCD
 7084 T:f509                                    CON_04=*-1         ; (( CONSTANT ))
 7085 T:f509  2c b9 25                           bit CON_1C                ; IS FGH FIELD NOW ZERO?
 7086 T:f50c  d0 f3                              bne UD_1             ; NO, SO WE ARE FINISHED
 7087 T:f50e                                    ; YES, RIPPLE THE CARRY AS HIGH
 7088 T:f50e                                    ; AS NECESSARY
 7089 T:f50e  06 26                              asl MON_GBASL                ; LOOK AT "E" BIT
 7090 T:f510  90 18                              bcc L_CON_04_2                ; NOW ZERO; MAKE IT 1 AND LEAVE
 7091 T:f512  69 e0                              adc #$e0             ; CARRY = 1, SO ADDS $E1
 7092 T:f514  18                                 clc                    ; IS "CD" NOT ZERO?
 7093 T:f515  2c 08 25                           bit CON_04             ; TESTS BIT 2 FOR CARRY OUT OF "CD"
 7094 T:f518  f0 12                              beq L_CON_04_3                ; NO CARRY, FINISHED
 7095 T:f51a                                    ; INCREMENT "AB" THEN
 7096 T:f51a                                    ; 0000 --> 0101
 7097 T:f51a                                    ; 0101 --> 1010
 7098 T:f51a                                    ; 1010 --> WRAP AROUND TO LINE 0
 7099 T:f51a  a5 26                              lda MON_GBASL                ; 0000  0101  1010
 7100 T:f51c  69 50                              adc #$50             ; 0101  1010  1111
 7101 T:f51e  49 f0                              eor #$f0             ; 1010  0101  0000
 7102 T:f520  f0 02                              beq L_CON_04_1                ; 
 7103 T:f522  49 f0                              eor #$f0             ; 0101  1010
 7104 T:f524  85 26                    L_CON_04_1 sta MON_GBASL             ; NEW ABAB0000
 7105 T:f526  a5 e6                              lda HGR_PAGE                ; WRAP AROUND TO LINE ZERO OF GROUP
 7106 T:f528  90 02                              bcc L_CON_04_3                ; ...ALWAYS
 7107 T:f52a  69 e0                    L_CON_04_2 adc #$e0
 7108 T:f52c  66 26                    L_CON_04_3 ror MON_GBASL
 7109 T:f52e  90 d1                              bcc UD_1             ; ...ALWAYS
 7110 T:f530                                    ; --------------------------------
 7111 T:f530                                    ; HLINRL IS NEVER CALLED BY APPLESOFT
 7112 T:f530                                    ; 
 7113 T:f530                                    ; ENTER WITH:  (A,X) = DX FROM CURRENT POINT
 7114 T:f530                                    ; (Y)   = DY FROM CURRENT POINT
 7115 T:f530                                    ; --------------------------------
 7116 T:f530  48                       HLINRL    pha                 ; SAVE (A)
 7117 T:f531  a9 00                              lda #0             ; CLEAR CURRENT POINT SO HGLIN WILL
 7118 T:f533  85 e0                              sta HGR_X                ; ACT RELATIVELY
 7119 T:f535  85 e1                              sta HGR_X+1          ; 
 7120 T:f537  85 e2                              sta HGR_Y                ; 
 7121 T:f539  68                                 pla                    ; RESTORE (A)
 7122 T:f53a                                    ; --------------------------------
 7123 T:f53a                                    ; DRAW LINE FROM LAST PLOTTED POINT TO (A,X),(Y)
 7124 T:f53a                                    ; 
 7125 T:f53a                                    ; ENTER WITH:  (A,X) = X OF TARGET POINT
 7126 T:f53a                                    ; (Y)   = Y OF TARGET POINT
 7127 T:f53a                                    ; --------------------------------
 7128 T:f53a  48                       HGLIN     pha                 ; COMPUTE DX = X- X0
 7129 T:f53b  38                                 sec 
 7130 T:f53c  e5 e0                              sbc HGR_X
 7131 T:f53e  48                                 pha 
 7132 T:f53f  8a                                 txa 
 7133 T:f540  e5 e1                              sbc HGR_X+1
 7134 T:f542  85 d3                              sta HGR_QUADRANT                ; SAVE DX SIGN (+ = RIGHT, - = LEFT)
 7135 T:f544  b0 0a                              bcs L_HGLIN_1                ; NOW FIND ABS (DX)
 7136 T:f546  68                                 pla                    ; FORMS 2'S COMPLEMENT
 7137 T:f547  49 ff                              eor #$ff
 7138 T:f549  69 01                              adc #1
 7139 T:f54b  48                                 pha 
 7140 T:f54c  a9 00                              lda #0
 7141 T:f54e  e5 d3                              sbc HGR_QUADRANT
 7142 T:f550  85 d1                    L_HGLIN_1 sta HGR_DX+1
 7143 T:f552  85 d5                              sta HGR_E+1          ; INIT HGR.E TO ABS(X-X0)
 7144 T:f554  68                                 pla 
 7145 T:f555  85 d0                              sta HGR_DX
 7146 T:f557  85 d4                              sta HGR_E
 7147 T:f559  68                                 pla 
 7148 T:f55a  85 e0                              sta HGR_X                ; TARGET X POINT
 7149 T:f55c  86 e1                              stx HGR_X+1          ; 
 7150 T:f55e  98                                 tya                    ; TARGET Y POINT
 7151 T:f55f  18                                 clc                    ; COMPUTE DY = Y-HGR.Y
 7152 T:f560  e5 e2                              sbc HGR_Y                ; AND SAVE -ABS(Y-HGR.Y)-1 IN HGR.DY
 7153 T:f562  90 04                              bcc L_HGLIN_2                ; (SO + MEANS UP, - MEANS DOWN)
 7154 T:f564  49 ff                              eor #$ff             ; 2'S COMPLEMENT OF DY
 7155 T:f566  69 fe                              adc #$fe             ; 
 7156 T:f568  85 d2                    L_HGLIN_2 sta HGR_DY             ; 
 7157 T:f56a  84 e2                              sty HGR_Y                ; TARGET Y POINT
 7158 T:f56c  66 d3                              ror HGR_QUADRANT                ; SHIFT Y-DIRECTION INTO QUADRANT
 7159 T:f56e  38                                 sec                    ; COUNT = DX -(-DY) = # OF DOTS NEEDED
 7160 T:f56f  e5 d0                              sbc HGR_DX                ; 
 7161 T:f571  aa                                 tax                    ; COUNTL IS IN X-REG
 7162 T:f572  a9 ff                              lda #$ff
 7163 T:f574  e5 d1                              sbc HGR_DX+1
 7164 T:f576  85 1d                              sta HGR_COUNT
 7165 T:f578  a4 e5                              ldy HGR_HORIZ                ; HORIZONTAL INDEX
 7166 T:f57a  b0 05                              bcs MOVEX2                ; ...ALWAYS
 7167 T:f57c                                    ; --------------------------------
 7168 T:f57c                                    ; MOVE LEFT OR RIGHT ONE PIXEL
 7169 T:f57c                                    ; (A) BIT 6 HAS DIRECTION
 7170 T:f57c                                    ; --------------------------------
 7171 T:f57c  0a                       MOVEX     asl                 ; PUT BIT 6 INTO SIGN POSITION
 7172 T:f57d  20 65 24                           jsr MOVE_LEFT_OR_RIGHT
 7173 T:f580  38                                 sec 
 7174 T:f581                                    ; --------------------------------
 7175 T:f581                                    ; DRAW LINE NOW
 7176 T:f581                                    ; --------------------------------
 7177 T:f581  a5 d4                    MOVEX2    lda HGR_E             ; CARRY IS SET
 7178 T:f583  65 d2                              adc HGR_DY                ; E = E-DELTY
 7179 T:f585  85 d4                              sta HGR_E                ; NOTE: DY IS (-DELTA Y)-1
 7180 T:f587  a5 d5                              lda HGR_E+1          ; CARRY CLR IF HGR.E GOES NEGATIVE
 7181 T:f589  e9 00                              sbc #0
 7182 T:f58b  85 d5                    L_MOVEX2_1 sta HGR_E+1
 7183 T:f58d  b1 26                              lda (MON_GBASL),Y
 7184 T:f58f  45 1c                              eor HGR_BITS                ; PLOT A DOT
 7185 T:f591  25 30                              and MON_HMASK
 7186 T:f593  51 26                              eor (MON_GBASL),Y
 7187 T:f595  91 26                              sta (MON_GBASL),Y
 7188 T:f597  e8                                 inx                    ; FINISHED ALL THE DOTS?
 7189 T:f598  d0 04                              bne L_MOVEX2_2                ; NO
 7190 T:f59a  e6 1d                              inc HGR_COUNT                ; TEST REST OF COUNT
 7191 T:f59c  f0 62                              beq RTS_22                ; YES, FINISHED.
 7192 T:f59e  a5 d3                    L_MOVEX2_2 lda HGR_QUADRANT             ; TEST DIRECTION
 7193 T:f5a0  b0 da                              bcs MOVEX             ; NEXT MOVE IS IN THE X DIRECTION
 7194 T:f5a2  20 d3 24                           jsr MOVE_UP_OR_DOWN             ; IF CLR, NEG, MOVE
 7195 T:f5a5  18                                 clc                    ; E = E+DX
 7196 T:f5a6  a5 d4                              lda HGR_E
 7197 T:f5a8  65 d0                              adc HGR_DX
 7198 T:f5aa  85 d4                              sta HGR_E
 7199 T:f5ac  a5 d5                              lda HGR_E+1
 7200 T:f5ae  65 d1                              adc HGR_DX+1
 7201 T:f5b0  50 d9                              bvc L_MOVEX2_1             ; ...ALWAYS
 7202 T:f5b2                                    ; --------------------------------

 7205 T:f5b2  81                       MSKTBL    .byt %10000001
 7206 T:f5b3  82                                 .byt %10000010
 7207 T:f5b4  84                                 .byt %10000100
 7208 T:f5b5  88                                 .byt %10001000
 7209 T:f5b6  90                                 .byt %10010000
 7210 T:f5b7  a0                                 .byt %10100000
 7211 T:f5b8  c0                                 .byt %11000000
 7212 T:f5b9                                    ; --------------------------------
 7213 T:f5b9  1c                       CON_1C    .byt %00011100           ; MASK FOR "FGH" BITS
 7214 T:f5ba                                    ; --------------------------------

 7216 T:f5ba                                    ; --------------------------------
 7217 T:f5ba                                    ; TABLE OF COS(90*X/16 DEGREES)*$100 - 1
 7218 T:f5ba                                    ; WITH ONE BYTE PRECISION, X=0 TO 16:
 7219 T:f5ba                                    ; --------------------------------
 7220 T:f5ba  ff fe fa f4 ec e1 d4 c5  COSINE_TABLE .byt $ff,$fe,$fa,$f4,$ec,$e1,$d4,$c5
 7221 T:f5c2  b4 a1 8d 78 61 49 31 18            .byt $b4,$a1,$8d,$78,$61,$49,$31,$18
 7222 T:f5ca  ff                                 .byt $ff
 7223 T:f5cb                                    ; --------------------------------
 7224 T:f5cb                                    ; HFIND -- CALCULATES CURRENT POSITION OF HI-RES CURSOR
 7225 T:f5cb                                    ; (NOT CALLED BY ANY APPLESOFT ROUTINE)
 7226 T:f5cb                                    ; 
 7227 T:f5cb                                    ; CALCULATE Y-COORD FROM GBASL,H
 7228 T:f5cb                                    ; AND X-COORD FROM HORIZ AND HMASK
 7229 T:f5cb                                    ; --------------------------------
 7230 T:f5cb  a5 26                    HFIND     lda MON_GBASL             ; GBASL = EABAB000
 7231 T:f5cd  0a                                 asl                    ; E INTO CARRY
 7232 T:f5ce  a5 27                              lda MON_GBASH                ; GBASH = PPPFGHCD
 7233 T:f5d0  29 03                              and #3             ; 000000CD
 7234 T:f5d2  2a                                 rol                    ; 00000CDE
 7235 T:f5d3  05 26                              ora MON_GBASL                ; EABABCDE
 7236 T:f5d5  0a                                 asl                    ; ABABCDE0
 7237 T:f5d6  0a                                 asl                    ; BABCDE00
 7238 T:f5d7  0a                                 asl                    ; ABCDE000
 7239 T:f5d8  85 e2                              sta HGR_Y                ; ALL BUT FGH
 7240 T:f5da  a5 27                              lda MON_GBASH                ; PPPFGHCD
 7241 T:f5dc  4a                                 lsr                    ; 0PPPFGHC
 7242 T:f5dd  4a                                 lsr                    ; 00PPPFGH
 7243 T:f5de  29 07                              and #7             ; 00000FGH
 7244 T:f5e0  05 e2                              ora HGR_Y                ; ABCDEFGH
 7245 T:f5e2  85 e2                              sta HGR_Y                ; THAT TAKES CARE OF Y-COORDINATE!
 7246 T:f5e4  a5 e5                              lda HGR_HORIZ                ; X = 7*HORIZ + BIT POS. IN HMASK
 7247 T:f5e6  0a                                 asl                    ; MULTIPLY BY 7
 7248 T:f5e7  65 e5                              adc HGR_HORIZ                ; 3* SO FAR
 7249 T:f5e9  0a                                 asl                    ; 6*
 7250 T:f5ea  aa                                 tax                    ; SINCE 7* MIGHT NOT FIT IN 1 BYTE,
 7251 T:f5eb                                    ; WAIT TILL LATER FOR LAST ADD
 7252 T:f5eb  ca                                 dex                    ; 
 7253 T:f5ec  a5 30                              lda MON_HMASK                ; NOW FIND BIT POSITION IN HMASK
 7254 T:f5ee  29 7f                              and #$7f             ; ONLY LOOK AT LOW SEVEN
 7255 T:f5f0  e8                       L_HFIND_1 inx                 ; COUNT A SHIFT
 7256 T:f5f1  4a                                 lsr                    ; 
 7257 T:f5f2  d0 fc                              bne L_HFIND_1             ; STILL IN THERE
 7258 T:f5f4  85 e1                              sta HGR_X+1          ; ZERO TO HI-BYTE
 7259 T:f5f6  8a                                 txa                    ; 6*HORIZ+LOG2(HMASK)
 7260 T:f5f7  18                                 clc                    ; ADD HORIZ ONE MORE TIME
 7261 T:f5f8  65 e5                              adc HGR_HORIZ                ; 7*HORIZ+LOG2(HMASK)
 7262 T:f5fa  90 02                              bcc L_HFIND_2                ; UPPER BYTE = 0
 7263 T:f5fc  e6 e1                              inc HGR_X+1          ; UPPER BYTE = 1
 7264 T:f5fe  85 e0                    L_HFIND_2 sta HGR_X             ; STORE LOWER BYTE
 7265 T:f600  60                       RTS_22    rts 
 7266 T:f601                                    ; --------------------------------
 7267 T:f601                                    ; DRAW A SHAPE
 7268 T:f601                                    ; 
 7269 T:f601                                    ; (Y,X) = SHAPE STARTING ADDRESS
 7270 T:f601                                    ; (A)   = ROTATION (0-3F)
 7271 T:f601                                    ; --------------------------------
 7272 T:f601                                    ; APPLESOFT DOES NOT CALL DRAW0
 7273 T:f601                                    ; --------------------------------
 7274 T:f601  86 1a                    DRAW0     stx HGR_SHAPE             ; SAVE SHAPE ADDRESS
 7275 T:f603  84 1b                              sty HGR_SHAPE+1
 7276 T:f605                                    ; --------------------------------
 7277 T:f605                                    ; APPLESOFT ENTERS HERE
 7278 T:f605                                    ; --------------------------------
 7279 T:f605  aa                       DRAW1     tax                 ; SAVE ROTATION (0-$3F)
 7280 T:f606  4a                                 lsr                    ; DIVIDE ROTATION BY 16 TO GET
 7281 T:f607  4a                                 lsr                    ; QUADRANT (0=UP, 1=RT, 2=DWN, 3=LFT)
 7282 T:f608  4a                                 lsr 
 7283 T:f609  4a                                 lsr 
 7284 T:f60a  85 d3                              sta HGR_QUADRANT
 7285 T:f60c  8a                                 txa                    ; USE LOW 4 BITS OF ROTATION TO INDEX
 7286 T:f60d  29 0f                              and #$0f             ; THE TRIG TABLE
 7287 T:f60f  aa                                 tax 
 7288 T:f610  bc ba 25                           ldy COSINE_TABLE,X              ; SAVE COSINE IN HGR.DX
 7289 T:f613  84 d0                              sty HGR_DX                ; 
 7290 T:f615  49 0f                              eor #$0f             ; AND SINE IN DY
 7291 T:f617  aa                                 tax 
 7292 T:f618  bc bb 25                           ldy COSINE_TABLE+1,X
 7293 T:f61b  c8                                 iny 
 7294 T:f61c  84 d2                              sty HGR_DY
 7295 T:f61e  a4 e5                              ldy HGR_HORIZ                ; INDEX FROM GBASL,H TO BYTE WE'RE IN
 7296 T:f620  a2 00                              ldx #0
 7297 T:f622  86 ea                              stx HGR_COLLISIONS                ; CLEAR COLLISION COUNTER
 7298 T:f624  a1 1a                              lda (HGR_SHAPE,X)               ; GET FIRST BYTE OF SHAPE DEFN
 7299 T:f626  85 d1                    L_DRAW1_1 sta HGR_DX+1       ; KEEP SHAPE BYTE IN HGR.DX+1
 7300 T:f628  a2 80                              ldx #$80             ; INITIAL VALUES FOR FRACTIONAL VECTORS
 7301 T:f62a  86 d4                              stx HGR_E                ; L_DRAW1_5 IN COSINE COMPONENT
 7302 T:f62c  86 d5                              stx HGR_E+1          ; L_DRAW1_5 IN SINE COMPONENT
 7303 T:f62e  a6 e7                              ldx HGR_SCALE                ; SCALE FACTOR
 7304 T:f630  a5 d4                    L_DRAW1_2 lda HGR_E             ; ADD COSINE VALUE TO X-VALUE
 7305 T:f632  38                                 sec                    ; IF >= 1, THEN DRAW
 7306 T:f633  65 d0                              adc HGR_DX                ; 
 7307 T:f635  85 d4                              sta HGR_E                ; ONLY SAVE FRACTIONAL PART
 7308 T:f637  90 04                              bcc L_DRAW1_3                ; NO INTEGRAL PART
 7309 T:f639  20 b3 24                           jsr LRUD1             ; TIME TO PLOT COSINE COMPONENT
 7310 T:f63c  18                                 clc                    ; 
 7311 T:f63d  a5 d5                    L_DRAW1_3 lda HGR_E+1       ; ADD SINE VALUE TO Y-VALUE
 7312 T:f63f  65 d2                              adc HGR_DY                ; IF >= 1, THEN DRAW
 7313 T:f641  85 d5                              sta HGR_E+1          ; ONLY SAVE FRACTIONAL PART
 7314 T:f643  90 03                              bcc L_DRAW1_4                ; NO INTEGRAL PART
 7315 T:f645  20 b4 24                           jsr LRUD2             ; TIME TO PLOT SINE COMPONENT
 7316 T:f648  ca                       L_DRAW1_4 dex                 ; LOOP ON SCALE FACTOR.
 7317 T:f649  d0 e5                              bne L_DRAW1_2             ; STILL ON SAME SHAPE ITEM
 7318 T:f64b  a5 d1                              lda HGR_DX+1          ; GET NEXT SHAPE ITEM
 7319 T:f64d  4a                                 lsr                    ; NEXT 3 BIT VECTOR
 7320 T:f64e  4a                                 lsr                    ; 
 7321 T:f64f  4a                                 lsr                    ; 
 7322 T:f650  d0 d4                              bne L_DRAW1_1             ; MORE IN THIS SHAPE BYTE
 7323 T:f652  e6 1a                              inc HGR_SHAPE                ; GO TO NEXT SHAPE BYTE
 7324 T:f654  d0 02                              bne L_DRAW1_5
 7325 T:f656  e6 1b                              inc HGR_SHAPE+1
 7326 T:f658  a1 1a                    L_DRAW1_5 lda (HGR_SHAPE,X)               ; NEXT BYTE OF SHAPE DEFINITION
 7327 T:f65a  d0 ca                              bne L_DRAW1_1             ; PROCESS IF NOT ZERO
 7328 T:f65c  60                                 rts                    ; FINISHED
 7329 T:f65d                                    ; --------------------------------
 7330 T:f65d                                    ; XDRAW A SHAPE (SAME AS DRAW, EXCEPT TOGGLES SCREEN)
 7331 T:f65d                                    ; 
 7332 T:f65d                                    ; (Y,X) = SHAPE STARTING ADDRESS
 7333 T:f65d                                    ; (A)   = ROTATION (0-3F)
 7334 T:f65d                                    ; --------------------------------
 7335 T:f65d                                    ; APPLESOFT DOES NOT CALL XDRAW0
 7336 T:f65d                                    ; --------------------------------
 7337 T:f65d  86 1a                    XDRAW0    stx HGR_SHAPE             ; SAVE SHAPE ADDRESS
 7338 T:f65f  84 1b                              sty HGR_SHAPE+1
 7339 T:f661                                    ; --------------------------------
 7340 T:f661                                    ; APPLESOFT ENTERS HERE
 7341 T:f661                                    ; --------------------------------
 7342 T:f661  aa                       XDRAW1    tax                 ; SAVE ROTATION (0-$3F)
 7343 T:f662  4a                                 lsr                    ; DIVIDE ROTATION BY 16 TO GET
 7344 T:f663  4a                                 lsr                    ; QUADRANT (0=UP, 1=RT, 2=DWN, 3=LFT)
 7345 T:f664  4a                                 lsr 
 7346 T:f665  4a                                 lsr 
 7347 T:f666  85 d3                              sta HGR_QUADRANT
 7348 T:f668  8a                                 txa                    ; USE LOW 4 BITS OF ROTATION TO INDEX
 7349 T:f669  29 0f                              and #$0f             ; THE TRIG TABLE
 7350 T:f66b  aa                                 tax 
 7351 T:f66c  bc ba 25                           ldy COSINE_TABLE,X              ; SAVE COSINE IN HGR.DX
 7352 T:f66f  84 d0                              sty HGR_DX                ; 
 7353 T:f671  49 0f                              eor #$0f             ; AND SINE IN DY
 7354 T:f673  aa                                 tax 
 7355 T:f674  bc bb 25                           ldy COSINE_TABLE+1,X
 7356 T:f677  c8                                 iny 
 7357 T:f678  84 d2                              sty HGR_DY
 7358 T:f67a  a4 e5                              ldy HGR_HORIZ                ; INDEX FROM GBASL,H TO BYTE WE'RE IN
 7359 T:f67c  a2 00                              ldx #0
 7360 T:f67e  86 ea                              stx HGR_COLLISIONS                ; CLEAR COLLISION COUNTER
 7361 T:f680  a1 1a                              lda (HGR_SHAPE,X)               ; GET FIRST BYTE OF SHAPE DEFN
 7362 T:f682  85 d1                    L_XDRAW1_1 sta HGR_DX+1       ; KEEP SHAPE BYTE IN HGR.DX+1
 7363 T:f684  a2 80                              ldx #$80             ; INITIAL VALUES FOR FRACTIONAL VECTORS
 7364 T:f686  86 d4                              stx HGR_E                ; L_XDRAW1_5 IN COSINE COMPONENT
 7365 T:f688  86 d5                              stx HGR_E+1          ; L_XDRAW1_5 IN SINE COMPONENT
 7366 T:f68a  a6 e7                              ldx HGR_SCALE                ; SCALE FACTOR
 7367 T:f68c  a5 d4                    L_XDRAW1_2 lda HGR_E             ; ADD COSINE VALUE TO X-VALUE
 7368 T:f68e  38                                 sec                    ; IF >= 1, THEN DRAW
 7369 T:f68f  65 d0                              adc HGR_DX                ; 
 7370 T:f691  85 d4                              sta HGR_E                ; ONLY SAVE FRACTIONAL PART
 7371 T:f693  90 04                              bcc L_XDRAW1_3                ; NO INTEGRAL PART
 7372 T:f695  20 9c 24                           jsr LRUDX1             ; TIME TO PLOT COSINE COMPONENT
 7373 T:f698  18                                 clc                    ; 
 7374 T:f699  a5 d5                    L_XDRAW1_3 lda HGR_E+1       ; ADD SINE VALUE TO Y-VALUE
 7375 T:f69b  65 d2                              adc HGR_DY                ; IF >= 1, THEN DRAW
 7376 T:f69d  85 d5                              sta HGR_E+1          ; ONLY SAVE FRACTIONAL PART
 7377 T:f69f  90 03                              bcc L_XDRAW1_4                ; NO INTEGRAL PART
 7378 T:f6a1  20 9d 24                           jsr LRUDX2             ; TIME TO PLOT SINE COMPONENT
 7379 T:f6a4  ca                       L_XDRAW1_4 dex                 ; LOOP ON SCALE FACTOR.
 7380 T:f6a5  d0 e5                              bne L_XDRAW1_2             ; STILL ON SAME SHAPE ITEM
 7381 T:f6a7  a5 d1                              lda HGR_DX+1          ; GET NEXT SHAPE ITEM
 7382 T:f6a9  4a                                 lsr                    ; NEXT 3 BIT VECTOR
 7383 T:f6aa  4a                                 lsr                    ; 
 7384 T:f6ab  4a                                 lsr                    ; 
 7385 T:f6ac  d0 d4                              bne L_XDRAW1_1             ; MORE IN THIS SHAPE BYTE
 7386 T:f6ae  e6 1a                              inc HGR_SHAPE                ; GO TO NEXT SHAPE BYTE
 7387 T:f6b0  d0 02                              bne L_XDRAW1_5
 7388 T:f6b2  e6 1b                              inc HGR_SHAPE+1
 7389 T:f6b4  a1 1a                    L_XDRAW1_5 lda (HGR_SHAPE,X)               ; NEXT BYTE OF SHAPE DEFINITION
 7390 T:f6b6  d0 ca                              bne L_XDRAW1_1             ; PROCESS IF NOT ZERO
 7391 T:f6b8  60                                 rts                    ; FINISHED
 7392 T:f6b9                                    ; --------------------------------
 7393 T:f6b9                                    ; GET HI-RES PLOTTING COORDINATES (0-279,0-191) FROM
 7394 T:f6b9                                    ; TXTPTR.  LEAVE REGISTERS SET UP FOR HPOSN:
 7395 T:f6b9                                    ; (Y,X)=X-COORD
 7396 T:f6b9                                    ; (A)  =Y-COORD
 7397 T:f6b9                                    ; --------------------------------
 7398 T:f6b9  20 67 0d                 HFNS      jsr FRMNUM          ; EVALUATE EXPRESSION, MUST BE NUMERIC
 7399 T:f6bc  20 52 17                           jsr GETADR             ; CONVERT TO 2-BYTE INTEGER IN LINNUM
 7400 T:f6bf  a4 51                              ldy LINNUM+1          ; GET HORIZ COOR IN X,Y
 7401 T:f6c1  a6 50                              ldx LINNUM                ; 
 7402 T:f6c3  c0 01                              cpy #>280            ; MAKE SURE IT IS < 280
 7403 T:f6c5  90 06                              bcc L_HFNS_1                ; IN RANGE
 7404 T:f6c7  d0 1d                              bne GGERR                ; 
 7405 T:f6c9  e0 18                              cpx #<280            ; 
 7406 T:f6cb  b0 19                              bcs GGERR                ; 
 7407 T:f6cd  8a                       L_HFNS_1  txa                 ; SAVE HORIZ COOR ON STACK
 7408 T:f6ce  48                                 pha                    ; 
 7409 T:f6cf  98                                 tya                    ; 
 7410 T:f6d0  48                                 pha                    ; 
 7411 T:f6d1  a9 2c                              lda #(","&%01111111)     ; REQUIRE A COMMA
 7412 T:f6d3  20 c0 0e                           jsr SYNCHR             ; 
 7413 T:f6d6  20 f8 16                           jsr GETBYT             ; EVAL EXP TO SINGLE BYTE IN X-REG
 7414 T:f6d9  e0 c0                              cpx #192             ; CHECK FOR RANGE
 7415 T:f6db  b0 09                              bcs GGERR                ; TOO BIG
 7416 T:f6dd  86 9d                              stx FAC                ; SAVE Y-COORD
 7417 T:f6df  68                                 pla                    ; RETRIEVE HORIZONTAL COORDINATE
 7418 T:f6e0  a8                                 tay                    ; 
 7419 T:f6e1  68                                 pla                    ; 
 7420 T:f6e2  aa                                 tax                    ; 
 7421 T:f6e3  a5 9d                              lda FAC                ; AND VERTICAL COORDINATE
 7422 T:f6e5  60                                 rts                    ; 
 7423 T:f6e6                                    ; --------------------------------
 7424 T:f6e6  4c 06 22                 GGERR     jmp GOERR          ; ILLEGAL QUANTITY ERROR
 7425 T:f6e9                                    ; --------------------------------
 7426 T:f6e9                                    ; "HCOLOR=" STATEMENT
 7427 T:f6e9                                    ; --------------------------------
 7428 T:f6e9  20 f8 16                 HCOLOR    jsr GETBYT          ; EVAL EXP TO SINGLE BYTE IN X
 7429 T:f6ec  e0 08                              cpx #8             ; VALUE MUST BE 0-7
 7430 T:f6ee  b0 f6                              bcs GGERR             ; TOO BIG
 7431 T:f6f0  bd f6 26                           lda COLORTBL,X                  ; GET COLOR PATTERN
 7432 T:f6f3  85 e4                              sta HGR_COLOR
 7433 T:f6f5  60                       RTS_23    rts 
 7434 T:f6f6                                    ; --------------------------------

 7437 T:f6f6  00                       COLORTBL  .byt %00000000
 7438 T:f6f7  2a                                 .byt %00101010
 7439 T:f6f8  55                                 .byt %01010101
 7440 T:f6f9  7f                                 .byt %01111111
 7441 T:f6fa  80                                 .byt %00000000|%10000000
 7442 T:f6fb  aa                                 .byt %00101010|%10000000
 7443 T:f6fc  d5                                 .byt %01010101|%10000000
 7444 T:f6fd  ff                                 .byt %01111111|%10000000

 7446 T:f6fe                                    ; --------------------------------
 7447 T:f6fe                                    ; "HPLOT" STATEMENT
 7448 T:f6fe                                    ; 
 7449 T:f6fe                                    ; HPLOT X,Y
 7450 T:f6fe                                    ; HPLOT TO X,Y
 7451 T:f6fe                                    ; HPLOT X1,Y1 TO X2,Y2
 7452 T:f6fe                                    ; --------------------------------
 7453 T:f6fe  c9 c1                    HPLOT     cmp #TOKEN_TO            ; "PLOT TO" FORM?
 7454 T:f700  f0 0d                              beq L_HPLOT_2                ; YES, START FROM CURRENT LOCATION
 7455 T:f702  20 b9 26                           jsr HFNS             ; NO, GET STARTING POINT OF LINE
 7456 T:f705  20 57 24                           jsr HPLOT0             ; PLOT THE POINT, AND SET UP FOR
 7457 T:f708                                    ; DRAWING A LINE FROM THAT POINT
 7458 T:f708  20 b7 00                 L_HPLOT_1 jsr CHRGOT             ; CHARACTER AT END OF EXPRESSION
 7459 T:f70b  c9 c1                              cmp #TOKEN_TO               ; IS A LINE SPECIFIED?
 7460 T:f70d  d0 e6                              bne RTS_23             ; NO, EXIT
 7461 T:f70f  20 c0 0e                 L_HPLOT_2 jsr SYNCHR          ; YES. ADV. TXTPTR (WHY NOT CHRGET)
 7462 T:f712  20 b9 26                           jsr HFNS             ; GET COORDINATES OF LINE END
 7463 T:f715  84 9d                              sty DSCTMP                ; SET UP FOR LINE
 7464 T:f717  a8                                 tay                    ; 
 7465 T:f718  8a                                 txa                    ; 
 7466 T:f719  a6 9d                              ldx DSCTMP                ; 
 7467 T:f71b  20 3a 25                           jsr HGLIN             ; PLOT LINE
 7468 T:f71e  4c 08 27                           jmp L_HPLOT_1             ; LOOP TILL NO MORE "TO" PHRASES
 7469 T:f721                                    ; --------------------------------
 7470 T:f721                                    ; "ROT=" STATEMENT
 7471 T:f721                                    ; --------------------------------
 7472 T:f721  20 f8 16                 ROT       jsr GETBYT          ; EVAL EXP TO A BYTE IN X-REG
 7473 T:f724  86 f9                              stx HGR_ROTATION
 7474 T:f726  60                                 rts 
 7475 T:f727                                    ; --------------------------------
 7476 T:f727                                    ; "SCALE=" STATEMENT
 7477 T:f727                                    ; --------------------------------
 7478 T:f727  20 f8 16                 SCALE     jsr GETBYT          ; EVAL EXP TO A BYTE IN X-REG
 7479 T:f72a  86 e7                              stx HGR_SCALE
 7480 T:f72c  60                                 rts 
 7481 T:f72d                                    ; --------------------------------
 7482 T:f72d                                    ; SET UP FOR DRAW AND XDRAW
 7483 T:f72d                                    ; --------------------------------
 7484 T:f72d  20 f8 16                 DRWPNT    jsr GETBYT          ; GET SHAPE NUMBER IN X-REG
 7485 T:f730  a5 e8                              lda HGR_SHAPE_PNTR                ; SEARCH FOR THAT SHAPE
 7486 T:f732  85 1a                              sta HGR_SHAPE                ; SET UP PNTR TO BEGINNING OF TABLE
 7487 T:f734  a5 e9                              lda HGR_SHAPE_PNTR+1
 7488 T:f736  85 1b                              sta HGR_SHAPE+1
 7489 T:f738  8a                                 txa 
 7490 T:f739  a2 00                              ldx #0
 7491 T:f73b  c1 1a                              cmp (HGR_SHAPE,X)               ; COMPARE TO # OF SHAPES IN TABLE
 7492 T:f73d  f0 02                              beq L_DRWPNT_1                ; LAST SHAPE IN TABLE
 7493 T:f73f  b0 a5                              bcs GGERR             ; SHAPE # TOO LARGE
 7494 T:f741  0a                       L_DRWPNT_1 asl                 ; DOUBLE SHAPE# TO MAKE AN INDEX
 7495 T:f742  90 03                              bcc L_DRWPNT_2                ; ADD 256 IF SHAPE # > 127
 7496 T:f744  e6 1b                              inc HGR_SHAPE+1
 7497 T:f746  18                                 clc 
 7498 T:f747  a8                       L_DRWPNT_2 tay                 ; USE INDEX TO LOOK UP OFFSET FOR SHAPE
 7499 T:f748  b1 1a                              lda (HGR_SHAPE),Y               ; IN OFFSET TABLE
 7500 T:f74a  65 1a                              adc HGR_SHAPE
 7501 T:f74c  aa                                 tax 
 7502 T:f74d  c8                                 iny 
 7503 T:f74e  b1 1a                              lda (HGR_SHAPE),Y
 7504 T:f750  65 e9                              adc HGR_SHAPE_PNTR+1
 7505 T:f752  85 1b                              sta HGR_SHAPE+1          ; SAVE ADDRESS OF SHAPE
 7506 T:f754  86 1a                              stx HGR_SHAPE
 7507 T:f756  20 b7 00                           jsr CHRGOT                ; IS THERE ANY "AT" PHRASE?
 7508 T:f759  c9 c5                              cmp #TOKENDB               ; 
 7509 T:f75b  d0 09                              bne L_DRWPNT_3                ; NO, DRAW RIGHT WHERE WE ARE
 7510 T:f75d  20 c0 0e                           jsr SYNCHR             ; SCAN OVER "AT"
 7511 T:f760  20 b9 26                           jsr HFNS             ; GET X- AND Y-COORDS TO START DRAWING AT
 7512 T:f763  20 11 24                           jsr HPOSN             ; SET UP CURSOR THERE
 7513 T:f766  a5 f9                    L_DRWPNT_3 lda HGR_ROTATION             ; ROTATION VALUE
 7514 T:f768  60                                 rts 
 7515 T:f769                                    ; --------------------------------
 7516 T:f769                                    ; "DRAW" STATEMENT
 7517 T:f769                                    ; --------------------------------
 7518 T:f769  20 2d 27                 DRAW      jsr DRWPNT
 7519 T:f76c  4c 05 26                           jmp DRAW1
 7520 T:f76f                                    ; --------------------------------
 7521 T:f76f                                    ; "XDRAW" STATEMENT
 7522 T:f76f                                    ; --------------------------------
 7523 T:f76f  20 2d 27                 XDRAW     jsr DRWPNT
 7524 T:f772  4c 61 26                           jmp XDRAW1
 7525 T:f775                                    ; --------------------------------
 7526 T:f775                                    ; "SHLOAD" STATEMENT
 7527 T:f775                                    ; 
 7528 T:f775                                    ; READS A SHAPE TABLE FROM CASSETTE TAPE
 7529 T:f775                                    ; TO A POSITION JUST BELOW HIMEM.
 7530 T:f775                                    ; HIMEM IS THEN MOVED TO JUST BELOW THE TABLE
 7531 T:f775                                    ; --------------------------------
 7532 T:f775  a9 00                    SHLOAD    lda #>LINNUM           ; SET UP TO READ TWO BYTES
 7533 T:f777  85 3d                              sta MON_A1H                ; INTO LINNUM,LINNUM+1
 7534 T:f779  85 3f                              sta MON_A2H                ; 
 7535 T:f77b  a0 50                              ldy #LINNUM               ; 
 7536 T:f77d  84 3c                              sty MON_A1L                ; 
 7537 T:f77f  c8                                 iny                    ; LINNUM+1
 7538 T:f780  84 3e                              sty MON_A2L                ; 
 7539 T:f782  20 fd fe                           jsr MON_READ                ; READ TAPE
 7540 T:f785  18                                 clc                    ; SETUP TO READ (LINNUM) BYTES
 7541 T:f786  a5 73                              lda MEMSIZ                ; ENDING AT HIMEM-1
 7542 T:f788  aa                                 tax                    ; 
 7543 T:f789  ca                                 dex                    ; FORMING HIMEM-1
 7544 T:f78a  86 3e                              stx MON_A2L                ; 
 7545 T:f78c  e5 50                              sbc LINNUM                ; FORMING HIMEM-(LINNUM)
 7546 T:f78e  48                                 pha                    ; 
 7547 T:f78f  a5 74                              lda MEMSIZ+1          ; 
 7548 T:f791  a8                                 tay                    ; 
 7549 T:f792  e8                                 inx                    ; SEE IF HIMEM LOW-BYTE WAS ZERO
 7550 T:f793  d0 01                              bne L_SHLOAD_1                ; NO
 7551 T:f795  88                                 dey                    ; YES, HAVE TO DECREMENT HIGH BYTE
 7552 T:f796  84 3f                    L_SHLOAD_1 sty MON_A2H             ; 
 7553 T:f798  e5 51                              sbc LINNUM+1          ; 
 7554 T:f79a  c5 6e                              cmp STREND+1          ; RUNNING INTO VARIABLES?
 7555 T:f79c  90 02                              bcc L_SHLOAD_2                ; YES, OUT OF MEMORY
 7556 T:f79e  d0 03                              bne L_SHLOAD_3                ; NO, STILL ROOM
 7557 T:f7a0  4c 10 04                 L_SHLOAD_2 jmp MEMERR          ; MEM FULL ERR
 7558 T:f7a3  85 74                    L_SHLOAD_3 sta MEMSIZ+1       ; 
 7559 T:f7a5  85 70                              sta FRETOP+1          ; CLEAR STRING SPACE
 7560 T:f7a7  85 3d                              sta MON_A1H                ; (BUT NAMES ARE STILL IN VARTBL!)
 7561 T:f7a9  85 e9                              sta HGR_SHAPE_PNTR+1
 7562 T:f7ab  68                                 pla 
 7563 T:f7ac  85 e8                              sta HGR_SHAPE_PNTR
 7564 T:f7ae  85 73                              sta MEMSIZ
 7565 T:f7b0  85 6f                              sta FRETOP
 7566 T:f7b2  85 3c                              sta MON_A1L
 7567 T:f7b4  20 fa fc                           jsr MON_RD2BIT                ; READ TO TAPE TRANSITIONS
 7568 T:f7b7  a9 03                              lda #3             ; SHORT DELAY FOR INTERMEDIATE HEADER
 7569 T:f7b9  4c 02 ff                           jmp MON_READ2                ; READ SHAPES
 7570 T:f7bc                                    ; --------------------------------
 7571 T:f7bc                                    ; CALLED FROM STORE AND RECALL
 7572 T:f7bc                                    ; --------------------------------
 7573 T:f7bc                           TAPEPNT   
 7574 T:f7bc  18                                 clc 
 7575 T:f7bd  a5 9b                              lda LOWTR
 7576 T:f7bf  65 50                              adc LINNUM
 7577 T:f7c1  85 3e                              sta MON_A2L
 7578 T:f7c3  a5 9c                              lda LOWTR+1
 7579 T:f7c5  65 51                              adc LINNUM+1
 7580 T:f7c7  85 3f                              sta MON_A2H
 7581 T:f7c9  a0 04                              ldy #4
 7582 T:f7cb  b1 9b                              lda (LOWTR),Y
 7583 T:f7cd  20 ef 10                           jsr GETARY2
 7584 T:f7d0  a5 94                              lda HIGHDS
 7585 T:f7d2  85 3c                              sta MON_A1L
 7586 T:f7d4  a5 95                              lda HIGHDS+1
 7587 T:f7d6  85 3d                              sta MON_A1H
 7588 T:f7d8  60                                 rts 
 7589 T:f7d9                                    ; --------------------------------
 7590 T:f7d9                                    ; CALLED FROM STORE AND RECALL
 7591 T:f7d9                                    ; --------------------------------
 7592 T:f7d9                           GETARYPT  
 7593 T:f7d9  a9 40                              lda #$40
 7594 T:f7db  85 14                              sta SUBFLG
 7595 T:f7dd  20 e3 0f                           jsr PTRGET
 7596 T:f7e0  a9 00                              lda #0
 7597 T:f7e2  85 14                              sta SUBFLG
 7598 T:f7e4  4c f0 08                           jmp VARTIO
 7599 T:f7e7                                    ; --------------------------------
 7600 T:f7e7                                    ; "HTAB" STATEMENT
 7601 T:f7e7                                    ; 
 7602 T:f7e7                                    ; NOTE THAT IF WNDLEFT IS NOT 0, HTAB CAN PRINT
 7603 T:f7e7                                    ; OUTSIDE THE SCREEN (EG., IN THE PROGRAM)
 7604 T:f7e7                                    ; --------------------------------
 7605 T:f7e7  20 f8 16                 HTAB      jsr GETBYT
 7606 T:f7ea  ca                                 dex 
 7607 T:f7eb  8a                                 txa 
 7608 T:f7ec  c9 28                    L_HTAB_1  cmp #40
 7609 T:f7ee  90 0a                              bcc L_HTAB_2
 7610 T:f7f0  e9 28                              sbc #40
 7611 T:f7f2  48                                 pha 
 7612 T:f7f3  20 fb 0a                           jsr CRDO
 7613 T:f7f6  68                                 pla 
 7614 T:f7f7  4c ec 27                           jmp L_HTAB_1
 7615 T:f7fa  85 24                    L_HTAB_2  sta MON_CH
 7616 T:f7fc  60                                 rts 
 7617 T:f7fd                                    ; --------------------------------
 7618 T:f7fd  cb                                 .byt ("K"|%10000000)
 7619 T:f7fe  d2                                 .byt ("R"|%10000000)
 7620 T:f7ff  d7                                 .byt ("W"|%10000000)
 7621 T:f800                                    ; UNKNOWN

; ----------------------------------------------------
;  Module: Autostart-Monitor :: monitor
;  Base : $F800    Size: $0000    End : $F800
; ----------------------------------------------------

monitor.s65

    1 T:f800                                    ; Source assembly code for the Apple ][ System Monitor

; ----------------------------------------------------
;  Module: Autostart-Monitor :: lores
;  Base : $F800    Size: $0082    End : $F882
; ----------------------------------------------------

lores.s65


  109 T:f800                                    LORESHEIGHT=24*2

  111 T:f800                                    ;-----------------------------------------------------------------------
  112 T:f800                                    ;
  113 T:f800                                    ; LO-RES GRAPHICS
  114 T:f800                                    ;
  115 T:f800                                    ; Some low-resolution-graphics routines.
  116 T:f800                                    ;
  117 T:f800                                    ;-----------------------------------------------------------------------

  123 T:f800  4a                       PLOT      lsr                 ;Y-COORD/2
  124 T:f801  08                                 php                    ;SAVE LSB IN CARRY
  125 T:f802  20 47 00                           jsr GBASCALC                ;CALC BASE ADR IN GBASL,H
  126 T:f805  28                                 plp                    ;RESTORE LSB FROM CARRY
  127 T:f806  a9 0f                              lda #%00001111             ;MASK $0F IF EVEN
  128 T:f808  90 02                              bcc RTMASK
  129 T:f80a  69 e0                              adc #%11100000             ;MASK $F0 IF ODD
  130 T:f80c  85 2e                    RTMASK    sta MON_MASK
  131 T:f80e  b1 26                    PLOT1     lda (MON_GBASL),Y       ;DATA
  132 T:f810  45 30                              eor MON_COLOR              ; EOR COLOR
  133 T:f812  25 2e                              and MON_MASK              ;  AND MASK
  134 T:f814  51 26                              eor (MON_GBASL),Y          ;   EOR DATA
  135 T:f816  91 26                              sta (MON_GBASL),Y          ;    TO DATA
  136 T:f818  60                                 rts 

  138 T:f819  20 00 00                 HLINE     jsr PLOT          ;PLOT SQUARE
  139 T:f81c  c4 2c                    HLINE1    cpy MON_H2           ;DONE?
  140 T:f81e  b0 11                              bcs RTS1                ; YES, RETURN
  141 T:f820  c8                                 iny                    ; NO, INC INDEX (X-COORD)
  142 T:f821  20 0e 00                           jsr PLOT1             ;PLOT NEXT SQUARE
  143 T:f824  90 f6                              bcc HLINE1             ;ALWAYS TAKEN
  144 T:f826  69 01                    VLINEZ    adc #1          ;NEXT Y-COORD
  145 T:f828  48                       VLINE     pha                 ; SAVE ON STACK
  146 T:f829  20 00 00                           jsr PLOT             ; PLOT SQUARE
  147 T:f82c  68                                 pla 
  148 T:f82d  c5 2d                              cmp MON_V2              ;DONE?
  149 T:f82f  90 f5                              bcc VLINEZ             ; NO, LOOP
  150 T:f831  60                       RTS1      rts 

  154 T:f832  a0 2f                    CLRSCR    ldy #LORESHEIGHT-1      ;MAX Y, FULL SCRN CLR
  155 T:f834  d0 02                              bne CLRSC2                ;ALWAYS TAKEN
  156 T:f836  a0 27                    CLRTOP    ldy #40-1    ;MAX Y, TOP SCREEN CLR
  157 T:f838  84 2d                    CLRSC2    sty MON_V2           ;STORE AS BOTTOM COORD
  158 T:f83a                                    ; FOR VLINE CALLS
  159 T:f83a  a0 27                              ldy #40-1       ;RIGHTMOST X-COORD (COLUMN)
  160 T:f83c  a9 00                    CLRSC3    lda #0          ;TOP COORD FOR VLINE CALLS
  161 T:f83e  85 30                              sta MON_COLOR              ;CLEAR COLOR (BLACK)
  162 T:f840  20 28 00                           jsr VLINE             ;DRAW VLINE
  163 T:f843  88                                 dey                    ;NEXT LEFTMOST X-COORD
  164 T:f844  10 f6                              bpl CLRSC3             ;LOOP UNTIL DONE
  165 T:f846  60                                 rts 

  169 T:f847  48                       GBASCALC  pha                 ;FOR INPUT 000DEFGH
  170 T:f848  4a                                 lsr 
  171 T:f849  29 03                              and #%00000011
  172 T:f84b  09 04                              ora #%00000100             ;  GENERATE GBASH=000001FG
  173 T:f84d  85 27                              sta MON_GBASH
  174 T:f84f  68                                 pla                    ;  AND GBASL=HDEDE000
  175 T:f850  29 18                              and #%00011000
  176 T:f852  90 02                              bcc GBCALC
  177 T:f854  69 7f                              adc #$80-1
  178 T:f856  85 26                    GBCALC    sta MON_GBASL
  179 T:f858  0a                                 asl 
  180 T:f859  0a                                 asl 
  181 T:f85a  05 26                              ora MON_GBASL
  182 T:f85c  85 26                              sta MON_GBASL
  183 T:f85e  60                                 rts 

  187 T:f85f  a5 30                    NXTCOL    lda MON_COLOR           ;INCREMENT COLOR BY 3
  188 T:f861  18                                 clc 
  189 T:f862  69 03                              adc #3
  190 T:f864  29 0f                    SETCOL    and #%00001111          ;SETS COLOR=17*A MOD 16
  191 T:f866  85 30                              sta MON_COLOR
  192 T:f868  0a                                 asl                    ;BOTH HALF BYTES OF COLOR EQUAL
  193 T:f869  0a                                 asl 
  194 T:f86a  0a                                 asl 
  195 T:f86b  0a                                 asl 
  196 T:f86c  05 30                              ora MON_COLOR
  197 T:f86e  85 30                              sta MON_COLOR
  198 T:f870  60                                 rts 

  202 T:f871  4a                       SCRN      lsr                 ;READ SCREEN Y-COORD/2
  203 T:f872  08                                 php                    ;SAVE LSB (CARRY)
  204 T:f873  20 47 00                           jsr GBASCALC             ;CALC BASE ADDRESS
  205 T:f876  b1 26                              lda (MON_GBASL),Y          ;GET BYTE
  206 T:f878  28                                 plp                    ;RESTORE LSB FROM CARRY

  208 T:f879  90 04                    SCRN2     bcc RTMSKZ             ;IF EVEN, USE LO H
  209 T:f87b  4a                                 lsr 
  210 T:f87c  4a                                 lsr 
  211 T:f87d  4a                                 lsr                    ;SHIFT HIGH HALF BYTE DOWN
  212 T:f87e  4a                                 lsr 
  213 T:f87f  29 0f                    RTMSKZ    and #%00001111          ;MASK 4-BITS
  214 T:f881  60                                 rts 

; ----------------------------------------------------
;  Module: Autostart-Monitor :: disasm
;  Base : $F882    Size: $01BE    End : $FA40
; ----------------------------------------------------

disasm.s65


  108 T:f882                                    ;-----------------------------------------------------------------------
  109 T:f882                                    ;
  110 T:f882                                    ; DISASSEMBLER
  111 T:f882                                    ;
  112 T:f882                                    ; Handles disassembling 6502 instructions.
  113 T:f882                                    ;
  114 T:f882                                    ;-----------------------------------------------------------------------

  120 T:f882  a6 3a                    INSDS1    ldx $3a           ;PRINT PCL,H
  121 T:f884  a4 3b                              ldy $3b
  122 T:f886  20 00 00                           jsr PRYX2
  123 T:f889  20 c6 00                           jsr PRBLNK                ;FOLLOWED BY A BLANK
  124 T:f88c  a1 3a                              lda ($3a,X)          ;GET OP CODE
  125 T:f88e  a8                       INSDS2    tay 
  126 T:f88f  4a                                 lsr                    ;EVEN/ODD TEST
  127 T:f890  90 09                              bcc IEVEN
  128 T:f892  6a                                 ror                    ;BIT 1 TEST
  129 T:f893  b0 10                              bcs ERR                ;XXXXXX11 INVALID OP
  130 T:f895  c9 a2                              cmp #$a2
  131 T:f897  f0 0c                              beq ERR                ;OPCODE $89 INVALID
  132 T:f899  29 87                              and #$87             ;MASK BITS
  133 T:f89b  4a                       IEVEN     lsr                 ;LSB INTO CARRY FOR L/R TEST
  134 T:f89c  aa                                 tax 
  135 T:f89d  bd e0 00                           lda FMT1,X              ;GET FORMAT INDEX BYTE
  136 T:f8a0  20 00 00                           jsr SCRN2                ;R/L H-BYTE ON CARRY
  137 T:f8a3  d0 04                              bne GETFMT
  138 T:f8a5  a0 80                    ERR       ldy #$80          ;SUBSTITUTE $80 FOR INVALID OPS
  139 T:f8a7  a9 00                              lda #$00             ;SET PRINT FORMAT INDEX TO 0
  140 T:f8a9  aa                       GETFMT    tax 
  141 T:f8aa  bd 24 01                           lda FMT2,X              ;INDEX INTO PRINT FORMAT TABLE
  142 T:f8ad  85 2e                              sta MON_MASK              ;SAVE FOR ADR FIELD FORMATTING
  143 T:f8af  29 03                              and #$03             ;MASK FOR 2-BIT (LENGTH-1)
  144 T:f8b1  85 2f                              sta $2f
  145 T:f8b3  98                                 tya                    ;OPCODE
  146 T:f8b4  29 8f                              and #$8f             ;MASK FOR 1XXX1010 TEST
  147 T:f8b6  aa                                 tax                    ; SAVE IT
  148 T:f8b7  98                                 tya                    ;OPCODE TO A AGAIN
  149 T:f8b8  a0 03                              ldy #$03
  150 T:f8ba  e0 8a                              cpx #$8a
  151 T:f8bc  f0 0b                              beq MNNDX3
  152 T:f8be  4a                       MNNDX1    lsr 
  153 T:f8bf  90 08                              bcc MNNDX3                ;FORM INDEX INTO MNEMONIC TABLE
  154 T:f8c1  4a                                 lsr 
  155 T:f8c2  4a                       MNNDX2    lsr                 ;1) 1XXX1010->00101XXX
  156 T:f8c3  09 20                              ora #$20             ;2) XXXYYY01->00111XXX
  157 T:f8c5  88                                 dey                    ;3) XXXYYY10->00110XXX
  158 T:f8c6  d0 fa                              bne MNNDX2             ;4) XXXYY100->00100XXX
  159 T:f8c8  c8                                 iny                    ;5) XXXXX000->000XXXXX
  160 T:f8c9  88                       MNNDX3    dey 
  161 T:f8ca  d0 f2                              bne MNNDX1
  162 T:f8cc  60                                 rts 

  166 T:f8cd  ff ff ff                           .byt $ff,$ff,$ff

  170 T:f8d0  20 00 00                 INSTDSP   jsr INSDS1          ;GEN FMT, LEN BYTES
  171 T:f8d3  48                                 pha                    ;SAVE MNEMONIC TABLE INDEX
  172 T:f8d4  b1 3a                    PRNTOP    lda ($3a),Y
  173 T:f8d6  20 00 00                           jsr PRBYTE
  174 T:f8d9  a2 01                              ldx #1             ;PRINT 2 BLANKS
  175 T:f8db  20 c8 00                 PRNTBL    jsr PRBL2
  176 T:f8de  c4 2f                              cpy $2f              ;PRINT INST (1-3 BYTES)
  177 T:f8e0  c8                                 iny                    ;IN A 12 CHR FIELD
  178 T:f8e1  90 f1                              bcc PRNTOP
  179 T:f8e3  a2 03                              ldx #3             ;CHAR COUNT FOR MNEMONIC PRINT
  180 T:f8e5  c0 04                              cpy #4
  181 T:f8e7  90 f2                              bcc PRNTBL
  182 T:f8e9  68                                 pla                    ;RECOVER MNEMONIC INDEX
  183 T:f8ea  a8                                 tay 
  184 T:f8eb  b9 3e 01                           lda MNEML,Y
  185 T:f8ee  85 2c                              sta MON_H2              ;FETCH 3-CHAR MNEMONIC
  186 T:f8f0  b9 7e 01                           lda MNEMR,Y              ;  (PACKED IN 2-BYTES)
  187 T:f8f3  85 2d                              sta MON_V2
  188 T:f8f5  a9 00                    PRMN1     lda #0
  189 T:f8f7  a0 05                              ldy #5
  190 T:f8f9  06 2d                    PRMN2     asl MON_V2           ;SHIFT 5 BITS OF
  191 T:f8fb  26 2c                              rol MON_H2              ;  CHARACTER INTO A
  192 T:f8fd  2a                                 rol                    ;    (CLEARS CARRY)
  193 T:f8fe  88                                 dey 
  194 T:f8ff  d0 f8                              bne PRMN2
  195 T:f901  69 bf                              adc #("?"|%10000000)     ;ADD "?" OFFSET
  196 T:f903  20 00 00                           jsr COUT                ;OUTPUT A CHAR OF MNEM
  197 T:f906  ca                                 dex 
  198 T:f907  d0 ec                              bne PRMN1
  199 T:f909  20 c6 00                           jsr PRBLNK                ;OUTPUT 3 BLANKS
  200 T:f90c  a4 2f                              ldy $2f
  201 T:f90e  a2 06                              ldx #6             ;CNT FOR 6 FORMAT BITS
  202 T:f910  e0 03                    PRADR1    cpx #3
  203 T:f912  f0 1c                              beq PRADR5                ;IF X=3 THEN ADDR.
  204 T:f914  06 2e                    PRADR2    asl MON_MASK
  205 T:f916  90 0e                              bcc PRADR3
  206 T:f918  bd 31 01                           lda CHAR1-1,X
  207 T:f91b  20 00 00                           jsr COUT
  208 T:f91e  bd 37 01                           lda CHAR2-1,X
  209 T:f921  f0 03                              beq PRADR3
  210 T:f923  20 00 00                           jsr COUT
  211 T:f926  ca                       PRADR3    dex 
  212 T:f927  d0 e7                              bne PRADR1
  213 T:f929  60                                 rts 
  214 T:f92a  88                       PRADR4    dey 
  215 T:f92b  30 e7                              bmi PRADR2
  216 T:f92d  20 00 00                           jsr PRBYTE
  217 T:f930  a5 2e                    PRADR5    lda MON_MASK
  218 T:f932  c9 e8                              cmp #$e8             ;HANDLE REL ADR MODE
  219 T:f934  b1 3a                              lda ($3a),Y          ;SPECIAL (PRINT TARGET,
  220 T:f936  90 f2                              bcc PRADR4             ;  NOT OFFSET)
  221 T:f938  20 d4 00                 RELADR    jsr PCADJ3
  222 T:f93b  aa                                 tax                    ;PCL,PCH+OFFSET+1 TO A,Y
  223 T:f93c  e8                                 inx 
  224 T:f93d  d0 01                              bne PRNTYX                ;+1 TO Y,X
  225 T:f93f  c8                                 iny 

  227 T:f940  98                       PRNTYX    tya 
  228 T:f941  20 00 00                 PRNTAX    jsr PRBYTE             ;OUTPUT TARGET ADR
  229 T:f944  8a                       PRNTX     txa                 ;  OF BRANCH AND RETURN
  230 T:f945  4c 00 00                           jmp PRBYTE

  234 T:f948  a2 03                    PRBLNK    ldx #3          ;BLANK COUNT
  235 T:f94a  a9 a0                    PRBL2     lda #(" "|%10000000)  ;LOAD A SPACE
  236 T:f94c  20 00 00                           jsr COUT                ;OUTPUT A BLANK
  237 T:f94f  ca                                 dex 
  238 T:f950  d0 f8                              bne PRBL2             ;LOOP UNTIL COUNT=0
  239 T:f952  60                                 rts 

  243 T:f953  38                       PCADJ     sec                 ;0=1-BYTE, 1=2-BYTE
  244 T:f954  a5 2f                    PCADJ2    lda $2f           ;  2=3-BYTE
  245 T:f956  a4 3b                    PCADJ3    ldy $3b
  246 T:f958  aa                                 tax                    ;TEST DISPLACEMENT SIGN
  247 T:f959  10 01                              bpl PCADJ4                ;  (FOR REL BRANCH)
  248 T:f95b  88                                 dey                    ;EXTEND NEG BY DEC PCH
  249 T:f95c  65 3a                    PCADJ4    adc $3a
  250 T:f95e  90 01                              bcc RTS2                ;PCL+LENGTH(OR DISPL)+1 TO A
  251 T:f960  c8                                 iny                    ;  CARRY INTO Y (PCH)
  252 T:f961  60                       RTS2      rts 

  260 T:f962                                    ; * FMT1 BYTES:    XXXXXXY0 INSTRS
  261 T:f962                                    ; * IF Y=0         THEN LEFT HALF BYTE
  262 T:f962                                    ; * IF Y=1         THEN RIGHT HALF BYTE
  263 T:f962                                    ; *                   (X=INDEX)
  264 T:f962  04 20 54 30 0d           FMT1      .byt $04,$20,$54,$30,$0d
  265 T:f967  80 04 90 03 22                     .byt $80,$04,$90,$03,$22
  266 T:f96c  54 33 0d 80 04                     .byt $54,$33,$0d,$80,$04
  267 T:f971  90 04 20 54 33                     .byt $90,$04,$20,$54,$33
  268 T:f976  0d 80 04 90 04                     .byt $0d,$80,$04,$90,$04
  269 T:f97b  20 54 3b 0d 80                     .byt $20,$54,$3b,$0d,$80
  270 T:f980  04 90 00 22 44                     .byt $04,$90,$00,$22,$44
  271 T:f985  33 0d c8 44 00                     .byt $33,$0d,$c8,$44,$00
  272 T:f98a  11 22 44 33 0d                     .byt $11,$22,$44,$33,$0d
  273 T:f98f  c8 44 a9 01 22                     .byt $c8,$44,$a9,$01,$22
  274 T:f994  44 33 0d 80 04                     .byt $44,$33,$0d,$80,$04
  275 T:f999  90 01 22 44 33                     .byt $90,$01,$22,$44,$33
  276 T:f99e  0d 80 04 90                        .byt $0d,$80,$04,$90
  277 T:f9a2  26 31 87 9a                        .byt $26,$31,$87,$9a;$ZZXXXY01 INSTR'S

  279 T:f9a6  00                       FMT2      .byt $00           ;ERR
  280 T:f9a7  21                                 .byt $21              ;IMM
  281 T:f9a8  81                                 .byt $81              ;Z-PAGE
  282 T:f9a9  82                                 .byt $82              ;ABS
  283 T:f9aa  00                                 .byt $00              ;IMPLIED
  284 T:f9ab  00                                 .byt $00              ;ACCUMULATOR
  285 T:f9ac  59                                 .byt $59              ;(ZPAG,X)
  286 T:f9ad  4d                                 .byt $4d              ;(ZPAG),Y
  287 T:f9ae  91                                 .byt $91              ;ZPAG,X
  288 T:f9af  92                                 .byt $92              ;ABS,X
  289 T:f9b0  86                                 .byt $86              ;ABS,Y
  290 T:f9b1  4a                                 .byt $4a              ;(ABS)
  291 T:f9b2  85                                 .byt $85              ;ZPAG,Y
  292 T:f9b3  9d                                 .byt $9d              ;RELATIVE
  293 T:f9b4                           CHAR1     
  294 T:f9b4  ac                                 .byt (","|%10000000)
  295 T:f9b5  a9                                 .byt (")"|%10000000)
  296 T:f9b6  ac                                 .byt (","|%10000000)
  297 T:f9b7  a3                                 .byt ("#"|%10000000)
  298 T:f9b8  a8                                 .byt ("("|%10000000)
  299 T:f9b9  a4                                 .byt ("$"|%10000000)

  301 T:f9ba  d9                       CHAR2     .byt ("Y"|%10000000)
  302 T:f9bb  00                                 .byt 0
  303 T:f9bc  d8                                 .byt ("X"|%10000000)
  304 T:f9bd  a4                                 .byt ("$"|%10000000)
  305 T:f9be  a4                                 .byt ("$"|%10000000)

  307 T:f9bf  00                                 .byt 0

  311 T:f9c0                                    ; * MNEML IS OF FORM:
  312 T:f9c0                                    ; *  (A) XXXXX000
  313 T:f9c0                                    ; *  (B) XXXYY100
  314 T:f9c0                                    ; *  (C) 1XXX1010
  315 T:f9c0                                    ; *  (D) XXXYYY10
  316 T:f9c0                                    ; *  (E) XXXYYY01
  317 T:f9c0                                    ; *      (X=INDEX)
  318 T:f9c0  1c 8a 1c 23 5d 8b        MNEML     .byt $1c,$8a,$1c,$23,$5d,$8b
  319 T:f9c6  1b a1 9d 8a 1d 23                  .byt $1b,$a1,$9d,$8a,$1d,$23
  320 T:f9cc  9d 8b 1d a1 00 29                  .byt $9d,$8b,$1d,$a1,$00,$29
  321 T:f9d2  19 ae 69 a8 19 23                  .byt $19,$ae,$69,$a8,$19,$23
  322 T:f9d8  24 53 1b 23 24 53                  .byt $24,$53,$1b,$23,$24,$53
  323 T:f9de  19 a1                              .byt $19,$a1        ;(A) FORMAT ABOVE

  325 T:f9e0  00 1a 5b 5b a5 69                  .byt $00,$1a,$5b,$5b,$a5,$69
  326 T:f9e6  24 24                              .byt $24,$24        ;(B) FORMAT

  328 T:f9e8  ae ae a8 ad 29 00                  .byt $ae,$ae,$a8,$ad,$29,$00
  329 T:f9ee  7c 00                              .byt $7c,$00        ;(C) FORMAT

  331 T:f9f0  15 9c 6d 9c a5 69                  .byt $15,$9c,$6d,$9c,$a5,$69
  332 T:f9f6  29 53                              .byt $29,$53        ;(D) FORMAT

  334 T:f9f8  84 13 34 11 a5 69                  .byt $84,$13,$34,$11,$a5,$69
  335 T:f9fe  23 a0                              .byt $23,$a0        ;(E) FORMAT

  337 T:fa00  d8 62 5a 48 26 62        MNEMR     .byt $d8,$62,$5a,$48,$26,$62
  338 T:fa06  94 88 54 44 c8 54                  .byt $94,$88,$54,$44,$c8,$54
  339 T:fa0c  68 44 e8 94 00 b4                  .byt $68,$44,$e8,$94,$00,$b4
  340 T:fa12  08 84 74 b4 28 6e                  .byt $08,$84,$74,$b4,$28,$6e
  341 T:fa18  74 f4 cc 4a 72 f2                  .byt $74,$f4,$cc,$4a,$72,$f2
  342 T:fa1e  a4 8a                              .byt $a4,$8a        ;(A) FORMAT

  344 T:fa20  00 aa a2 a2 74 74                  .byt $00,$aa,$a2,$a2,$74,$74
  345 T:fa26  74 72                              .byt $74,$72        ;(B) FORMAT

  347 T:fa28  44 68 b2 32 b2 00                  .byt $44,$68,$b2,$32,$b2,$00
  348 T:fa2e  22 00                              .byt $22,$00        ;(C) FORMAT

  350 T:fa30  1a 1a 26 26 72 72                  .byt $1a,$1a,$26,$26,$72,$72
  351 T:fa36  88 c8                              .byt $88,$c8        ;(D) FORMAT

  353 T:fa38  c4 ca 26 48 44 44                  .byt $c4,$ca,$26,$48,$44,$44
  354 T:fa3e  a2 c8                              .byt $a2,$c8        ;(E) FORMAT

; ----------------------------------------------------
;  Module: Autostart-Monitor :: debug
;  Base : $FA40    Size: $00DE    End : $FB1E
; ----------------------------------------------------

debug.s65


  109 T:fa40                                    ;-----------------------------------------------------------------------
  110 T:fa40                                    ;
  111 T:fa40                                    ; DEBUGGER
  112 T:fa40                                    ;
  113 T:fa40                                    ; Handles stepping, register display, IRQ, BRK.
  114 T:fa40                                    ;
  115 T:fa40                                    ;-----------------------------------------------------------------------

  120 T:fa40  85 45                    IRQ       sta $45
  121 T:fa42  68                                 pla 
  122 T:fa43  48                                 pha 
  123 T:fa44  0a                                 asl 
  124 T:fa45  0a                                 asl 
  125 T:fa46  0a                                 asl 
  126 T:fa47  30 03                              bmi BREAK
  127 T:fa49  6c fe 03                           jmp ($03fe)

  129 T:fa4c  28                       BREAK     plp 
  130 T:fa4d  20 00 00                           jsr SAV1
  131 T:fa50  68                                 pla 
  132 T:fa51  85 3a                              sta $3a
  133 T:fa53  68                                 pla 
  134 T:fa54  85 3b                              sta $3b
  135 T:fa56  6c f0 03                           jmp ($03f0)
  136 T:fa59  20 00 00                           jsr INSDS1
  137 T:fa5c  20 9a 00                           jsr RGDSP1
  138 T:fa5f  4c 00 00                           jmp MON

  140 T:fa62  d8                       RESET2    cld 
  141 T:fa63  20 00 00                           jsr SETNORM
  142 T:fa66  20 00 00                           jsr INIT
  143 T:fa69  20 00 00                           jsr SETVID
  144 T:fa6c  20 00 00                           jsr SETKBD
  145 T:fa6f  ad 58 c0                           lda $c058
  146 T:fa72  ad 5a c0                           lda $c05a
  147 T:fa75  ad 5d c0                           lda $c05d
  148 T:fa78  ad 5f c0                           lda $c05f
  149 T:fa7b  ad ff cf                           lda $cfff
  150 T:fa7e  2c 10 c0                           bit $c010
  151 T:fa81  d8                                 cld 
  152 T:fa82  20 00 00                           jsr BELL
  153 T:fa85  ad f3 03                           lda $03f3
  154 T:fa88  49 a5                              eor #%10100101
  155 T:fa8a  cd f4 03                           cmp $03f4
  156 T:fa8d  d0 17                              bne LFAA6
  157 T:fa8f  ad f2 03                           lda $03f2
  158 T:fa92  d0 0f                              bne LFAA3
  159 T:fa94  a9 e0                              lda #$e0
  160 T:fa96  cd f3 03                           cmp $03f3
  161 T:fa99  d0 08                              bne LFAA3
  162 T:fa9b  a0 03                    LFA9B     ldy #$03
  163 T:fa9d  8c f2 03                           sty $03f2
  164 T:faa0  4c 00 e0                           jmp $e000

  166 T:faa3  6c f2 03                 LFAA3     jmp ($03f2)
  167 T:faa6  20 00 00                 LFAA6     jsr LFB60
  168 T:faa9  a2 05                              ldx #$05
  169 T:faab  bd bc 00                 LFAAB     lda LFAFC,X
  170 T:faae  9d ef 03                           sta $03ef,X
  171 T:fab1  ca                                 dex 
  172 T:fab2  d0 f7                              bne LFAAB
  173 T:fab4  a9 c8                              lda #$c8
  174 T:fab6  86 00                              stx $00
  175 T:fab8  85 01                              sta $01
  176 T:faba  a0 07                    LFABA     ldy #$07
  177 T:fabc  c6 01                              dec $01
  178 T:fabe  a5 01                              lda $01
  179 T:fac0  c9 c0                              cmp #$c0
  180 T:fac2  f0 d7                              beq LFA9B
  181 T:fac4  8d f8 07                           sta $07f8
  182 T:fac7  b1 00                    LFAC7     lda ($00),Y
  183 T:fac9  d9 c1 00                           cmp LFB01,Y
  184 T:facc  d0 ec                              bne LFABA
  185 T:face  88                                 dey 
  186 T:facf  88                                 dey 
  187 T:fad0  10 f5                              bpl LFAC7
  188 T:fad2  6c 00 00                           jmp ($00)
  189 T:fad5  ea                                 nop 
  190 T:fad6  ea                                 nop 

  199 T:fad7  20 00 00                 REGDSP    jsr CROUT             ;DISPLAY USER REG
  200 T:fada  a9 45                    RGDSP1    lda #<$45         ;  CONTENTS WITH
  201 T:fadc  85 40                              sta $40              ;  LABELS
  202 T:fade  a9 00                              lda #>$45
  203 T:fae0  85 41                              sta $41
  204 T:fae2  a2 fb                              ldx #$fb
  205 T:fae4  a9 a0                    RDSP1     lda #(" "|%10000000)
  206 T:fae6  20 00 00                           jsr COUT
  207 T:fae9                                    ;LDA   RTBL-$FB,X
  208 T:fae9  bd de ff                           lda RTBL+$ff05,X

  210 T:faec  20 00 00                           jsr COUT
  211 T:faef  a9 bd                              lda #("="|%10000000)
  212 T:faf1  20 00 00                           jsr COUT
  213 T:faf4  b5 4a                              lda $45+5,X
  214 T:faf6  20 00 00                           jsr PRBYTE
  215 T:faf9  e8                                 inx 
  216 T:fafa  30 e8                              bmi RDSP1
  217 T:fafc  60                       LFAFC     rts 

  225 T:fafd  59 fa 00 e0                        .byt $59,$fa,$00,$e0
  226 T:fb01  45 20 ff 00 ff 03 ff     LFB01     .byt $45,$20,$ff,$00,$ff,$03,$ff
  227 T:fb08  3c                       LFB08     .byt $3c
  228 T:fb09  c1                                 .byt ("A"|%10000000)
  229 T:fb0a  d0                                 .byt ("P"|%10000000)
  230 T:fb0b  d0                                 .byt ("P"|%10000000)
  231 T:fb0c  cc                                 .byt ("L"|%10000000)
  232 T:fb0d  c5                                 .byt ("E"|%10000000)
  233 T:fb0e  a0                                 .byt (" "|%10000000)
  234 T:fb0f  dd                                 .byt ("]"|%10000000)
  235 T:fb10  db                                 .byt ("["|%10000000)

  237 T:fb11  c4                                 .byt ("D"|%10000000)
  238 T:fb12  c2                                 .byt ("B"|%10000000)
  239 T:fb13  c1                                 .byt ("A"|%10000000)

  241 T:fb14  ff                                 .byt $ff
  242 T:fb15  c3                                 .byt ("C"|%10000000)

  244 T:fb16  ff ff ff                           .byt $ff,$ff,$ff

  247 T:fb19  c1                       RTBL      .byt ("A"|%10000000)
  248 T:fb1a  d8                                 .byt ("X"|%10000000)
  249 T:fb1b  d9                                 .byt ("Y"|%10000000)
  250 T:fb1c  d0                                 .byt ("P"|%10000000)
  251 T:fb1d  d3                                 .byt ("S"|%10000000)

; ----------------------------------------------------
;  Module: Autostart-Monitor :: paddles
;  Base : $FB1E    Size: $0011    End : $FB2F
; ----------------------------------------------------

paddles.s65


  109 T:fb1e                                    PADDL0=$c064
  110 T:fb1e                                    PTRIG=$c070

  112 T:fb1e                                    ;-----------------------------------------------------------------------
  113 T:fb1e                                    ;
  114 T:fb1e                                    ; PADDLES
  115 T:fb1e                                    ;
  116 T:fb1e                                    ; Handles the paddles.
  117 T:fb1e                                    ;
  118 T:fb1e                                    ;-----------------------------------------------------------------------

  124 T:fb1e  ad 70 c0                 PREAD     lda PTRIG             ;TRIGGER PADDLES
  125 T:fb21  a0 00                              ldy #$00             ;INIT COUNT
  126 T:fb23  ea                                 nop                    ;COMPENSATE FOR 1ST COUNT
  127 T:fb24  ea                                 nop 
  128 T:fb25  bd 64 c0                 PREAD2    lda PADDL0,X           ;COUNT Y-REG EVERY
  129 T:fb28  10 04                              bpl RTS2D                ;  12 USEC
  130 T:fb2a  c8                                 iny 
  131 T:fb2b  d0 f8                              bne PREAD2             ;  EXIT AT 255 MAX
  132 T:fb2d  88                                 dey 
  133 T:fb2e  60                       RTS2D     rts 

; ----------------------------------------------------
;  Module: Autostart-Monitor :: display1
;  Base : $FB2F    Size: $0031    End : $FB60
; ----------------------------------------------------

display1.s65


  109 T:fb2f                                    ;-----------------------------------------------------------------------
  110 T:fb2f                                    ;
  111 T:fb2f                                    ; INITIALIZE DISPLAY
  112 T:fb2f                                    ;
  113 T:fb2f                                    ; Handles initializing the display.
  114 T:fb2f                                    ;
  115 T:fb2f                                    ;-----------------------------------------------------------------------

  121 T:fb2f                                    TXTCLR=$c050
  122 T:fb2f                                    TXTSET=$c051
  123 T:fb2f                                    MIXSET=$c053
  124 T:fb2f                                    LOWSCR=$c054
  125 T:fb2f                                    LORES=$c056

  128 T:fb2f                                    TEXTBOTTOMLINES=4

  131 T:fb2f  a9 00                    INIT      lda #0          ;CLR STATUS FOR DEBUG
  132 T:fb31  85 48                              sta $48              ;  SOFTWARE
  133 T:fb33  ad 56 c0                           lda LORES
  134 T:fb36  ad 54 c0                           lda LOWSCR                ;INIT VIDEO MODE

  138 T:fb39  ad 51 c0                 SETTXT    lda TXTSET             ;SET FOR TEXT MODE
  139 T:fb3c  a9 00                              lda #0             ;  FULL SCREEN WINDOW
  140 T:fb3e  f0 0b                              beq SETWND

  142 T:fb40  ad 50 c0                 SETGR     lda TXTCLR             ;SET FOR GRAPHICS MODE
  143 T:fb43  ad 53 c0                           lda MIXSET                ;  LOWER 4 LINES AS
  144 T:fb46  20 00 00                           jsr CLRTOP                ;  TEXT WINDOW
  145 T:fb49  a9 14                              lda #24-TEXTBOTTOMLINES

  149 T:fb4b  85 22                    SETWND    sta $22           ;SET FOR 40 COL WINDOW
  150 T:fb4d  a9 00                              lda #0             ;  TOP IN A-REG,
  151 T:fb4f  85 20                              sta $20              ;  BTTM AT LINE 24
  152 T:fb51  a9 28                              lda #40
  153 T:fb53  85 21                              sta $21
  154 T:fb55  a9 18                              lda #24
  155 T:fb57  85 23                              sta $23              ;  VTAB TO ROW 23
  156 T:fb59  a9 17                              lda #24-1
  157 T:fb5b  85 25                    TABV      sta $25           ;VTABS TO ROW IN A-REG
  158 T:fb5d  4c 00 00                           jmp VTAB

; ----------------------------------------------------
;  Module: Autostart-Monitor :: math
;  Base : $FB60    Size: $0061    End : $FBC1
; ----------------------------------------------------

math.s65


  122 T:fb60  20 00 00                 LFB60     jsr HOME
  123 T:fb63  a0 08                              ldy #$08
  124 T:fb65  b9 00 00                 LFB65     lda LFB08,Y
  125 T:fb68  99 0e 04                           sta $040e,Y
  126 T:fb6b  88                                 dey 
  127 T:fb6c  d0 f7                              bne LFB65
  128 T:fb6e  60                                 rts 
  129 T:fb6f  ad f3 03                           lda $03f3
  130 T:fb72  49 a5                              eor #$a5
  131 T:fb74  8d f4 03                           sta $03f4
  132 T:fb77  60                                 rts 
  133 T:fb78  c9 8d                    LFB78     cmp #$8d
  134 T:fb7a  d0 18                              bne LFB94
  135 T:fb7c  ac 00 c0                           ldy $c000
  136 T:fb7f  10 13                              bpl LFB94
  137 T:fb81  c0 93                              cpy #$93
  138 T:fb83  d0 0f                              bne LFB94
  139 T:fb85  2c 10 c0                           bit $c010
  140 T:fb88  ac 00 c0                 LFB88     ldy $c000
  141 T:fb8b  10 fb                              bpl LFB88
  142 T:fb8d  c0 83                              cpy #$83
  143 T:fb8f  f0 03                              beq LFB94
  144 T:fb91  2c 10 c0                           bit $c010
  145 T:fb94  4c 00 00                 LFB94     jmp VIDOUT
  146 T:fb97  38                       LFB97     sec 
  147 T:fb98  4c 00 00                           jmp ESC1
  148 T:fb9b  a8                       LFB9B     tay 
  149 T:fb9c  b9 48 fa                           lda $fa48,Y            ; TODO
  150 T:fb9f  20 37 00                           jsr LFB97
  151 T:fba2  20 00 00                           jsr RDKEY
  152 T:fba5  c9 ce                    LFBA5     cmp #$ce
  153 T:fba7  b0 ee                              bcs LFB97
  154 T:fba9  c9 c9                              cmp #$c9
  155 T:fbab  90 ea                              bcc LFB97
  156 T:fbad  c9 cc                              cmp #$cc
  157 T:fbaf  f0 e6                              beq LFB97
  158 T:fbb1  d0 e8                              bne LFB9B
  159 T:fbb3  ea                                 nop 
  160 T:fbb4  ea                                 nop 
  161 T:fbb5  ea                                 nop 
  162 T:fbb6  ea                                 nop 
  163 T:fbb7  ea                                 nop 
  164 T:fbb8  ea                                 nop 
  165 T:fbb9  ea                                 nop 
  166 T:fbba  ea                                 nop 
  167 T:fbbb  ea                                 nop 
  168 T:fbbc  ea                                 nop 
  169 T:fbbd  ea                                 nop 
  170 T:fbbe  ea                                 nop 
  171 T:fbbf  ea                                 nop 
  172 T:fbc0  ea                                 nop 

; ----------------------------------------------------
;  Module: Autostart-Monitor :: display2
;  Base : $FBC1    Size: $0108    End : $FCC9
; ----------------------------------------------------

display2.s65


  109 T:fbc1                                    ASCBEL=$07|%10000000
  110 T:fbc1                                    ASCBS=$08|%10000000

  112 T:fbc1                                    ;-----------------------------------------------------------------------
  113 T:fbc1                                    ;
  114 T:fbc1                                    ; DISPLAY AND READ KEYS
  115 T:fbc1                                    ;
  116 T:fbc1                                    ; Handles reading keypresses, escape, displaying characters, scrolling,
  117 T:fbc1                                    ; clearing, etc. (Also includes cassette tape handler.)
  118 T:fbc1                                    ;
  119 T:fbc1                                    ;-----------------------------------------------------------------------

  125 T:fbc1                                    SPKR=$c030

  129 T:fbc1  48                       BASCALC   pha                 ;CALC BASE ADR IN BASL,H
  130 T:fbc2  4a                                 lsr                    ;  FOR GIVEN LINE NO
  131 T:fbc3  29 03                              and #%00000011             ;  0<=LINE NO.<=$17
  132 T:fbc5  09 04                              ora #%00000100             ;ARG=000ABCDE, GENERATE
  133 T:fbc7  85 29                              sta $29              ;  BASH=000001CD
  134 T:fbc9  68                                 pla                    ;  AND
  135 T:fbca  29 18                              and #%00011000             ;  BASL=EABAB000
  136 T:fbcc  90 02                              bcc BSCLC2
  137 T:fbce  69 7f                              adc #$80-1
  138 T:fbd0  85 28                    BSCLC2    sta $28
  139 T:fbd2  0a                                 asl 
  140 T:fbd3  0a                                 asl 
  141 T:fbd4  05 28                              ora $28
  142 T:fbd6  85 28                              sta $28
  143 T:fbd8  60                                 rts 

  147 T:fbd9  c9 87                    BELL1     cmp #ASCBEL            ;BELL CHAR? (CNTRL-G)
  148 T:fbdb  d0 12                              bne RTS2B                ;  NO, RETURN
  149 T:fbdd  a9 40                              lda #$40             ;DELAY .01 SECONDS
  150 T:fbdf  20 e7 00                           jsr WAIT
  151 T:fbe2  a0 c0                              ldy #$c0
  152 T:fbe4  a9 0c                    BELL2     lda #$0c          ;TOGGLE SPEAKER AT
  153 T:fbe6  20 e7 00                           jsr WAIT                ;  1 KHZ FOR .1 SEC.
  154 T:fbe9  ad 30 c0                           lda SPKR
  155 T:fbec  88                                 dey 
  156 T:fbed  d0 f5                              bne BELL2
  157 T:fbef  60                       RTS2B     rts 

  161 T:fbf0  a4 24                    STOADV    ldy $24           ;CURSOR H INDEX TO Y-REG
  162 T:fbf2  91 28                              sta ($28),Y          ;STORE CHAR IN LINE
  163 T:fbf4  e6 24                    ADVANCE   inc $24           ;INCREMENT CURSOR H INDEX
  164 T:fbf6  a5 24                              lda $24              ;  (MOVE RIGHT)
  165 T:fbf8  c5 21                              cmp $21              ;BEYOND WINDOW WIDTH?
  166 T:fbfa  b0 66                              bcs CR                ;  YES CR TO NEXT LINE
  167 T:fbfc  60                       RTS3      rts                 ;  NO,RETURN

  169 T:fbfd  c9 a0                    VIDOUT    cmp #$a0          ;CONTROL CHAR?
  170 T:fbff  b0 ef                              bcs STOADV             ;  NO,OUTPUT IT.

  172 T:fc01  a8                                 tay                    ;INVERSE VIDEO?
  173 T:fc02  10 ec                              bpl STOADV             ;  YES, OUTPUT IT.

  175 T:fc04  c9 8d                              cmp #$8d             ;CR?
  176 T:fc06  f0 5a                              beq CR                ;  YES.
  177 T:fc08  c9 8a                              cmp #$8a             ;LINE FEED?
  178 T:fc0a  f0 5a                              beq LF                ;  IF SO, DO IT.
  179 T:fc0c  c9 88                              cmp #ASCBS               ;BACK SPACE? (CNTRL-H)
  180 T:fc0e  d0 c9                              bne BELL1             ;  NO, CHECK FOR BELL.

  182 T:fc10  c6 24                    BS        dec $24           ;DECREMENT CURSOR H INDEX
  183 T:fc12  10 e8                              bpl RTS3             ;IF POS, OK. ELSE MOVE UP
  184 T:fc14  a5 21                              lda $21              ;SET CH TO WNDWDTH-1
  185 T:fc16  85 24                              sta $24
  186 T:fc18  c6 24                              dec $24              ;(RIGHTMOST SCREEN POS)
  187 T:fc1a  a5 22                    UP        lda $22           ;CURSOR V INDEX
  188 T:fc1c  c5 25                              cmp $25
  189 T:fc1e  b0 0b                              bcs RTS4                ;IF TOP LINE THEN RETURN
  190 T:fc20  c6 25                              dec $25              ;DEC CURSOR V-INDEX

  192 T:fc22  a5 25                    VTAB      lda $25           ;GET CURSOR V-INDEX
  193 T:fc24  20 00 00                 VTABZ     jsr BASCALC          ;GENERATE BASE ADR
  194 T:fc27  65 20                              adc $20              ;ADD WINDOW LEFT INDEX
  195 T:fc29  85 28                              sta $28              ;TO BASL
  196 T:fc2b  60                       RTS4      rts 

  203 T:fc2c  49 c0                    ESC1      eor #$c0          ;ESC?
  204 T:fc2e  f0 28                              beq HOME                ;  IF SO, DO HOME AND CLEAR
  205 T:fc30  69 fd                              adc #$fd             ;ESC-A OR B CHECK
  206 T:fc32  90 c0                              bcc ADVANCE             ;  A, ADVANCE
  207 T:fc34  f0 da                              beq BS             ;  B, BACKSPACE
  208 T:fc36  69 fd                              adc #$fd             ;ESC-C OR D CHECK
  209 T:fc38  90 2c                              bcc LF                ;  C, DOWN
  210 T:fc3a  f0 de                              beq UP             ;  D, GO UP
  211 T:fc3c  69 fd                              adc #$fd             ;ESC-E OR F CHECK
  212 T:fc3e  90 5c                              bcc CLREOL                ;  E, CLEAR TO END OF LINE
  213 T:fc40  d0 e9                              bne RTS4             ;  NOT F, RETURN
  214 T:fc42                                    ;  F, CLEAR TO END OF PAGE
  215 T:fc42  a4 24                    CLREOP    ldy $24           ;CURSOR H TO Y INDEX
  216 T:fc44  a5 25                              lda $25              ;CURSOR V TO A-REGISTER
  217 T:fc46  48                       CLEOP1    pha                 ;SAVE CURRENT LINE ON STK
  218 T:fc47  20 63 00                           jsr VTABZ             ;CALC BASE ADDRESS
  219 T:fc4a  20 dd 00                           jsr CLEOLZ                ;CLEAR TO EOL, SET CARRY
  220 T:fc4d  a0 00                              ldy #0             ;CLEAR FROM H INDEX=0 FOR REST
  221 T:fc4f  68                                 pla                    ;INCREMENT CURRENT LINE
  222 T:fc50  69 00                              adc #0             ;(CARRY IS SET)
  223 T:fc52  c5 23                              cmp $23              ;DONE TO BOTTOM OF WINDOW?
  224 T:fc54  90 f0                              bcc CLEOP1             ;  NO, KEEP CLEARING LINES
  225 T:fc56  b0 ca                              bcs VTAB             ;  YES, TAB TO CURRENT LINE

  229 T:fc58  a5 22                    HOME      lda $22           ;INIT CURSOR V
  230 T:fc5a  85 25                              sta $25              ;  AND H-INDICES
  231 T:fc5c  a0 00                              ldy #0
  232 T:fc5e  84 24                              sty $24              ;THEN CLEAR TO END OF PAGE
  233 T:fc60  f0 e4                              beq CLEOP1

  236 T:fc62  a9 00                    CR        lda #0          ;CURSOR TO LEFT OF INDEX
  237 T:fc64  85 24                              sta $24              ;(RET CURSOR H=0)
  238 T:fc66  e6 25                    LF        inc $25           ;INCR CURSOR V(DOWN 1 LINE)
  239 T:fc68  a5 25                              lda $25
  240 T:fc6a  c5 23                              cmp $23              ;OFF SCREEN?
  241 T:fc6c  90 b6                              bcc VTABZ             ;  NO, SET BASE ADDR
  242 T:fc6e  c6 25                              dec $25              ;DECR CURSOR V (BACK TO BOTTOM)

  244 T:fc70  a5 22                    SCROLL    lda $22           ;START AT TOP OF SCRL WNDW
  245 T:fc72  48                                 pha 
  246 T:fc73  20 63 00                           jsr VTABZ             ;GENERATE BASE ADR
  247 T:fc76  a5 28                    SCRL1     lda $28           ;COPY BASL,H
  248 T:fc78  85 2a                              sta $2a              ;  TO BAS2L,H
  249 T:fc7a  a5 29                              lda $29
  250 T:fc7c  85 2b                              sta $2b
  251 T:fc7e  a4 21                              ldy $21              ;INIT Y TO RIGHTMOST INDEX
  252 T:fc80  88                                 dey                    ;  OF SCROLLING WINDOW
  253 T:fc81  68                                 pla 
  254 T:fc82  69 01                              adc #1             ;INCR LINE NUMBER
  255 T:fc84  c5 23                              cmp $23              ;DONE?
  256 T:fc86  b0 0d                              bcs SCRL3                ;  YES, FINISH
  257 T:fc88  48                                 pha 
  258 T:fc89  20 63 00                           jsr VTABZ             ;FORM BASL,H (BASE ADDR)
  259 T:fc8c  b1 28                    SCRL2     lda ($28),Y       ;MOVE A CHR UP ON LINE
  260 T:fc8e  91 2a                              sta ($2a),Y
  261 T:fc90  88                                 dey                    ;NEXT CHAR OF LINE
  262 T:fc91  10 f9                              bpl SCRL2
  263 T:fc93  30 e1                              bmi SCRL1             ;NEXT LINE (ALWAYS TAKEN)

  265 T:fc95  a0 00                    SCRL3     ldy #0          ;CLEAR BOTTOM LINE
  266 T:fc97  20 dd 00                           jsr CLEOLZ                ;GET BASE ADDR FOR BOTTOM LINE
  267 T:fc9a  b0 86                              bcs VTAB             ;CARRY IS SET
  268 T:fc9c  a4 24                    CLREOL    ldy $24           ;CURSOR H INDEX
  269 T:fc9e  a9 a0                    CLEOLZ    lda #(" "|%10000000)
  270 T:fca0  91 28                    CLEOL2    sta ($28),Y       ;STORE BLANKS FROM 'HERE'
  271 T:fca2  c8                                 iny                    ;  TO END OF LINES (WNDWDTH)
  272 T:fca3  c4 21                              cpy $21
  273 T:fca5  90 f9                              bcc CLEOL2
  274 T:fca7  60                                 rts 

  278 T:fca8  38                       WAIT      sec 
  279 T:fca9  48                       WAIT2     pha 
  280 T:fcaa  e9 01                    WAIT3     sbc #1
  281 T:fcac  d0 fc                              bne WAIT3             ;1.0204 USEC
  282 T:fcae  68                                 pla                    ;(13+27/2*A+5/2*A*A)
  283 T:fcaf  e9 01                              sbc #1
  284 T:fcb1  d0 f6                              bne WAIT2
  285 T:fcb3  60                                 rts 

  289 T:fcb4  e6 42                    NXTA4     inc $42           ;INCR 2-BYTE A4
  290 T:fcb6  d0 02                              bne NXTA1                ;  AND A1
  291 T:fcb8  e6 43                              inc $43
  292 T:fcba  a5 3c                    NXTA1     lda $3c           ;INCR 2-BYTE A1.
  293 T:fcbc  c5 3e                              cmp $3e
  294 T:fcbe  a5 3d                              lda $3d              ;  AND COMPARE TO A2
  295 T:fcc0  e5 3f                              sbc $3f
  296 T:fcc2  e6 3c                              inc $3c              ;  (CARRY SET IF >=)
  297 T:fcc4  d0 02                              bne RTS4B
  298 T:fcc6  e6 3d                              inc $3d
  299 T:fcc8  60                       RTS4B     rts 

; ----------------------------------------------------
;  Module: Autostart-Monitor :: cassette
;  Base : $FCC9    Size: $0043    End : $FD0C
; ----------------------------------------------------

cassette.s65


  109 T:fcc9                                    TAPEOUT=$c020
  110 T:fcc9                                    TAPEIN=$c060

  112 T:fcc9  a0 4b                    HEADR     ldy #$4b          ;WRITE A*256 'LONG 1'
  113 T:fccb  20 12 00                           jsr ZERDLY                ;  HALF CYCLES
  114 T:fcce  d0 f9                              bne HEADR             ;  (650 USEC EACH)
  115 T:fcd0  69 fe                              adc #$fe
  116 T:fcd2  b0 f5                              bcs HEADR             ;THEN A 'SHORT 0'
  117 T:fcd4  a0 21                              ldy #$21             ;  (400 USEC)
  118 T:fcd6  20 12 00                 WRBIT     jsr ZERDLY             ;WRITE TWO HALF CYCLES
  119 T:fcd9  c8                                 iny                    ;  OF 250 USEC ('0')
  120 T:fcda  c8                                 iny                    ;  OR 500 USEC ('0')
  121 T:fcdb  88                       ZERDLY    dey 
  122 T:fcdc  d0 fd                              bne ZERDLY
  123 T:fcde  90 05                              bcc WRTAPE                ;Y IS COUNT FOR
  124 T:fce0  a0 32                              ldy #$32             ;  TIMING LOOP
  125 T:fce2  88                       ONEDLY    dey 
  126 T:fce3  d0 fd                              bne ONEDLY
  127 T:fce5  ac 20 c0                 WRTAPE    ldy TAPEOUT
  128 T:fce8  a0 2c                              ldy #$2c
  129 T:fcea  ca                                 dex 
  130 T:fceb  60                                 rts 

  134 T:fcec  a2 08                    RDBYTE    ldx #$08          ;8 BITS TO READ
  135 T:fcee  48                       RDBYT2    pha                 ;READ TWO TRANSITIONS
  136 T:fcef  20 31 00                           jsr RD2BIT                ;  (FIND EDGE)
  137 T:fcf2  68                                 pla 
  138 T:fcf3  2a                                 rol                    ;NEXT BIT
  139 T:fcf4  a0 3a                              ldy #$3a             ;COUNT FOR SAMPLES
  140 T:fcf6  ca                                 dex 
  141 T:fcf7  d0 f5                              bne RDBYT2
  142 T:fcf9  60                                 rts 

  144 T:fcfa  20 34 00                 RD2BIT    jsr RDBIT
  145 T:fcfd  88                       RDBIT     dey                 ;DECR Y UNTIL
  146 T:fcfe  ad 60 c0                           lda TAPEIN                ; TAPE TRANSITION
  147 T:fd01  45 2f                              eor $2f
  148 T:fd03  10 f8                              bpl RDBIT
  149 T:fd05  45 2f                              eor $2f
  150 T:fd07  85 2f                              sta $2f
  151 T:fd09  c0 80                              cpy #$80             ;SET CARRY ON Y
  152 T:fd0b  60                                 rts 

; ----------------------------------------------------
;  Module: Autostart-Monitor :: keyin
;  Base : $FD0C    Size: $0082    End : $FD8E
; ----------------------------------------------------

keyin.s65


  109 T:fd0c                                    KBD=$c000
  110 T:fd0c                                    KBDSTRB=$c010

  112 T:fd0c  a4 24                    RDKEY     ldy $24
  113 T:fd0e  b1 28                              lda ($28),Y          ;SET SCREEN TO FLASH
  114 T:fd10  48                                 pha 
  115 T:fd11  29 3f                              and #$3f
  116 T:fd13  09 40                              ora #$40
  117 T:fd15  91 28                              sta ($28),Y
  118 T:fd17  68                                 pla 

  120 T:fd18  6c 38 00                           jmp ($38)            ;GO TO USER KEY-IN
  121 T:fd1b  e6 4e                    KEYIN     inc $4e
  122 T:fd1d  d0 02                              bne KEYIN2                ;INCR RND NUMBER
  123 T:fd1f  e6 4f                              inc $4f
  124 T:fd21  2c 00 c0                 KEYIN2    bit KBD             ;KEY DOWN?
  125 T:fd24  10 f5                              bpl KEYIN             ;  LOOP
  126 T:fd26  91 28                              sta ($28),Y          ;REPLACE FLASHING SCREEN
  127 T:fd28  ad 00 c0                           lda KBD                ;GET KEYCODE
  128 T:fd2b  2c 10 c0                           bit KBDSTRB                ;CLR KEY STROBE
  129 T:fd2e  60                                 rts 

  133 T:fd2f  20 00 00                 ESC       jsr RDKEY          ;GET KEYCODE

  135 T:fd32  20 00 00                           jsr LFBA5

  138 T:fd35  20 00 00                 RDCHAR    jsr RDKEY          ;READ KEY
  139 T:fd38  c9 9b                              cmp #$9b             ;ESC?
  140 T:fd3a  f0 f3                              beq ESC             ;  YES, DON'T RETURN
  141 T:fd3c  60                                 rts 

  148 T:fd3d  a5 32                    NOTCR     lda $32
  149 T:fd3f  48                                 pha 
  150 T:fd40  a9 ff                              lda #$ff
  151 T:fd42  85 32                              sta $32              ;ECHO USER LINE
  152 T:fd44  bd 00 02                           lda $0200,X            ;  NON INVERSE
  153 T:fd47  20 00 00                           jsr COUT
  154 T:fd4a  68                                 pla 
  155 T:fd4b  85 32                              sta $32

  157 T:fd4d  bd 00 02                           lda $0200,X
  158 T:fd50  c9 88                              cmp #$88             ;CHECK FOR EDIT KEYS
  159 T:fd52  f0 1d                              beq BCKSPC                ;  BS, CTRL-X
  160 T:fd54  c9 98                              cmp #$98
  161 T:fd56  f0 0a                              beq CANCEL
  162 T:fd58  e0 f8                              cpx #$f8             ;MARGIN?
  163 T:fd5a  90 03                              bcc NOTCR1
  164 T:fd5c  20 00 00                           jsr BELL                ;  YES, SOUND BELL
  165 T:fd5f  e8                       NOTCR1    inx                 ;ADVANCE INPUT INDEX
  166 T:fd60  d0 13                              bne NXTCHAR

  168 T:fd62  a9 dc                    CANCEL    lda #("\"|%10000000)  ;BACKSLASH AFTER CANCELLED LINE
  169 T:fd64  20 00 00                           jsr COUT
  170 T:fd67  20 00 00                 GETLNZ    jsr CROUT             ;OUTPUT CR

  172 T:fd6a  a5 33                    GETLN     lda $33
  173 T:fd6c  20 00 00                           jsr COUT                ;OUTPUT PROMPT CHAR
  174 T:fd6f  a2 01                              ldx #$01             ;INIT INPUT INDEX
  175 T:fd71  8a                       BCKSPC    txa                 ;  WILL BACKSPACE TO 0
  176 T:fd72  f0 f3                              beq GETLNZ
  177 T:fd74  ca                                 dex 

  179 T:fd75  20 29 00                 NXTCHAR   jsr RDCHAR
  180 T:fd78  c9 95                    NXTCHAR1  cmp #$95          ;USE SCREEN CHAR
  181 T:fd7a  d0 02                              bne CAPTST                ;  FOR CTRL-U
  182 T:fd7c  b1 28                              lda ($28),Y
  183 T:fd7e  c9 e0                    CAPTST    cmp #$e0
  184 T:fd80  90 02                              bcc ADDINP                ;CONVERT TO CAPS
  185 T:fd82  29 df                              and #$df
  186 T:fd84  9d 00 02                 ADDINP    sta $0200,X         ;ADD TO INPUT BUF
  187 T:fd87  c9 8d                              cmp #$8d
  188 T:fd89  d0 b2                              bne NOTCR
  189 T:fd8b  20 00 00                           jsr CLREOL                ;CLR TO EOL IF CR

; ----------------------------------------------------
;  Module: Autostart-Monitor :: cmd
;  Base : $FD8E    Size: $026C    End : $FFFA
; ----------------------------------------------------

cmd.s65


  109 T:fd8e                                    ;-----------------------------------------------------------------------
  110 T:fd8e                                    ;
  111 T:fd8e                                    ; MONITOR COMMANDS
  112 T:fd8e                                    ;
  113 T:fd8e                                    ; Handles monitor commands, such as L (list) and G (go).
  114 T:fd8e                                    ;
  115 T:fd8e                                    ;-----------------------------------------------------------------------

  117 T:fd8e                                    IOADR=$c000

  119 T:fd8e                                    ; ASCII
  120 T:fd8e                                    CTRL_B=$02|%10000000
  121 T:fd8e                                    CTRL_C=$03|%10000000
  122 T:fd8e                                    CTRL_E=$05|%10000000
  123 T:fd8e                                    CTRL_K=$0b|%10000000
  124 T:fd8e                                    CTRL_P=$10|%10000000
  125 T:fd8e                                    CTRL_Y=$19|%10000000

  129 T:fd8e  a9 8d                    CROUT     lda #$8d
  130 T:fd90  d0 5b                              bne COUT
  131 T:fd92  a4 3d                    PRA1      ldy $3d           ;PRINT CR,A1 IN HEX
  132 T:fd94  a6 3c                              ldx $3c
  133 T:fd96  20 00 00                 PRYX2     jsr CROUT
  134 T:fd99  20 00 00                           jsr PRNTYX
  135 T:fd9c  a0 00                              ldy #$00
  136 T:fd9e  a9 ad                              lda #("-"|%10000000)     ;PRINT '-'
  137 T:fda0  4c 5f 00                           jmp COUT

  144 T:fda3  a5 3c                    XAM8      lda $3c
  145 T:fda5  09 07                              ora #%00000111             ;SET TO FINISH AT
  146 T:fda7  85 3e                              sta $3e              ;  MOD 8=7
  147 T:fda9  a5 3d                              lda $3d
  148 T:fdab  85 3f                              sta $3f
  149 T:fdad  a5 3c                    MODSCHK   lda $3c
  150 T:fdaf  29 07                              and #%00000111
  151 T:fdb1  d0 03                              bne DATAOUT
  152 T:fdb3  20 04 00                 XAM       jsr PRA1
  153 T:fdb6  a9 a0                    DATAOUT   lda #(" "|%10000000)
  154 T:fdb8  20 5f 00                           jsr COUT                ;OUTPUT BLANK
  155 T:fdbb  b1 3c                              lda ($3c),Y
  156 T:fdbd  20 4c 00                           jsr PRBYTE                ;OUTPUT BYTE IN HEX
  157 T:fdc0  20 00 00                           jsr NXTA1
  158 T:fdc3  90 e8                              bcc MODSCHK             ;CHECK IF TIME TO,
  159 T:fdc5  60                       RTS4C     rts                 ;  PRINT ADDR

  161 T:fdc6  4a                       XAMPM     lsr                 ;DETERMINE IF MON
  162 T:fdc7  90 ea                              bcc XAM             ;  MODE IS XAM
  163 T:fdc9  4a                                 lsr                    ;  ADD, OR SUB
  164 T:fdca  4a                                 lsr 
  165 T:fdcb  a5 3e                              lda $3e
  166 T:fdcd  90 02                              bcc ADD
  167 T:fdcf  49 ff                              eor #$ff             ;SUB: FORM 2S COMPLEMENT
  168 T:fdd1  65 3c                    ADD       adc $3c
  169 T:fdd3  48                                 pha 
  170 T:fdd4  a9 bd                              lda #("="|%10000000)
  171 T:fdd6  20 5f 00                           jsr COUT                ;PRINT =, THEN RESULT
  172 T:fdd9  68                                 pla 

  178 T:fdda  48                       PRBYTE    pha                 ;PRINT BYTE AS 2 HEX
  179 T:fddb  4a                                 lsr                    ;  DIGITS, DESTROYS A-REG
  180 T:fddc  4a                                 lsr 
  181 T:fddd  4a                                 lsr 
  182 T:fdde  4a                                 lsr 
  183 T:fddf  20 57 00                           jsr PRHEXZ
  184 T:fde2  68                                 pla 
  185 T:fde3  29 0f                    PRHEX     and #%00001111          ;PRINT HEX DIG IN A-REG
  186 T:fde5  09 b0                    PRHEXZ    ora #("0"|%10000000)  ;  LSB'S
  187 T:fde7  c9 ba                              cmp #("9"|%10000000)+1
  188 T:fde9  90 02                              bcc COUT
  189 T:fdeb  69 06                              adc #$06

  193 T:fded  6c 36 00                 COUT      jmp ($36)         ;VECTOR TO USER OUTPUT ROUTINE
  194 T:fdf0  c9 a0                    COUT1     cmp #(" "|%10000000)
  195 T:fdf2  90 02                              bcc COUTZ                ;DONT OUTPUT CTRLS INVERSE
  196 T:fdf4  25 32                              and $32              ;MASK WITH INVERSE FLAG
  197 T:fdf6  84 35                    COUTZ     sty $35           ;SAV Y-REG
  198 T:fdf8  48                                 pha                    ;SAV A-REG

  200 T:fdf9  20 00 00                           jsr LFB78

  202 T:fdfc  68                                 pla                    ;RESTORE A-REG
  203 T:fdfd  a4 35                              ldy $35              ;  AND Y-REG
  204 T:fdff  60                                 rts                    ;  THEN RETURN

  208 T:fe00  c6 34                    BL1       dec $34
  209 T:fe02  f0 9f                              beq XAM8

  211 T:fe04  ca                       BLANK     dex                 ;BLANK TO MON
  212 T:fe05  d0 16                              bne SETMDZ                ;AFTER BLANK

  214 T:fe07  c9 ba                              cmp #$ba             ;DATA STORE MODE?
  215 T:fe09  d0 bb                              bne XAMPM             ;  NO, XAM, ADD, OR SUB
  216 T:fe0b  85 31                    STOR      sta $31           ;KEEP IN STORE MODE
  217 T:fe0d  a5 3e                              lda $3e
  218 T:fe0f  91 40                              sta ($40),Y          ;STORE AS LOW BYTE AS (A3)
  219 T:fe11  e6 40                              inc $40
  220 T:fe13  d0 02                              bne RTS5                ;INCR A3, RETURN
  221 T:fe15  e6 41                              inc $41
  222 T:fe17  60                       RTS5      rts 

  224 T:fe18  a4 34                    SETMODE   ldy $34           ;SAVE CONVERTED :, +,
  225 T:fe1a  b9 ff 01                           lda $0200-1,Y      ;  -, . AS MODE.
  226 T:fe1d  85 31                    SETMDZ    sta $31
  227 T:fe1f  60                                 rts 

  229 T:fe20  a2 01                    LT        ldx #$01
  230 T:fe22  b5 3e                    LT2       lda $3e,X         ;COPY A2 (2 BYTES) TO
  231 T:fe24  95 42                              sta $42,X            ;  A4 AND A5
  232 T:fe26  95 44                              sta $44,X
  233 T:fe28  ca                                 dex 
  234 T:fe29  10 f7                              bpl LT2
  235 T:fe2b  60                                 rts 

  237 T:fe2c  b1 3c                    MOVE      lda ($3c),Y       ;MOVE (A1 TO A2) TO
  238 T:fe2e  91 42                              sta ($42),Y          ;  (A4)
  239 T:fe30  20 00 00                           jsr NXTA4
  240 T:fe33  90 f7                              bcc MOVE
  241 T:fe35  60                                 rts 

  243 T:fe36  b1 3c                    VFY       lda ($3c),Y       ;VERIFY (A1 TO A2) WITH
  244 T:fe38  d1 42                              cmp ($42),Y          ;  (A4)
  245 T:fe3a  f0 1c                              beq VFYOK
  246 T:fe3c  20 04 00                           jsr PRA1
  247 T:fe3f  b1 3c                              lda ($3c),Y
  248 T:fe41  20 4c 00                           jsr PRBYTE
  249 T:fe44  a9 a0                              lda #(" "|%10000000)
  250 T:fe46  20 5f 00                           jsr COUT
  251 T:fe49  a9 a8                              lda #("("|%10000000)
  252 T:fe4b  20 5f 00                           jsr COUT
  253 T:fe4e  b1 42                              lda ($42),Y
  254 T:fe50  20 4c 00                           jsr PRBYTE
  255 T:fe53  a9 a9                              lda #(")"|%10000000)
  256 T:fe55  20 5f 00                           jsr COUT
  257 T:fe58  20 00 00                 VFYOK     jsr NXTA4
  258 T:fe5b  90 d9                              bcc VFY
  259 T:fe5d  60                                 rts 

  261 T:fe5e  20 e7 00                 LIST1     jsr A1PC             ;MOVE A1 (2 BYTES) TO
  262 T:fe61  a9 14                              lda #24-4       ;  PC IF SPECD AND
  263 T:fe63  48                       LIST2     pha                 ;  DISEMBLE 20 INSTRS
  264 T:fe64  20 00 00                           jsr INSTDSP
  265 T:fe67  20 00 00                           jsr PCADJ                ;ADJUST PC EACH INSTR
  266 T:fe6a  85 3a                              sta $3a
  267 T:fe6c  84 3b                              sty $3b
  268 T:fe6e  68                                 pla 
  269 T:fe6f  38                                 sec 
  270 T:fe70  e9 01                              sbc #1             ;NEXT OF 20 INSTRS
  271 T:fe72  d0 ef                              bne LIST2
  272 T:fe74  60                                 rts 

  274 T:fe75  8a                       A1PC      txa                 ;IF USER SPECD ADR
  275 T:fe76  f0 07                              beq A1PCRTS                ;  COPY FROM A1 TO PC
  276 T:fe78  b5 3c                    A1PCLP    lda $3c,X
  277 T:fe7a  95 3a                              sta $3a,X
  278 T:fe7c  ca                                 dex 
  279 T:fe7d  10 f9                              bpl A1PCLP
  280 T:fe7f  60                       A1PCRTS   rts 

  282 T:fe80  a0 3f                    SETINV    ldy #$3f          ;SET FOR INVERSE VID
  283 T:fe82  d0 02                              bne SETIFLG                ; VIA COUT1
  284 T:fe84  a0 ff                    SETNORM   ldy #$ff          ;SET FOR NORMAL VID
  285 T:fe86  84 32                    SETIFLG   sty $32
  286 T:fe88  60                                 rts 

  288 T:fe89  a9 00                    SETKBD    lda #$00          ;SIMULATE PORT #0 INPUT (IN#0)
  289 T:fe8b  85 3e                    INPORT    sta $3e           ;  SPECIFIED (KEYIN ROUTINE)
  290 T:fe8d  a2 38                    INPRT     ldx #$38
  291 T:fe8f  a0 00                              ldy #<KEYIN
  292 T:fe91  d0 08                              bne IOPRT
  293 T:fe93  a9 00                    SETVID    lda #$00          ;SIMULATE PORT #0 OUTPUT (PR#0)
  294 T:fe95  85 3e                    OUTPORT   sta $3e           ;  SPECIFIED (COUT1 ROUTINE)
  295 T:fe97  a2 36                    OUTPRT    ldx #$36
  296 T:fe99  a0 62                              ldy #<COUT1
  297 T:fe9b  a5 3e                    IOPRT     lda $3e           ;SET RAM IN/OUT VECTORS
  298 T:fe9d  29 0f                              and #%00001111
  299 T:fe9f  f0 06                              beq IOPRT1
  300 T:fea1  09 c0                              ora #>IOADR
  301 T:fea3  a0 00                              ldy #$00
  302 T:fea5  f0 02                              beq IOPRT2
  303 T:fea7  a9 00                    IOPRT1    lda #>COUT1
  304 T:fea9  94 00                    IOPRT2    sty $00,X
  305 T:feab  95 01                              sta $01,X
  306 T:fead  60                                 rts 

  308 T:feae  ea                                 nop 
  309 T:feaf  ea                                 nop 

  311 T:feb0  4c 00 e0                 XBASIC    jmp $e000           ;TO BASIC WITH SCRATCH

  313 T:feb3  4c 03 e0                 BASCONT   jmp $e003           ;CONTINUE BASIC

  315 T:feb6  20 e7 00                 GO        jsr A1PC          ;ADR TO PC IF SPECD
  316 T:feb9  20 b1 01                           jsr RESTORE                ;RESTORE META REGS
  317 T:febc  6c 3a 00                           jmp ($3a)            ;GO TO USER SUBR

  319 T:febf  4c 00 00                 REGZ      jmp REGDSP             ;TO REG DISPLAY

  321 T:fec2                           TRACE     

  323 T:fec2  60                                 rts 
  324 T:fec3  ea                                 nop 
  325 T:fec4  60                                 rts 
  326 T:fec5  ea                       STEPZ     nop 
  327 T:fec6  ea                                 nop 
  328 T:fec7  ea                                 nop 
  329 T:fec8  ea                                 nop 
  330 T:fec9  ea                                 nop 

  333 T:feca  4c f8 03                 USR       jmp $03f8           ;TO USR SUBR AT USRADR

  337 T:fecd  a9 40                    WRITE     lda #$40
  338 T:fecf  20 00 00                           jsr HEADR                ;WRITE 10-SEC HEADER
  339 T:fed2  a0 27                              ldy #$27
  340 T:fed4  a2 00                    WR1       ldx #$00
  341 T:fed6  41 3c                              eor ($3c,X)
  342 T:fed8  48                                 pha 
  343 T:fed9  a1 3c                              lda ($3c,X)
  344 T:fedb  20 5f 01                           jsr WRBYTE
  345 T:fede  20 00 00                           jsr NXTA1
  346 T:fee1  a0 1d                              ldy #$1d
  347 T:fee3  68                                 pla 
  348 T:fee4  90 ee                              bcc WR1
  349 T:fee6  a0 22                              ldy #$22
  350 T:fee8  20 5f 01                           jsr WRBYTE
  351 T:feeb  f0 4d                              beq BELL
  352 T:feed  a2 10                    WRBYTE    ldx #$10
  353 T:feef  0a                       WRBYT2    asl 
  354 T:fef0  20 00 00                           jsr WRBIT
  355 T:fef3  d0 fa                              bne WRBYT2
  356 T:fef5  60                                 rts 

  360 T:fef6  20 72 00                 CRMON     jsr BL1          ;HANDLE A CR AS BLANK
  361 T:fef9  68                                 pla                    ;  THEN POP STACK
  362 T:fefa  68                                 pla                    ;  AND RTN TO MON
  363 T:fefb  d0 6c                              bne MONZ

  370 T:fefd  20 00 00                 READ      jsr RD2BIT             ;FIND TAPEIN EDGE
  371 T:ff00  a9 16                              lda #$16
  372 T:ff02  20 00 00                           jsr HEADR                ;DELAY 3.5 SECONDS
  373 T:ff05  85 2e                              sta MON_MASK              ;INIT CHKSUM=$FF
  374 T:ff07  20 00 00                           jsr RD2BIT                ;FIND TAPEIN EDGE
  375 T:ff0a  a0 24                    RD2       ldy #$24          ;LOOK FOR SYNC BIT
  376 T:ff0c  20 00 00                           jsr RDBIT                ;  (SHORT 0)
  377 T:ff0f  b0 f9                              bcs RD2             ;  LOOP UNTIL FOUND
  378 T:ff11  20 00 00                           jsr RDBIT                ;SKIP SECOND SYNC H-CYCLE
  379 T:ff14  a0 3b                              ldy #$3b             ;INDEX FOR 0/1 TEST
  380 T:ff16  20 00 00                 RD3       jsr RDBYTE             ;READ A BYTE
  381 T:ff19  81 3c                              sta ($3c,X)          ;STORE AT (A1)
  382 T:ff1b  45 2e                              eor MON_MASK
  383 T:ff1d  85 2e                              sta MON_MASK              ;UPDATE RUNNING CHKSUM
  384 T:ff1f  20 00 00                           jsr NXTA1                ;INC A1, COMPARE TO A2
  385 T:ff22  a0 35                              ldy #$35             ;COMPENSATE 0/1 INDEX
  386 T:ff24  90 f0                              bcc RD3             ;LOOP UNTIL DONE
  387 T:ff26  20 00 00                           jsr RDBYTE                ;READ CHKSUM BYTE
  388 T:ff29  c5 2e                              cmp MON_MASK
  389 T:ff2b  f0 0d                              beq BELL                ;GOOD, SOUND BELL AND RETURN
  390 T:ff2d  a9 c5                    PRERR     lda #("E"|%10000000)
  391 T:ff2f  20 5f 00                           jsr COUT             ;PRINT "ERR", THEN BELL
  392 T:ff32  a9 d2                              lda #("R"|%10000000)
  393 T:ff34  20 5f 00                           jsr COUT
  394 T:ff37  20 5f 00                           jsr COUT

  396 T:ff3a  a9 87                    BELL      lda #$87          ;OUTPUT BELL AND RETURN
  397 T:ff3c  4c 5f 00                           jmp COUT

  406 T:ff3f  a5 48                    RESTORE   lda $48           ;RESTORE 6502 REG CONTENTS
  407 T:ff41  48                                 pha                    ;  USED BY DEBUG SOFTWARE
  408 T:ff42  a5 45                              lda $45
  409 T:ff44  a6 46                    RESTR1    ldx $46
  410 T:ff46  a4 47                              ldy $47
  411 T:ff48  28                                 plp 
  412 T:ff49  60                                 rts 
  413 T:ff4a  85 45                    SAVE      sta $45           ;SAVE 6502 REG CONTENTS
  414 T:ff4c  86 46                    SAV1      stx $46
  415 T:ff4e  84 47                              sty $47
  416 T:ff50  08                                 php 
  417 T:ff51  68                                 pla 
  418 T:ff52  85 48                              sta $48
  419 T:ff54  ba                                 tsx 
  420 T:ff55  86 49                              stx $49
  421 T:ff57  d8                                 cld 
  422 T:ff58  60                                 rts 

  426 T:ff59  20 f6 00                 RESET     jsr SETNORM          ;NORMAL
  427 T:ff5c  20 00 00                           jsr INIT                ;
  428 T:ff5f  20 05 01                           jsr SETVID             ;PR#0
  429 T:ff62  20 fb 00                           jsr SETKBD             ;IN#0
  430 T:ff65  d8                       MON       cld                 ;MUST SET HEX MODE!
  431 T:ff66  20 ac 01                           jsr BELL
  432 T:ff69  a9 aa                    MONZ      lda #$aa          ;* PROMPT FOR MON
  433 T:ff6b  85 33                              sta $33
  434 T:ff6d  20 00 00                           jsr GETLNZ                ;READ A LINE
  435 T:ff70  20 39 02                           jsr ZMODE                ;CLEAR MON MODE, SCAN IDX
  436 T:ff73  20 19 02                 NXTITM    jsr GETNUM             ;GET ITEM, NON-HEX
  437 T:ff76  84 34                              sty $34              ;  CHAR IN A-REG
  438 T:ff78  a0 17                              ldy #$17             ;  X-REG=0 IF NO HEX INPUT
  439 T:ff7a  88                       CHRSRCH   dey 
  440 T:ff7b  30 e8                              bmi MON             ;NOT FOUND, GO TO MON
  441 T:ff7d  d9 3e 02                           cmp CHRTBL,Y              ;FIND CMND CHAR IN TEL
  442 T:ff80  d0 f8                              bne CHRSRCH
  443 T:ff82  20 30 02                           jsr TOSUB                ;FOUND, CALL CORRESPONDING
  444 T:ff85  a4 34                              ldy $34              ;  SUBROUTINE
  445 T:ff87  4c e5 01                           jmp NXTITM

  449 T:ff8a  a2 03                    DIG       ldx #$03
  450 T:ff8c  0a                                 asl 
  451 T:ff8d  0a                                 asl                    ;GOT HEX DIG,
  452 T:ff8e  0a                                 asl                    ;  SHIFT INTO A2
  453 T:ff8f  0a                                 asl 
  454 T:ff90  0a                       NXTBIT    asl 
  455 T:ff91  26 3e                              rol $3e
  456 T:ff93  26 3f                              rol $3f
  457 T:ff95  ca                                 dex                    ;LEAVE X=$FF IF DIG
  458 T:ff96  10 f8                              bpl NXTBIT
  459 T:ff98  a5 31                    NXTBAS    lda $31
  460 T:ff9a  d0 06                              bne NXTBS2                ;IF MODE IS ZERO
  461 T:ff9c  b5 3f                              lda $3f,X            ; THEN COPY A2 TO
  462 T:ff9e  95 3d                              sta $3d,X            ; A1 AND A3
  463 T:ffa0  95 41                              sta $41,X
  464 T:ffa2  e8                       NXTBS2    inx 
  465 T:ffa3  f0 f3                              beq NXTBAS
  466 T:ffa5  d0 06                              bne NXTCHR

  468 T:ffa7  a2 00                    GETNUM    ldx #$00          ;CLEAR A2
  469 T:ffa9  86 3e                              stx $3e
  470 T:ffab  86 3f                              stx $3f
  471 T:ffad  b9 00 02                 NXTCHR    lda $0200,Y         ;GET CHAR
  472 T:ffb0  c8                                 iny 
  473 T:ffb1  49 b0                              eor #$b0
  474 T:ffb3  c9 0a                              cmp #$0a
  475 T:ffb5  90 d3                              bcc DIG             ;IF HEX DIG, THEN
  476 T:ffb7  69 88                              adc #$88
  477 T:ffb9  c9 fa                              cmp #$fa
  478 T:ffbb  b0 cd                              bcs DIG
  479 T:ffbd  60                                 rts 

  482 T:ffbe  a9 01                    TOSUB     lda #>GO        ;PUSH HIGH-ORDER
  483 T:ffc0  48                                 pha                    ;  SUBR ADR ON STK
  484 T:ffc1  b9 55 02                           lda SUBTBL,Y              ;PUSH LOW-ORDER
  485 T:ffc4  48                                 pha                    ;  SUBR ADR ON STK
  486 T:ffc5  a5 31                              lda $31
  487 T:ffc7  a0 00                    ZMODE     ldy #$00          ;CLR MODE, OLD MODE
  488 T:ffc9  84 31                              sty $31              ;  TO A-REG
  489 T:ffcb  60                                 rts                    ; GO TO SUBR VIA RTS

  492 T:ffcc                                    ;DEFINE F(CHR) <(CHR^$B0+$89)

  495 T:ffcc  bc                       CHRTBL    .byt <((CTRL_C^$b0)+$89)
  496 T:ffcd  b2                                 .byt <((CTRL_Y^$b0)+$89)
  497 T:ffce  be                                 .byt <((CTRL_E^$b0)+$89)

  500 T:ffcf  b2                                 .byt <((CTRL_Y^$b0)+$89)

  503 T:ffd0  ef                                 .byt <((("V"|%10000000)^$b0)+$89)
  504 T:ffd1  c4                                 .byt <((CTRL_K^$b0)+$89)

  507 T:ffd2  b2                                 .byt <((CTRL_Y^$b0)+$89)

  510 T:ffd3  a9                                 .byt <((CTRL_P^$b0)+$89)
  511 T:ffd4  bb                                 .byt <((CTRL_B^$b0)+$89)
  512 T:ffd5  a6                                 .byt <((("-"|%10000000)^$b0)+$89)
  513 T:ffd6  a4                                 .byt <((("+"|%10000000)^$b0)+$89)
  514 T:ffd7  06                                 .byt <((("M"|%10000000)^$b0)+$89)
  515 T:ffd8  95                                 .byt <((("<"|%10000000)^$b0)+$89)
  516 T:ffd9  07                                 .byt <((("N"|%10000000)^$b0)+$89)
  517 T:ffda  02                                 .byt <((("I"|%10000000)^$b0)+$89)
  518 T:ffdb  05                                 .byt <((("L"|%10000000)^$b0)+$89)
  519 T:ffdc  f0                                 .byt <((("W"|%10000000)^$b0)+$89)
  520 T:ffdd  00                                 .byt <((("G"|%10000000)^$b0)+$89)
  521 T:ffde  eb                                 .byt <((("R"|%10000000)^$b0)+$89)
  522 T:ffdf  93                                 .byt <(((":"|%10000000)^$b0)+$89)
  523 T:ffe0  a7                                 .byt <((("."|%10000000)^$b0)+$89)
  524 T:ffe1  c6                                 .byt <(($8d^$b0)+$89)
  525 T:ffe2  99                                 .byt <(((" "|%10000000)^$b0)+$89)

  527 T:ffe3  24                       SUBTBL    .byt <BASCONT-1
  528 T:ffe4  3b                                 .byt <USR-1
  529 T:ffe5  30                                 .byt <REGZ-1
  530 T:ffe6  33                                 .byt <TRACE-1
  531 T:ffe7  a7                                 .byt <VFY-1
  532 T:ffe8  fe                                 .byt <INPRT-1
  533 T:ffe9  36                                 .byt <STEPZ-1
  534 T:ffea  08                                 .byt <OUTPRT-1
  535 T:ffeb  21                                 .byt <XBASIC-1
  536 T:ffec  89                                 .byt <SETMODE-1
  537 T:ffed  89                                 .byt <SETMODE-1
  538 T:ffee  9d                                 .byt <MOVE-1
  539 T:ffef  91                                 .byt <LT-1
  540 T:fff0  f5                                 .byt <SETNORM-1
  541 T:fff1  f1                                 .byt <SETINV-1
  542 T:fff2  cf                                 .byt <LIST1-1
  543 T:fff3  3e                                 .byt <WRITE-1
  544 T:fff4  27                                 .byt <GO-1
  545 T:fff5  6e                                 .byt <READ-1
  546 T:fff6  89                                 .byt <SETMODE-1
  547 T:fff7  89                                 .byt <SETMODE-1
  548 T:fff8  67                                 .byt <CRMON-1
  549 T:fff9  75                                 .byt <BLANK-1

; ----------------------------------------------------
;  Module: Autostart-Monitor :: vectors
;  Base : $FFFA    Size: $0006    End : $10000
; ----------------------------------------------------

vectors.s65


  110 T:fffa  fb 03                    M6502VEC  .word $03fb           ;NMI VECTOR

  112 T:fffc  00 00                              .word RESET2                ;RESET VECTOR

  114 T:fffe  00 00                              .word IRQ                ;IRQ VECTOR
